# https://github.com/mikedh/trimesh
v 0.15000000 0.04951687 -0.04399722
v 0.15218965 0.03685862 -0.05270827
v 0.15150000 -0.00374989 -0.05599956
v 0.15078571 -0.03773421 -0.05226792
v 0.15000000 0.01500011 -0.03599956
v 0.15150000 -0.01932489 -0.05599956
v 0.15000000 -0.01499989 -0.02408936
v 0.15000000 -0.00211826 -0.04213318
v 0.15000000 -0.05406389 -0.03046391
v 0.15000000 0.07754439 -0.03007190
v 0.15000000 0.01309664 -0.00629226
v 0.15000000 -0.00149766 -0.01106107
v 0.15080147 -0.02250430 -0.01222789
v 0.15000000 0.03518945 0.01097620
v 0.15000000 0.00003325 0.00257232
v 0.15057519 -0.01522977 0.00064405
v 0.15000000 0.01500011 0.01200044
v 0.15000000 -0.02124498 0.01224312
v 0.15000000 -0.03578538 0.00897035
v 0.15000000 0.00830140 0.02042800
v 0.15000000 -0.00140641 0.02554006
v 0.15000000 -0.01499989 0.02400045
v 0.15202817 -0.02247826 0.03219680
v 0.15000000 -0.00611843 0.03789528
v 0.15000000 0.01296398 0.03592694
v 0.15000000 0.01583710 0.03455650
v 0.15214876 0.00058315 0.04941504
v 0.15053425 -0.04771655 0.01915567
v 0.15000000 0.04816456 0.01186000
v 0.15262791 0.08573798 0.00012403
v 0.15080357 0.04960936 -0.00968734
v 0.15000000 0.05419841 -0.02702581
v 0.15000000 0.08919335 -0.00287477
v 0.15000000 0.03867536 0.02900060
v 0.15154369 0.03075120 0.04978833
v 0.15000000 0.02709578 0.04346444
v 0.15000000 0.00418018 -0.02415982
v 0.15000000 0.03247711 -0.01785007
v 0.15000000 -0.04282032 -0.03595648
v 0.15174912 -0.03331102 -0.04389621
v 0.15000000 -0.01860953 -0.03557704
v 0.15000000 0.01946686 -0.02854049
v 0.15000000 0.05038869 0.03073709
v 0.15000000 0.07720735 -0.03413687
v 0.15027650 -0.04348025 -0.01171877
v 0.15000000 -0.05862412 -0.05122547
v 0.15039394 -0.07856327 -0.03625846
v 0.15101299 -0.09945008 -0.02504981
v 0.15000000 -0.10470627 0.00176650
v 0.15000000 -0.08901560 -0.00883644
v 0.15095454 -0.08734077 -0.00768649
v 0.15000000 -0.08867036 0.00813429
v 0.15023622 -0.10920679 -0.00059133
v 0.15271875 -0.10517121 0.00262838
v 0.15258536 -0.06747150 -0.00062920
v 0.15103704 -0.09796685 0.02753975
v 0.15000000 -0.09691048 0.02465955
v 0.15028125 -0.08635121 0.01893651
v 0.15000000 -0.05725597 0.04988987
v 0.15120000 0.07671321 0.03898017
v 0.15000000 0.07394452 0.03107157
v 0.15000000 0.09480774 0.02303536
v 0.15000000 0.10648301 -0.01480028
v 0.15000000 0.09957074 -0.02283627
v 0.15000000 0.07643747 -0.03701990
v 0.15000000 0.05865386 -0.04889387
v 0.15000000 -0.03606777 0.05140745
v 0.15000000 0.03348343 -0.04442581
v 0.15000000 -0.04738106 0.03377101
v 0.15048947 0.05804256 0.05093379
v 0.15214865 0.03772037 0.05239367
v 0.15150000 -0.01932489 0.05600044
v 0.15300000 0.01679984 0.03616531
v 0.15300000 -0.00749989 0.03600044
v 0.15300000 0.08768224 0.03567045
v 0.15300000 0.00000011 0.02400044
v 0.15147287 -0.07743915 0.03285446
v 0.15300000 0.04449314 0.03068051
v 0.15300000 0.01500011 0.02400044
v 0.15300000 -0.01499989 0.02400045
v 0.15300000 0.10801462 0.00330572
v 0.15300000 0.03058053 0.01204450
v 0.15300000 0.00884743 0.01376459
v 0.15300000 -0.01349550 -0.00137393
v 0.15300000 -0.00189520 0.01217195
v 0.15300000 -0.01425775 0.01368380
v 0.15300000 -0.02078802 0.01130688
v 0.15300000 -0.03522687 0.01306124
v 0.15300000 0.01475821 0.00190502
v 0.15300000 0.00000011 0.00000044
v 0.15300000 -0.01640113 -0.00098595
v 0.15300000 -0.04225488 0.01025829
v 0.15300000 0.03461416 -0.01421004
v 0.15300000 0.01438548 -0.00642606
v 0.15300000 0.01621999 -0.01354564
v 0.15300000 0.00757683 -0.02363895
v 0.15300000 0.00000011 -0.01199956
v 0.15300000 -0.01499989 -0.01199955
v 0.15300000 -0.03649573 -0.01219167
v 0.15300000 -0.05683948 -0.02783116
v 0.15230502 0.10743892 -0.00030979
v 0.15300000 0.09293073 -0.01950257
v 0.15300000 0.02982919 -0.02764629
v 0.15300000 -0.05271817 -0.03416465
v 0.15300000 0.05445231 -0.03547177
v 0.15300000 0.07790017 -0.03553910
v 0.15300000 0.00008290 -0.02578744
v 0.15300000 0.00150388 -0.03493978
v 0.15300000 -0.00160975 -0.03713395
v 0.15300000 -0.01499989 -0.03599955
v 0.15300000 0.01660839 -0.03567709
v 0.15300000 -0.04279036 -0.03547562
v 0.15300000 0.00000010 -0.04849956
v 0.15300000 0.04866492 0.01054348
v 0.15068852 -0.02812402 0.04502651
v 0.15300000 -0.03230784 0.05186256
v 0.15134210 -0.02735332 -0.02876594
v 0.15300000 -0.02186504 -0.03703511
v 0.15300000 0.05161682 0.03247280
v 0.15300000 0.03613150 -0.01193514
v 0.15300000 0.03798951 -0.01423811
v 0.15300000 0.03597058 -0.01584585
v 0.15300000 -0.05141391 0.02934354
v 0.15300000 -0.05156300 0.03244405
v 0.15300000 -0.04852330 0.03008286
v 0.15300000 -0.08731375 0.01800044
v 0.15300000 -0.09701481 0.02471908
v 0.15160000 -0.09080746 0.01333504
v 0.15300000 -0.10533044 0.00279052
v 0.15300000 -0.08776386 0.01759143
v 0.15300000 -0.08910081 -0.00892455
v 0.15147739 -0.10932258 0.00388345
v 0.15300000 -0.08901560 -0.00883644
v 0.15300000 -0.10500734 0.00236550
v 0.15300000 -0.10718230 -0.00081706
v 0.15091549 -0.09385833 -0.01814500
v 0.15300000 -0.09895726 -0.02211310
v 0.15300000 -0.07797239 -0.03070362
v 0.15300000 -0.06722664 -0.05505158
v 0.15300000 -0.06596608 -0.04137608
v 0.15300000 -0.05538260 -0.04921258
v 0.15190196 0.05946314 -0.05368256
v 0.15098361 0.08553710 -0.03750715
v 0.15300000 0.09951416 -0.02464406
v 0.15071186 0.10872001 0.00988723
v 0.15300000 0.09369051 0.02058016
v 0.15300000 0.09616749 0.02696019
v 0.15083908 0.10496922 0.00850843
v 0.15300000 0.07244273 0.03173492
v 0.15300000 0.06722689 0.05505246
v 0.15300000 0.05666727 0.04684642
v 0.15300000 -0.05912662 0.05299756
v 0.15271257 -0.05537811 0.04975634
v 0.15103846 -0.07103519 0.04351303
v 0.15300000 -0.07511060 0.03827463
v 0.15068702 0.04084931 -0.03193546
v 0.15300000 0.05285915 -0.02677896
v 0.15126715 0.05580086 -0.03124893
v 0.15300000 0.05064086 -0.04157206
v 0.15198245 0.03205101 -0.04789541
v 0.15300000 0.01614708 -0.02570790
v 0.15300000 -0.00812087 -0.02283320
v 0.15300000 -0.01642364 -0.02548567
v 0.15300000 -0.03304971 -0.05195611
v 0.15300000 0.03468745 0.04504504
v 0.15120755 -0.03721904 0.04313817
v 0.15300000 -0.03819896 0.04813284
v 0.15300000 -0.03582928 0.04552145
v 0.15300000 -0.03856384 0.02923510
v 0.12921177 -0.06253844 -0.05527300
v 0.14830561 -0.06353353 -0.05561584
v 0.14427101 -0.05062382 -0.05577556
v 0.12972843 -0.04699997 -0.05599956
v 0.14500014 -0.03749992 -0.05599956
v 0.13569596 -0.03243697 -0.05599956
v 0.15000011 -0.03071865 -0.05599956
v 0.12809479 -0.02418070 -0.05599956
v 0.12500000 0.00036824 -0.05298006
v 0.12863704 -0.01403149 -0.05599956
v 0.14750285 -0.00745818 -0.05599956
v 0.12806557 0.01407586 -0.05556513
v 0.13471593 -0.00023095 -0.05599956
v 0.13104393 0.02196470 -0.05508392
v 0.14216454 0.03015185 -0.05599956
v 0.13367284 0.03314064 -0.05599956
v 0.13727725 0.01771315 -0.05599956
v 0.14777016 0.04105102 -0.05389576
v 0.14499983 0.04700008 -0.05599956
v 0.12666691 0.03766544 -0.05599956
v 0.13057477 0.04518590 -0.05599956
v 0.13086588 0.05382497 -0.05599956
v 0.12987007 0.06268525 -0.05512135
v 0.13200823 -0.02268177 -0.05449956
v 0.12987729 -0.02079077 -0.05449956
v 0.12938311 -0.03574357 -0.05487820
v 0.14500014 -0.03749992 -0.05449956
v 0.13749989 0.03000005 -0.05449956
v 0.13932495 0.01523201 -0.05449956
v 0.13714762 -0.01550007 -0.05486748
v 0.13947786 -0.02796255 -0.05449956
v 0.14472467 0.05135606 -0.05449956
v 0.14631813 0.06347092 -0.05547879
v 0.12987796 0.04313333 -0.05449956
v 0.12864607 -0.04156033 -0.05500508
v 0.14756092 -0.04565343 -0.05449956
v 0.14573657 0.02195949 -0.05506328
v 0.12946787 0.03609124 -0.05449956
v 0.14229137 -0.01001965 -0.05561584
v 0.12824002 -0.00547250 -0.05388535
v 0.13041689 0.00753020 -0.05449956
v 0.14849984 0.04400010 -0.05449956
v 0.12837160 0.04873756 -0.05449956
v 0.14592592 -0.00569816 -0.05449956
v 0.14170090 0.00420633 -0.05512647
v 0.12725646 -0.02322902 -0.05449956
v 0.14636535 -0.02205211 -0.05535024
v 0.14500023 -0.06199992 -0.05449956
v 0.12996210 -0.04857064 -0.05449956
v 0.12499979 0.05743957 -0.04667347
v 0.14772889 0.06387281 -0.04221110
v 0.14999979 0.05699260 -0.04369835
v 0.14999978 0.05833089 -0.04971573
v 0.14999987 0.03450010 -0.04569380
v 0.14952686 0.01820745 -0.04573370
v 0.15000013 -0.03449990 -0.04569380
v 0.15000020 -0.05575133 -0.04977138
v 0.15000021 -0.05829229 -0.04510748
v 0.14789724 -0.05823595 -0.04383440
v 0.14850021 -0.05801371 -0.05033105
v 0.14850013 -0.03449990 -0.04849956
v 0.14813676 -0.03671141 -0.04249956
v 0.14850006 -0.01798151 -0.05050658
v 0.14977666 -0.01897094 -0.04835957
v 0.14850000 0.00040823 -0.04610344
v 0.14797311 0.00340343 -0.05325536
v 0.14849993 0.01909519 -0.05037688
v 0.14849987 0.03463398 -0.04647542
v 0.14820756 0.05367608 -0.04517648
v 0.12649980 0.05520623 -0.04936906
v 0.12870457 0.05930473 -0.04368744
v 0.12649978 0.05864417 -0.04866243
v 0.12649979 0.05816509 -0.04982272
v 0.12649990 0.02818751 -0.05449956
v 0.12649993 0.01850001 -0.04692329
v 0.12649999 0.00182742 -0.04540396
v 0.12634918 -0.01851176 -0.04670842
v 0.12782046 -0.03986985 -0.04326239
v 0.12650013 -0.03617076 -0.04834631
v 0.12650013 -0.03435041 -0.05056704
v 0.12650021 -0.05848783 -0.04967341
v 0.12650020 -0.05575142 -0.04977138
v 0.12500017 -0.04618749 -0.04099956
v 0.12556612 -0.05687651 -0.04634017
v 0.12500006 -0.01749598 -0.04948567
v 0.12500007 -0.02010143 -0.04792875
v 0.12500013 -0.03449999 -0.04626165
v 0.12499993 0.01837022 -0.05029768
v 0.12500000 -0.00062525 -0.04384918
v 0.12499993 0.01972293 -0.04284691
v 0.12499994 0.01670622 -0.04763006
v 0.12499987 0.03621216 -0.04763095
v 0.12537929 0.03384751 -0.05138160
v 0.14499977 0.06200008 -0.04099956
v 0.13033159 0.06449214 -0.04177375
v 0.12970656 0.05998379 -0.04099956
v 0.14542088 0.04700008 -0.04099956
v 0.12959024 0.04871479 -0.04099956
v 0.13023024 0.04603659 -0.04099956
v 0.14499986 0.03750008 -0.04099956
v 0.12695709 0.03834561 -0.04099956
v 0.13781958 0.02824670 -0.04099956
v 0.13109819 0.03061075 -0.04099956
v 0.13730312 0.03107777 -0.04099956
v 0.14679804 0.02262988 -0.04099956
v 0.14455929 0.02434330 -0.04099956
v 0.12970671 0.02048378 -0.04099956
v 0.13557028 0.01419049 -0.04099956
v 0.14159838 0.01834659 -0.04099956
v 0.15000000 0.00000010 -0.04454576
v 0.14499997 0.00750008 -0.04099956
v 0.13453191 -0.00147714 -0.04099956
v 0.12999997 0.00750003 -0.04099956
v 0.14320026 -0.00544225 -0.04099956
v 0.13040726 -0.01475064 -0.04099956
v 0.14222199 -0.01906748 -0.04121654
v 0.13410326 -0.02755927 -0.04099956
v 0.14704048 -0.03724066 -0.04099956
v 0.14461191 -0.03586766 -0.04099956
v 0.13000014 -0.03749997 -0.04099956
v 0.14449348 -0.04438232 -0.04099956
v 0.14563358 -0.06404459 -0.04195902
v 0.14500023 -0.06199992 -0.04099956
v 0.12912050 -0.05188255 -0.04099956
v 0.12807670 -0.06525950 -0.04146623
v 0.13562518 -0.04837495 -0.04249956
v 0.13000023 -0.06199997 -0.04249956
v 0.14541131 -0.04501544 -0.04249956
v 0.13065010 -0.04872103 -0.04249956
v 0.14198006 -0.03335191 -0.04249956
v 0.13048020 -0.03549256 -0.04249956
v 0.13637601 -0.02846436 -0.04249956
v 0.13065001 -0.02422103 -0.04249956
v 0.14353267 -0.02105878 -0.04249956
v 0.14449271 -0.02420843 -0.04249956
v 0.14794904 -0.02074726 -0.04354529
v 0.13025836 -0.01477157 -0.04249956
v 0.13923431 -0.00256412 -0.04249956
v 0.14680327 -0.00645886 -0.04249956
v 0.13637596 -0.01346436 -0.04249956
v 0.13037396 -0.00545164 -0.04249956
v 0.14757760 0.01210669 -0.04348787
v 0.14418909 0.00556723 -0.04249956
v 0.14065335 0.01134875 -0.04249956
v 0.12866648 0.00614231 -0.04249956
v 0.13139671 0.00892229 -0.04249956
v 0.13573550 0.01610560 -0.04249956
v 0.13749991 0.02437505 -0.04249956
v 0.12973928 0.02250003 -0.04249956
v 0.14432488 0.02622933 -0.04249956
v 0.13552213 0.03203744 -0.04249956
v 0.14457470 0.03884161 -0.04249956
v 0.12703738 0.03546938 -0.04435047
v 0.14321864 0.04597170 -0.04249956
v 0.12999983 0.04700003 -0.04249956
v 0.14319380 0.06095741 -0.04249956
v 0.12739159 0.06327515 -0.04162614
v -0.12999977 -0.05211620 -0.04099956
v -0.11664560 -0.06699992 -0.03979468
v -0.09732138 -0.06364025 -0.04099956
v -0.08412804 -0.06173298 -0.04099956
v -0.09714507 -0.06361134 -0.04099956
v -0.08254279 -0.06554282 -0.04099956
v -0.08406033 -0.06145733 -0.04099956
v -0.09585220 -0.06191059 -0.04099956
v -0.08395757 -0.06122704 -0.04099956
v -0.07110146 -0.05833158 -0.04099956
v -0.09590374 -0.06131784 -0.03970410
v -0.09611270 -0.06308810 -0.04042264
v -0.08297878 -0.04381825 -0.03989862
v -0.06045320 -0.04432471 -0.04099956
v -0.02999978 -0.06532492 -0.04099956
v -0.03754527 -0.05447376 -0.04053886
v -0.02232138 -0.06364025 -0.04099956
v -0.00912804 -0.06173298 -0.04099956
v -0.02214507 -0.06361134 -0.04099956
v -0.00906039 -0.06145747 -0.04099956
v -0.02362181 -0.06111216 -0.04083619
v -0.02084877 -0.06280490 -0.04045148
v -0.00767297 -0.06008787 -0.04099956
v 0.00750023 -0.06199992 -0.04099956
v 0.01822279 -0.05024562 -0.04099956
v 0.03750023 -0.06199992 -0.04099956
v 0.03385179 -0.04387492 -0.03924313
v 0.05285213 -0.06336250 -0.04099956
v 0.05962115 -0.05731762 -0.04011402
v 0.05195223 -0.04511110 -0.04047967
v 0.08440302 -0.05563124 -0.04099956
v 0.08330483 -0.04443462 -0.04048393
v 0.10500023 -0.04427146 -0.03958722
v 0.11370656 -0.06481399 -0.03979187
v 0.12863053 -0.04531114 -0.04041711
v 0.15000023 -0.06699992 -0.04099956
v 0.14560943 -0.06314074 -0.04084304
v 0.12847524 -0.05546622 -0.04099956
v 0.12899636 -0.06381350 -0.04099956
v -0.05208689 -0.05650789 -0.04007795
v -0.04273694 -0.04407060 -0.03424956
v -0.08280518 -0.06207880 -0.03965913
v -0.06134928 -0.04494737 -0.03854320
v -0.06749977 -0.06199992 -0.03949956
v -0.08215190 -0.04893658 -0.04049039
v -0.08414735 -0.04708925 -0.03949956
v -0.00715190 -0.04893658 -0.04070117
v 0.05414438 -0.06216275 -0.03949956
v 0.02701405 -0.06052760 -0.03978334
v -0.14040421 -0.06282500 -0.03999847
v 0.13173194 -0.04686169 -0.04020364
v 0.01093930 -0.04960788 -0.03911569
v 0.14341037 -0.06244134 -0.03949956
v 0.14337196 -0.06226686 -0.03949956
v 0.14509647 -0.05990411 -0.04011494
v 0.14464892 -0.04898408 -0.04035250
v 0.12769610 -0.05568896 -0.03949956
v 0.13171829 -0.06159325 -0.04016302
v 0.13145802 -0.06277279 -0.03949956
v 0.13136591 -0.06292588 -0.03949956
v 0.13096906 -0.06342586 -0.03961798
v -0.02275343 -0.04482624 -0.04012764
v -0.01867921 -0.05009687 -0.04029712
v -0.02264356 -0.06001169 -0.03949956
v -0.10889894 -0.05936404 -0.04027698
v -0.09870919 -0.06357310 -0.04015490
v 0.06793517 -0.04881953 -0.03949956
v 0.06786974 -0.06314538 -0.04062715
v 0.06596742 -0.06261065 -0.03949956
v 0.05414781 -0.04708925 -0.03949956
v 0.11015704 -0.05352663 -0.03949956
v 0.08063457 -0.04662449 -0.03949956
v 0.08305033 -0.04856206 -0.03949956
v 0.14684996 -0.06438508 -0.03949956
v 0.14575852 -0.04555935 -0.04019035
v 0.09765868 -0.06266251 -0.04039508
v 0.08077314 -0.06430401 -0.04033901
v 0.08390458 -0.06046262 -0.03949956
v 0.05063350 -0.06456108 -0.03916858
v -0.00069478 -0.06503691 -0.03926094
v -0.00753741 -0.05991807 -0.03949956
v -0.02313304 -0.06399802 -0.03949956
v -0.00075342 -0.04422717 -0.03963340
v -0.07499977 -0.06457492 -0.03949956
v -0.07499977 -0.05449992 -0.03949956
v -0.10911068 -0.06500637 -0.03844345
v -0.11249977 -0.04680970 -0.03949956
v -0.14052846 -0.04615036 -0.03972078
v 0.15000023 -0.06494992 -0.02674956
v 0.13835265 -0.06699992 -0.03358889
v 0.13835265 -0.06699992 -0.03341023
v 0.11914781 -0.06699992 -0.03341023
v 0.11912849 -0.06699992 -0.03323262
v 0.11914781 -0.06699992 -0.03358889
v 0.13841037 -0.06699992 -0.03394098
v 0.13837196 -0.06699992 -0.03376650
v 0.11904788 -0.06646420 -0.03288292
v 0.13837196 -0.06624992 -0.03323262
v 0.13841037 -0.06699992 -0.03305814
v 0.14122054 -0.06629584 -0.03510897
v 0.10452479 -0.06632518 -0.03408476
v 0.05810184 -0.06668142 -0.03440002
v 0.06171357 -0.06699992 -0.03188615
v 0.08250022 -0.06699992 -0.03182545
v 0.04533791 -0.06699992 -0.02842367
v 0.00124962 -0.06699992 -0.03879574
v 0.02439163 -0.06675249 -0.03342973
v 0.00003912 -0.06612658 -0.03300423
v -0.04068752 -0.06640727 -0.03964777
v -0.03853039 -0.06522032 -0.02599956
v -0.01669700 -0.06659992 -0.03368445
v -0.02875356 -0.06654073 -0.03174523
v -0.01395872 -0.06699992 -0.03169631
v -0.06749977 -0.06591513 -0.02984912
v -0.09749978 -0.06699992 -0.03301569
v -0.11890368 -0.06699992 -0.03473616
v -0.13999977 -0.06699992 -0.03333102
v -0.11749978 -0.06549992 -0.03391009
v -0.10439271 -0.06549992 -0.03087606
v -0.08999977 -0.06549992 -0.03349956
v -0.07518392 -0.06549992 -0.03756617
v -0.04124693 -0.06524364 -0.03459111
v -0.01528888 -0.06549992 -0.03119173
v -0.01441904 -0.06587492 -0.03564952
v -0.02980608 -0.06549992 -0.03115007
v 0.02836114 -0.06549992 -0.03132520
v 0.04527570 -0.06600373 -0.03154194
v 0.06750022 -0.06549992 -0.02749956
v 0.06749609 -0.06549992 -0.03527051
v 0.04381831 -0.06666658 -0.03910502
v 0.07620534 -0.06549992 -0.03179035
v 0.09000023 -0.06549992 -0.03568934
v 0.10580173 -0.06549992 -0.02872466
v 0.11911247 -0.06639181 -0.03396121
v 0.13844282 -0.06598640 -0.03422649
v 0.11613579 -0.06549992 -0.03504826
v 0.11752715 -0.06658841 -0.03116831
v 0.14097779 -0.06618563 -0.03124468
v 0.11092660 -0.04352617 -0.02836480
v 0.13845969 -0.04322719 -0.03424365
v 0.10084012 -0.04473065 -0.03497161
v 0.08000022 -0.04294071 -0.03164928
v 0.06637274 -0.04518676 -0.03984914
v 0.04421404 -0.04349992 -0.03765004
v 0.03367465 -0.04414654 -0.03466845
v 0.00164387 -0.04349992 -0.03281043
v -0.03093345 -0.04349992 -0.03534032
v -0.02651982 -0.04383321 -0.02902345
v -0.02835101 -0.04307135 -0.03376731
v -0.01496650 -0.04349992 -0.03533895
v -0.07344277 -0.04511214 -0.02977904
v -0.08510466 -0.04216063 -0.03190327
v -0.08929768 -0.04433700 -0.02973375
v -0.09751083 -0.04493812 -0.04025180
v -0.10874977 -0.04474277 -0.02963017
v -0.13946375 -0.04262026 -0.03166234
v -0.11356891 -0.04495910 -0.04038518
v -0.11896200 -0.04264133 -0.03133090
v -0.10874977 -0.04377543 -0.02813890
v -0.06517608 -0.04199992 -0.03206713
v -0.03679224 -0.04199992 -0.03690590
v -0.01500987 -0.04246189 -0.03243726
v -0.02961111 -0.04199992 -0.02852056
v 0.00004468 -0.04241884 -0.03059124
v 0.01500022 -0.04199992 -0.03299620
v 0.06119132 -0.04199992 -0.03512652
v 0.05934875 -0.04291229 -0.03135642
v 0.04653758 -0.04334595 -0.02955824
v 0.08801933 -0.04199992 -0.02970972
v 0.11914781 -0.04199992 -0.03358889
v 0.13836238 -0.04199992 -0.03374525
v 0.13835265 -0.04199992 -0.03341023
v 0.11914438 -0.04199992 -0.03333669
v 0.11822917 -0.04277719 -0.03532908
v 0.14314872 -0.04352837 -0.02829534
v 0.14184521 -0.04275458 -0.03510011
v 0.12881833 -0.06355916 -0.02647036
v 0.12809600 -0.05597744 -0.02599956
v 0.14602530 -0.04882609 -0.02682214
v 0.14358047 -0.04823256 -0.02649956
v 0.12852639 -0.04502803 -0.02660112
v 0.10500023 -0.06199992 -0.02599956
v 0.09750023 -0.04699992 -0.02599956
v 0.08250023 -0.06199992 -0.02599956
v 0.08250023 -0.04699992 -0.02599956
v 0.06643390 -0.06339319 -0.02649956
v 0.05213958 -0.06168218 -0.02662168
v 0.05267394 -0.04838841 -0.02643581
v 0.06706198 -0.04722222 -0.02623232
v 0.01050986 -0.06232353 -0.02705313
v 0.02250023 -0.04699992 -0.02599956
v 0.02562689 -0.06273705 -0.02599956
v -0.02118754 -0.06081289 -0.02640200
v -0.02302307 -0.06402604 -0.02599956
v -0.00686691 -0.04851537 -0.02607498
v -0.02189052 -0.04507780 -0.02599956
v -0.00711386 -0.04508353 -0.02676345
v -0.05249977 -0.05449992 -0.02599956
v -0.03656205 -0.06015126 -0.02599956
v -0.03749977 -0.04699992 -0.02599956
v -0.05020039 -0.04431375 -0.02719394
v -0.08373583 -0.06333636 -0.02612456
v -0.06735748 -0.04640486 -0.02625166
v -0.08168859 -0.06100839 -0.02604743
v -0.09817135 -0.06115332 -0.02740050
v -0.09802308 -0.06402603 -0.02599956
v -0.09753616 -0.05998389 -0.02599956
v -0.09749465 -0.04382019 -0.02599956
v -0.08281500 -0.04701130 -0.02624662
v -0.11440210 -0.06598500 -0.02766013
v -0.14499977 -0.06199992 -0.02599956
v -0.14999979 -0.06693992 -0.02668808
v -0.14267853 -0.06446526 -0.02945461
v -0.13185174 -0.05390190 -0.02651703
v -0.14537211 -0.04616812 -0.02674956
v -0.12999977 -0.06199992 -0.02749956
v -0.13016542 -0.04403003 -0.02749956
v -0.10499977 -0.06457492 -0.02749956
v -0.10695840 -0.05706080 -0.02676991
v -0.09732138 -0.06364025 -0.02749956
v -0.08412804 -0.06226686 -0.02749956
v -0.08415189 -0.06198407 -0.02749956
v -0.08412804 -0.06173298 -0.02749956
v -0.09714507 -0.06361134 -0.02749956
v -0.06776856 -0.06513035 -0.03006642
v -0.08406033 -0.06145733 -0.02749956
v -0.09600066 -0.06298889 -0.02705838
v -0.08225348 -0.05441410 -0.02749956
v -0.09771780 -0.04510067 -0.02725231
v -0.06749977 -0.06199992 -0.02749956
v -0.06284779 -0.04349923 -0.02940439
v -0.05058534 -0.06207557 -0.02810286
v -0.05263287 -0.06384237 -0.02749956
v -0.02999978 -0.06457492 -0.02749956
v -0.02946297 -0.06151710 -0.02749956
v -0.03871009 -0.06312459 -0.02749956
v -0.03855433 -0.05429660 -0.02749956
v -0.03705338 -0.04513266 -0.02749956
v -0.02232138 -0.06364025 -0.02749956
v -0.00876582 -0.06331858 -0.02635826
v -0.00915189 -0.06198407 -0.02749956
v -0.00912804 -0.06173298 -0.02749956
v -0.02214507 -0.06361134 -0.02749956
v -0.00614226 -0.06469595 -0.02675714
v -0.00903258 -0.06138919 -0.02749956
v -0.00908964 -0.06155850 -0.02749956
v -0.00827844 -0.06016036 -0.02608779
v -0.00766490 -0.05446997 -0.02749956
v -0.02214507 -0.04861134 -0.02749956
v -0.00903258 -0.04638919 -0.02749956
v -0.00916461 -0.04688231 -0.02749956
v -0.00880545 -0.04598750 -0.02749956
v -0.02085220 -0.04691059 -0.02749956
v -0.00895757 -0.04622704 -0.02749956
v -0.02359556 -0.04857533 -0.02657648
v -0.02087151 -0.04673298 -0.02749956
v -0.02106307 -0.04804696 -0.02733289
v 0.00794664 -0.04513266 -0.02749956
v 0.01368827 -0.04347757 -0.02930352
v 0.00710333 -0.04756311 -0.02652897
v 0.02862129 -0.06382924 -0.02797997
v 0.02369430 -0.04530550 -0.02749956
v 0.02131123 -0.04868707 -0.02749956
v 0.04500023 -0.06457492 -0.02749956
v 0.04500023 -0.05449992 -0.02749956
v 0.03866531 -0.04567676 -0.02749956
v 0.03771013 -0.04766222 -0.02635102
v 0.03593082 -0.04589408 -0.02749956
v 0.07500022 -0.06457492 -0.02749956
v 0.06803906 -0.06369877 -0.02749956
v 0.05414781 -0.06191059 -0.02749956
v 0.06773463 -0.06090231 -0.02637204
v 0.06591037 -0.06155850 -0.02749956
v 0.05267862 -0.06364025 -0.02749956
v 0.06587197 -0.06226686 -0.02749956
v 0.06584785 -0.06188782 -0.02749956
v 0.05383778 -0.06317779 -0.02749956
v 0.06727877 -0.05334387 -0.02749956
v 0.06644715 -0.04556204 -0.02749956
v 0.05392251 -0.04595815 -0.02749956
v 0.06849541 -0.04558651 -0.02749956
v 0.08250023 -0.06298339 -0.02749956
v 0.08250023 -0.04699992 -0.02749956
v 0.09750023 -0.06199992 -0.02749956
v 0.09588292 -0.04771294 -0.02749956
v 0.12125023 -0.06457492 -0.02749956
v 0.11250023 -0.06199992 -0.02749956
v 0.11250023 -0.04699992 -0.02749956
v 0.13017862 -0.06364025 -0.02749956
v 0.14625594 -0.06299083 -0.02749956
v 0.14341037 -0.06244134 -0.02749956
v 0.13512833 -0.06054520 -0.02674956
v 0.13092969 -0.06342348 -0.02749956
v 0.12840057 -0.05379996 -0.02749956
v 0.14484020 -0.06159209 -0.02631054
v 0.13172705 -0.04692258 -0.02669723
v 0.14337196 -0.04673298 -0.02749956
v 0.13142403 -0.04616174 -0.02749956
v -0.13000023 0.05688380 -0.04099956
v -0.11664606 0.04200008 -0.03979468
v -0.09732183 0.04535975 -0.04099956
v -0.08412850 0.04726702 -0.04099956
v -0.09714552 0.04538866 -0.04099956
v -0.08254325 0.04345718 -0.04099956
v -0.08406079 0.04754267 -0.04099956
v -0.09585265 0.04708941 -0.04099956
v -0.08395803 0.04777296 -0.04099956
v -0.07110191 0.05066842 -0.04099956
v -0.09590420 0.04768216 -0.03970410
v -0.09611316 0.04591190 -0.04042264
v -0.08297923 0.06518175 -0.03989862
v -0.06045366 0.06467529 -0.04099956
v -0.03000024 0.04367508 -0.04099956
v -0.03754572 0.05452624 -0.04053886
v -0.02232183 0.04535975 -0.04099956
v -0.00912849 0.04726702 -0.04099956
v -0.02214552 0.04538866 -0.04099956
v -0.00906084 0.04754253 -0.04099956
v -0.02362227 0.04788784 -0.04083619
v -0.02084922 0.04619510 -0.04045148
v -0.00767342 0.04891213 -0.04099956
v 0.00749977 0.04700008 -0.04099956
v 0.01822234 0.05875438 -0.04099956
v 0.03749977 0.04700008 -0.04099956
v 0.03385133 0.06512508 -0.03924313
v 0.05285167 0.04563750 -0.04099956
v 0.05962070 0.05168238 -0.04011402
v 0.05195177 0.06388890 -0.04047967
v 0.08440256 0.05336876 -0.04099956
v 0.08330438 0.06456538 -0.04048393
v 0.10499977 0.06472854 -0.03958722
v 0.11370610 0.04418601 -0.03979187
v 0.12863007 0.06368886 -0.04041711
v 0.14999977 0.04200008 -0.04099956
v 0.14560897 0.04585926 -0.04084304
v 0.12847478 0.05353378 -0.04099956
v 0.12899590 0.04518650 -0.04099956
v -0.05208735 0.05249211 -0.04007795
v -0.04273739 0.06492940 -0.03424956
v -0.08280564 0.04692120 -0.03965913
v -0.06134973 0.06405263 -0.03854320
v -0.06750023 0.04700008 -0.03949956
v -0.08215236 0.06006342 -0.04049039
v -0.08414781 0.06191075 -0.03949956
v -0.00715236 0.06006342 -0.04070117
v 0.05414393 0.04683725 -0.03949956
v 0.02701359 0.04847240 -0.03978334
v -0.14040467 0.04617500 -0.03999847
v 0.13173148 0.06213831 -0.04020364
v 0.01093885 0.05939212 -0.03911569
v 0.14340991 0.04655866 -0.03949956
v 0.14337151 0.04673314 -0.03949956
v 0.14509602 0.04909589 -0.04011494
v 0.14464847 0.06001592 -0.04035250
v 0.12769564 0.05331104 -0.03949956
v 0.13171783 0.04740675 -0.04016302
v 0.13145757 0.04622721 -0.03949956
v 0.13136546 0.04607412 -0.03949956
v 0.13096861 0.04557414 -0.03961798
v -0.02275389 0.06417376 -0.04012764
v -0.01867967 0.05890313 -0.04029712
v -0.02264402 0.04898831 -0.03949956
v -0.10889939 0.04963596 -0.04027698
v -0.09870965 0.04542690 -0.04015490
v 0.06793471 0.06018047 -0.03949956
v 0.06786928 0.04585462 -0.04062715
v 0.06596696 0.04638935 -0.03949956
v 0.05414735 0.06191075 -0.03949956
v 0.11015658 0.05547337 -0.03949956
v 0.08063412 0.06237551 -0.03949956
v 0.08304988 0.06043794 -0.03949956
v 0.14684950 0.04461492 -0.03949956
v 0.14575806 0.06344065 -0.04019035
v 0.09765823 0.04633749 -0.04039508
v 0.08077268 0.04469599 -0.04033901
v 0.08390413 0.04853738 -0.03949956
v 0.05063305 0.04443892 -0.03916858
v -0.00069524 0.04396309 -0.03926094
v -0.00753786 0.04908193 -0.03949956
v -0.02313349 0.04500198 -0.03949956
v -0.00075388 0.06477283 -0.03963340
v -0.07500022 0.04442508 -0.03949956
v -0.07500022 0.05450008 -0.03949956
v -0.10911113 0.04399363 -0.03844345
v -0.11250022 0.06219030 -0.03949956
v -0.14052891 0.06284964 -0.03972078
v 0.14999977 0.04405008 -0.02674956
v 0.13835219 0.04200008 -0.03358889
v 0.13835219 0.04200008 -0.03341023
v 0.11914735 0.04200008 -0.03341023
v 0.11912804 0.04200008 -0.03323262
v 0.11914735 0.04200008 -0.03358889
v 0.13840991 0.04200008 -0.03394098
v 0.13837151 0.04200008 -0.03376650
v 0.11904743 0.04253580 -0.03288292
v 0.13837151 0.04275008 -0.03323262
v 0.13840991 0.04200008 -0.03305814
v 0.14122009 0.04270416 -0.03510897
v 0.10452434 0.04267482 -0.03408476
v 0.05810138 0.04231858 -0.03440002
v 0.06171311 0.04200008 -0.03188615
v 0.08249977 0.04200008 -0.03182545
v 0.04533745 0.04200008 -0.02842367
v 0.00124917 0.04200008 -0.03879574
v 0.02439118 0.04224751 -0.03342973
v 0.00003867 0.04287342 -0.03300423
v -0.04068797 0.04259273 -0.03964777
v -0.03853085 0.04377968 -0.02599956
v -0.01669746 0.04240008 -0.03368445
v -0.02875402 0.04245927 -0.03174523
v -0.01395917 0.04200008 -0.03169631
v -0.06750022 0.04308487 -0.02984912
v -0.09750023 0.04200008 -0.03301569
v -0.11890414 0.04200008 -0.03473616
v -0.14000023 0.04200008 -0.03333102
v -0.11750023 0.04350008 -0.03391009
v -0.10439317 0.04350008 -0.03087606
v -0.09000023 0.04350008 -0.03349956
v -0.07518438 0.04350008 -0.03756617
v -0.04124739 0.04375636 -0.03459111
v -0.01528933 0.04350008 -0.03119173
v -0.01441950 0.04312508 -0.03564952
v -0.02980654 0.04350008 -0.03115007
v 0.02836069 0.04350008 -0.03132520
v 0.04527524 0.04299627 -0.03154194
v 0.06749977 0.04350008 -0.02749956
v 0.06749564 0.04350008 -0.03527051
v 0.04381786 0.04233342 -0.03910502
v 0.07620489 0.04350008 -0.03179035
v 0.08999977 0.04350008 -0.03568934
v 0.10580128 0.04350008 -0.02872466
v 0.11911201 0.04260819 -0.03396121
v 0.13844237 0.04301360 -0.03422649
v 0.11613533 0.04350008 -0.03504826
v 0.11752670 0.04241159 -0.03116831
v 0.14097734 0.04281437 -0.03124468
v 0.11092614 0.06547383 -0.02836480
v 0.13845924 0.06577281 -0.03424365
v 0.10083967 0.06426935 -0.03497161
v 0.07999977 0.06605929 -0.03164928
v 0.06637228 0.06381324 -0.03984914
v 0.04421358 0.06550008 -0.03765004
v 0.03367419 0.06485346 -0.03466845
v 0.00164341 0.06550008 -0.03281043
v -0.03093391 0.06550008 -0.03534032
v -0.02652028 0.06516679 -0.02902345
v -0.02835147 0.06592865 -0.03376731
v -0.01496696 0.06550008 -0.03533895
v -0.07344323 0.06388786 -0.02977904
v -0.08510511 0.06683937 -0.03190327
v -0.08929814 0.06466300 -0.02973375
v -0.09751128 0.06406188 -0.04025180
v -0.10875023 0.06425723 -0.02963017
v -0.13946420 0.06637974 -0.03166234
v -0.11356936 0.06404090 -0.04038518
v -0.11896246 0.06635867 -0.03133090
v -0.10875023 0.06522457 -0.02813890
v -0.06517654 0.06700008 -0.03206713
v -0.03679269 0.06700008 -0.03690590
v -0.01501033 0.06653811 -0.03243726
v -0.02961156 0.06700008 -0.02852056
v 0.00004422 0.06658116 -0.03059124
v 0.01499977 0.06700008 -0.03299620
v 0.06119086 0.06700008 -0.03512652
v 0.05934830 0.06608771 -0.03135642
v 0.04653712 0.06565405 -0.02955824
v 0.08801888 0.06700008 -0.02970972
v 0.11914735 0.06700008 -0.03358889
v 0.13836192 0.06700008 -0.03374525
v 0.13835219 0.06700008 -0.03341023
v 0.11914392 0.06700008 -0.03333669
v 0.11822872 0.06622281 -0.03532908
v 0.14314826 0.06547163 -0.02829534
v 0.14184475 0.06624542 -0.03510011
v 0.12881788 0.04544084 -0.02647036
v 0.12809555 0.05302256 -0.02599956
v 0.14602484 0.06017391 -0.02682214
v 0.14358001 0.06076744 -0.02649956
v 0.12852594 0.06397197 -0.02660112
v 0.10499977 0.04700008 -0.02599956
v 0.09749977 0.06200008 -0.02599956
v 0.08249977 0.04700008 -0.02599956
v 0.08249977 0.06200008 -0.02599956
v 0.06643345 0.04560681 -0.02649956
v 0.05213912 0.04731782 -0.02662168
v 0.05267348 0.06061159 -0.02643581
v 0.06706152 0.06177778 -0.02623232
v 0.01050941 0.04667647 -0.02705313
v 0.02249977 0.06200008 -0.02599956
v 0.02562643 0.04626295 -0.02599956
v -0.02118799 0.04818711 -0.02640200
v -0.02302352 0.04497396 -0.02599956
v -0.00686737 0.06048463 -0.02607498
v -0.02189097 0.06392220 -0.02599956
v -0.00711432 0.06391647 -0.02676345
v -0.05250022 0.05450008 -0.02599956
v -0.03656250 0.04884874 -0.02599956
v -0.03750023 0.06200008 -0.02599956
v -0.05020084 0.06468625 -0.02719394
v -0.08373629 0.04566364 -0.02612456
v -0.06735794 0.06259514 -0.02625166
v -0.08168905 0.04799161 -0.02604743
v -0.09817180 0.04784668 -0.02740050
v -0.09802353 0.04497397 -0.02599956
v -0.09753661 0.04901611 -0.02599956
v -0.09749510 0.06517981 -0.02599956
v -0.08281546 0.06198870 -0.02624662
v -0.11440256 0.04301500 -0.02766013
v -0.14500023 0.04700008 -0.02599956
v -0.15000024 0.04206008 -0.02668808
v -0.14267899 0.04453474 -0.02945461
v -0.13185219 0.05509810 -0.02651703
v -0.14537257 0.06283188 -0.02674956
v -0.13000023 0.04700008 -0.02749956
v -0.13016588 0.06496997 -0.02749956
v -0.10500022 0.04442508 -0.02749956
v -0.10695885 0.05193920 -0.02676991
v -0.09732183 0.04535975 -0.02749956
v -0.08412850 0.04673314 -0.02749956
v -0.08415235 0.04701593 -0.02749956
v -0.08412850 0.04726702 -0.02749956
v -0.09714552 0.04538866 -0.02749956
v -0.06776902 0.04386965 -0.03006642
v -0.08406079 0.04754267 -0.02749956
v -0.09600112 0.04601111 -0.02705838
v -0.08225393 0.05458590 -0.02749956
v -0.09771825 0.06389933 -0.02725231
v -0.06750023 0.04700008 -0.02749956
v -0.06284825 0.06550077 -0.02940439
v -0.05058580 0.04692443 -0.02810286
v -0.05263332 0.04515763 -0.02749956
v -0.03000024 0.04442508 -0.02749956
v -0.02946343 0.04748290 -0.02749956
v -0.03871055 0.04587541 -0.02749956
v -0.03855478 0.05470340 -0.02749956
v -0.03705383 0.06386734 -0.02749956
v -0.02232183 0.04535975 -0.02749956
v -0.00876628 0.04568142 -0.02635826
v -0.00915235 0.04701593 -0.02749956
v -0.00912849 0.04726702 -0.02749956
v -0.02214552 0.04538866 -0.02749956
v -0.00614272 0.04430405 -0.02675714
v -0.00903304 0.04761081 -0.02749956
v -0.00909009 0.04744150 -0.02749956
v -0.00827889 0.04883964 -0.02608779
v -0.00766536 0.05453003 -0.02749956
v -0.02214552 0.06038866 -0.02749956
v -0.00903304 0.06261081 -0.02749956
v -0.00916507 0.06211769 -0.02749956
v -0.00880590 0.06301250 -0.02749956
v -0.02085265 0.06208941 -0.02749956
v -0.00895802 0.06277296 -0.02749956
v -0.02359602 0.06042467 -0.02657648
v -0.02087196 0.06226702 -0.02749956
v -0.02106353 0.06095304 -0.02733289
v 0.00794619 0.06386734 -0.02749956
v 0.01368782 0.06552243 -0.02930352
v 0.00710288 0.06143689 -0.02652897
v 0.02862084 0.04517076 -0.02797997
v 0.02369384 0.06369450 -0.02749956
v 0.02131078 0.06031293 -0.02749956
v 0.04499977 0.04442508 -0.02749956
v 0.04499977 0.05450008 -0.02749956
v 0.03866486 0.06332324 -0.02749956
v 0.03770968 0.06133778 -0.02635102
v 0.03593036 0.06310592 -0.02749956
v 0.07499977 0.04442508 -0.02749956
v 0.06803861 0.04530123 -0.02749956
v 0.05414735 0.04708941 -0.02749956
v 0.06773417 0.04809769 -0.02637204
v 0.06590991 0.04744150 -0.02749956
v 0.05267816 0.04535975 -0.02749956
v 0.06587151 0.04673314 -0.02749956
v 0.06584740 0.04711218 -0.02749956
v 0.05383733 0.04582221 -0.02749956
v 0.06727831 0.05565613 -0.02749956
v 0.06644670 0.06343796 -0.02749956
v 0.05392205 0.06304185 -0.02749956
v 0.06849496 0.06341349 -0.02749956
v 0.08249977 0.04601661 -0.02749956
v 0.08249977 0.06200008 -0.02749956
v 0.09749977 0.04700008 -0.02749956
v 0.09588247 0.06128706 -0.02749956
v 0.12124977 0.04442508 -0.02749956
v 0.11249977 0.04700008 -0.02749956
v 0.11249977 0.06200008 -0.02749956
v 0.13017817 0.04535975 -0.02749956
v 0.14625548 0.04600917 -0.02749956
v 0.14340991 0.04655866 -0.02749956
v 0.13512787 0.04845480 -0.02674956
v 0.13092923 0.04557652 -0.02749956
v 0.12840011 0.05520004 -0.02749956
v 0.14483975 0.04740791 -0.02631054
v 0.13172659 0.06207742 -0.02669723
v 0.14337151 0.06226702 -0.02749956
v 0.13142357 0.06283826 -0.02749956
v -0.14578829 -0.06253844 -0.05527300
v -0.12669444 -0.06353353 -0.05561584
v -0.13072904 -0.05062382 -0.05577556
v -0.14527162 -0.04699997 -0.05599956
v -0.12999992 -0.03749992 -0.05599956
v -0.13930410 -0.03243697 -0.05599956
v -0.12499994 -0.03071865 -0.05599956
v -0.14690526 -0.02418070 -0.05599956
v -0.15000006 0.00036824 -0.05298006
v -0.14636302 -0.01403149 -0.05599956
v -0.12749721 -0.00745818 -0.05599956
v -0.14693448 0.01407586 -0.05556513
v -0.14028413 -0.00023095 -0.05599956
v -0.14395612 0.02196470 -0.05508392
v -0.13283551 0.03015185 -0.05599956
v -0.14132722 0.03314064 -0.05599956
v -0.13772281 0.01771315 -0.05599956
v -0.12722990 0.04105102 -0.05389576
v -0.13000023 0.04700008 -0.05599956
v -0.14833315 0.03766544 -0.05599956
v -0.14442529 0.04518590 -0.05599956
v -0.14413418 0.05382497 -0.05599956
v -0.14512998 0.06268525 -0.05512135
v -0.14299183 -0.02268177 -0.05449956
v -0.14512277 -0.02079077 -0.05449956
v -0.14561695 -0.03574357 -0.05487820
v -0.12999992 -0.03749992 -0.05449956
v -0.13750017 0.03000005 -0.05449956
v -0.13567510 0.01523201 -0.05449956
v -0.13785244 -0.01550007 -0.05486748
v -0.13552220 -0.02796255 -0.05449956
v -0.13027539 0.05135606 -0.05449956
v -0.12868192 0.06347092 -0.05547879
v -0.14512210 0.04313333 -0.05449956
v -0.14635398 -0.04156033 -0.05500508
v -0.12743913 -0.04565343 -0.05449956
v -0.12926349 0.02195949 -0.05506328
v -0.14553218 0.03609124 -0.05449956
v -0.13270869 -0.01001965 -0.05561584
v -0.14676004 -0.00547250 -0.05388535
v -0.14458317 0.00753020 -0.05449956
v -0.12650022 0.04400010 -0.05449956
v -0.14662845 0.04873756 -0.05449956
v -0.12907414 -0.00569816 -0.05449956
v -0.13329916 0.00420633 -0.05512647
v -0.14774360 -0.02322902 -0.05449956
v -0.12863471 -0.02205211 -0.05535024
v -0.12999983 -0.06199992 -0.05449956
v -0.14503795 -0.04857064 -0.05449956
v -0.15000027 0.05743957 -0.04667347
v -0.12727117 0.06387281 -0.04221110
v -0.12500027 0.05699260 -0.04369835
v -0.12500027 0.05833089 -0.04971573
v -0.12500018 0.03450010 -0.04569380
v -0.12547320 0.01820745 -0.04573370
v -0.12499993 -0.03449990 -0.04569380
v -0.12499985 -0.05575133 -0.04977138
v -0.12499984 -0.05829229 -0.04510748
v -0.12710282 -0.05823595 -0.04383440
v -0.12649984 -0.05801371 -0.05033105
v -0.12649993 -0.03449990 -0.04849956
v -0.12686329 -0.03671141 -0.04249956
v -0.12649999 -0.01798151 -0.05050658
v -0.12522339 -0.01897094 -0.04835957
v -0.12650006 0.00040823 -0.04610344
v -0.12702695 0.00340343 -0.05325536
v -0.12650013 0.01909519 -0.05037688
v -0.12650018 0.03463398 -0.04647542
v -0.12679250 0.05367608 -0.04517648
v -0.14850026 0.05520623 -0.04936906
v -0.14629549 0.05930473 -0.04368744
v -0.14850027 0.05864417 -0.04866243
v -0.14850027 0.05816509 -0.04982272
v -0.14850016 0.02818751 -0.05449956
v -0.14850012 0.01850001 -0.04692329
v -0.14850006 0.00182742 -0.04540396
v -0.14865088 -0.01851176 -0.04670842
v -0.14717960 -0.03986985 -0.04326239
v -0.14849992 -0.03617076 -0.04834631
v -0.14849993 -0.03435041 -0.05056704
v -0.14849984 -0.05848783 -0.04967341
v -0.14849985 -0.05575142 -0.04977138
v -0.14999989 -0.04618749 -0.04099956
v -0.14943394 -0.05687651 -0.04634017
v -0.14999999 -0.01749598 -0.04948567
v -0.14999998 -0.02010143 -0.04792875
v -0.14999993 -0.03449999 -0.04626165
v -0.15000012 0.01837022 -0.05029768
v -0.15000005 -0.00062525 -0.04384918
v -0.15000013 0.01972293 -0.04284691
v -0.15000012 0.01670622 -0.04763006
v -0.15000019 0.03621216 -0.04763095
v -0.14962077 0.03384751 -0.05138160
v -0.13000028 0.06200008 -0.04099956
v -0.14466847 0.06449214 -0.04177375
v -0.14529349 0.05998379 -0.04099956
v -0.12957918 0.04700008 -0.04099956
v -0.14540982 0.04871479 -0.04099956
v -0.14476981 0.04603659 -0.04099956
v -0.13000019 0.03750008 -0.04099956
v -0.14804296 0.03834561 -0.04099956
v -0.13718047 0.02824670 -0.04099956
v -0.14390187 0.03061075 -0.04099956
v -0.13769693 0.03107777 -0.04099956
v -0.12820202 0.02262988 -0.04099956
v -0.13044077 0.02434330 -0.04099956
v -0.14529335 0.02048378 -0.04099956
v -0.13942977 0.01419049 -0.04099956
v -0.13340168 0.01834659 -0.04099956
v -0.12500006 0.00000010 -0.04454576
v -0.13000008 0.00750008 -0.04099956
v -0.14046815 -0.00147714 -0.04099956
v -0.14500008 0.00750003 -0.04099956
v -0.13179979 -0.00544225 -0.04099956
v -0.14459280 -0.01475064 -0.04099956
v -0.13277806 -0.01906748 -0.04121654
v -0.14089679 -0.02755927 -0.04099956
v -0.12795958 -0.03724066 -0.04099956
v -0.13038814 -0.03586766 -0.04099956
v -0.14499992 -0.03749997 -0.04099956
v -0.13050658 -0.04438232 -0.04099956
v -0.12936647 -0.06404459 -0.04195902
v -0.12999983 -0.06199992 -0.04099956
v -0.14587956 -0.05188255 -0.04099956
v -0.14692336 -0.06525950 -0.04146623
v -0.13937488 -0.04837495 -0.04249956
v -0.14499983 -0.06199997 -0.04249956
v -0.12958874 -0.04501544 -0.04249956
v -0.14434996 -0.04872103 -0.04249956
v -0.13301999 -0.03335191 -0.04249956
v -0.14451985 -0.03549256 -0.04249956
v -0.13862405 -0.02846436 -0.04249956
v -0.14435005 -0.02422103 -0.04249956
v -0.13146739 -0.02105878 -0.04249956
v -0.13050735 -0.02420843 -0.04249956
v -0.12705102 -0.02074726 -0.04354529
v -0.14474170 -0.01477157 -0.04249956
v -0.13576575 -0.00256412 -0.04249956
v -0.12819679 -0.00645886 -0.04249956
v -0.13862410 -0.01346436 -0.04249956
v -0.14462609 -0.00545164 -0.04249956
v -0.12742246 0.01210669 -0.04348787
v -0.13081096 0.00556723 -0.04249956
v -0.13434671 0.01134875 -0.04249956
v -0.14633358 0.00614231 -0.04249956
v -0.14360334 0.00892229 -0.04249956
v -0.13926455 0.01610560 -0.04249956
v -0.13750015 0.02437505 -0.04249956
v -0.14526078 0.02250003 -0.04249956
v -0.13067517 0.02622933 -0.04249956
v -0.13947793 0.03203744 -0.04249956
v -0.13042535 0.03884161 -0.04249956
v -0.14796267 0.03546938 -0.04435047
v -0.13178141 0.04597170 -0.04249956
v -0.14500023 0.04700003 -0.04249956
v -0.13180626 0.06095741 -0.04249956
v -0.14760846 0.06327515 -0.04162614
v 0.15300002 -0.09821821 0.01897965
v 0.16650002 -0.09712266 0.02214977
v 0.15300002 -0.09600835 0.02424083
v 0.15300000 -0.10606381 0.01748685
v 0.16650007 -0.07907674 -0.03447924
v 0.16650003 -0.09577599 -0.02358822
v 0.16649999 -0.10768699 -0.01252580
v 0.16650001 -0.10308094 0.00325964
v 0.16650003 -0.09477181 0.02357087
v 0.16649999 -0.10886013 0.00873836
v 0.16650004 -0.09087960 0.02891199
v 0.15975001 -0.10091558 -0.02373788
v 0.16649999 -0.10815770 0.00254167
v 0.16650000 -0.10528752 -0.00010636
v 0.16650007 -0.08036885 -0.03983258
v 0.15975008 -0.07422365 -0.03686621
v 0.16650007 -0.07946832 -0.03150491
v 0.16650002 -0.09921999 -0.01945731
v 0.16650001 -0.10002016 0.02476583
v 0.15300004 -0.08888960 0.03423688
v 0.15300005 -0.08603222 0.02989293
v 0.15300001 -0.10253531 0.00580343
v 0.15300001 -0.10109047 -0.02030057
v 0.15300003 -0.09221755 -0.02601885
v 0.15975007 -0.07942873 -0.03755147
v 0.15300003 -0.09359487 -0.03151702
v 0.15300002 -0.09641861 0.02829423
v 0.15299999 -0.10815767 0.00254167
v 0.16251144 -0.07574797 -0.03646355
v 0.15300008 -0.07545668 -0.03324619
v 0.15300007 -0.07907671 -0.03447924
v 0.15300007 -0.07758954 -0.03428345
v 0.15300002 -0.09735898 -0.01937091
v 0.15300000 -0.10559128 0.00028592
v 0.15300000 -0.10667050 0.00273745
v 0.15975001 -0.10330461 0.00015470
v 0.16650000 0.09821846 0.01897955
v 0.15300000 0.09712287 0.02214968
v 0.16650000 0.09600861 0.02424074
v 0.16650000 0.10606406 0.01748675
v 0.15300000 0.07907690 -0.03447932
v 0.15300000 0.09577616 -0.02358831
v 0.15300000 0.10768717 -0.01252590
v 0.15300000 0.10308113 0.00325954
v 0.15300000 0.09477203 0.02357078
v 0.15300000 0.10886033 0.00873825
v 0.15300000 0.09087982 0.02891190
v 0.15975000 0.10091577 -0.02373797
v 0.15300000 0.10815790 0.00254156
v 0.15300000 0.10528771 -0.00010646
v 0.15300000 0.08036900 -0.03983266
v 0.15975000 0.07422382 -0.03686628
v 0.15300000 0.07946848 -0.03150498
v 0.15300000 0.09922017 -0.01945741
v 0.15300000 0.10002037 0.02476573
v 0.16650000 0.08888987 0.03423680
v 0.16650000 0.08603248 0.02989285
v 0.16650000 0.10253555 0.00580333
v 0.16650000 0.10109068 -0.02030067
v 0.16650000 0.09221776 -0.02601893
v 0.15975000 0.07942890 -0.03755155
v 0.16650000 0.09359506 -0.03151711
v 0.16650000 0.09641886 0.02829414
v 0.16650000 0.10815790 0.00254156
v 0.15698864 0.07574814 -0.03646362
v 0.16650000 0.07545688 -0.03324626
v 0.16650000 0.07907690 -0.03447932
v 0.16650000 0.07758973 -0.03428353
v 0.16650000 0.09735919 -0.01937100
v 0.16650000 0.10559151 0.00028582
v 0.16650000 0.10667073 0.00273735
v 0.15975000 0.10330482 0.00015460
v 0.12921177 -0.06253844 0.04172700
v 0.14830561 -0.06353353 0.04138416
v 0.14427101 -0.05062382 0.04122444
v 0.12972843 -0.04699997 0.04100044
v 0.14500014 -0.03749992 0.04100044
v 0.13569596 -0.03243697 0.04100044
v 0.15000011 -0.03071865 0.04100044
v 0.12809479 -0.02418070 0.04100044
v 0.12500000 0.00036824 0.04401994
v 0.12863704 -0.01403149 0.04100044
v 0.14750285 -0.00745818 0.04100044
v 0.12806557 0.01407586 0.04143487
v 0.13471593 -0.00023095 0.04100044
v 0.13104393 0.02196470 0.04191608
v 0.14216454 0.03015185 0.04100044
v 0.13367284 0.03314064 0.04100044
v 0.13727725 0.01771315 0.04100044
v 0.14777016 0.04105102 0.04310424
v 0.14499983 0.04700008 0.04100044
v 0.12666691 0.03766544 0.04100044
v 0.13057477 0.04518590 0.04100044
v 0.13086588 0.05382497 0.04100044
v 0.12987007 0.06268525 0.04187865
v 0.13200823 -0.02268177 0.04250044
v 0.12987729 -0.02079077 0.04250044
v 0.12938311 -0.03574357 0.04212180
v 0.14500014 -0.03749992 0.04250044
v 0.13749989 0.03000005 0.04250044
v 0.13932495 0.01523201 0.04250044
v 0.13714762 -0.01550007 0.04213252
v 0.13947786 -0.02796255 0.04250044
v 0.14472467 0.05135606 0.04250044
v 0.14631813 0.06347092 0.04152121
v 0.12987796 0.04313333 0.04250044
v 0.12864607 -0.04156033 0.04199492
v 0.14756092 -0.04565343 0.04250044
v 0.14573657 0.02195949 0.04193672
v 0.12946787 0.03609124 0.04250044
v 0.14229137 -0.01001965 0.04138416
v 0.12824002 -0.00547250 0.04311465
v 0.13041689 0.00753020 0.04250044
v 0.14849984 0.04400010 0.04250044
v 0.12837160 0.04873756 0.04250044
v 0.14592592 -0.00569816 0.04250044
v 0.14170090 0.00420633 0.04187353
v 0.12725646 -0.02322902 0.04250044
v 0.14636535 -0.02205211 0.04164976
v 0.14500023 -0.06199992 0.04250044
v 0.12996210 -0.04857064 0.04250044
v 0.12499979 0.05743957 0.05032653
v 0.14772889 0.06387281 0.05478890
v 0.14999979 0.05699260 0.05330165
v 0.14999978 0.05833089 0.04728427
v 0.14999987 0.03450010 0.05130620
v 0.14952686 0.01820745 0.05126630
v 0.15000013 -0.03449990 0.05130620
v 0.15000020 -0.05575133 0.04722862
v 0.15000021 -0.05829229 0.05189252
v 0.14789724 -0.05823595 0.05316560
v 0.14850021 -0.05801371 0.04666895
v 0.14850013 -0.03449990 0.04850044
v 0.14813676 -0.03671141 0.05450044
v 0.14850006 -0.01798151 0.04649342
v 0.14977666 -0.01897094 0.04864043
v 0.14850000 0.00040823 0.05089656
v 0.14797311 0.00340343 0.04374464
v 0.14849993 0.01909519 0.04662312
v 0.14849987 0.03463398 0.05052458
v 0.14820756 0.05367608 0.05182352
v 0.12649980 0.05520623 0.04763094
v 0.12870457 0.05930473 0.05331256
v 0.12649978 0.05864417 0.04833757
v 0.12649979 0.05816509 0.04717728
v 0.12649990 0.02818751 0.04250044
v 0.12649993 0.01850001 0.05007671
v 0.12649999 0.00182742 0.05159604
v 0.12634918 -0.01851176 0.05029158
v 0.12782046 -0.03986985 0.05373761
v 0.12650013 -0.03617076 0.04865369
v 0.12650013 -0.03435041 0.04643296
v 0.12650021 -0.05848783 0.04732659
v 0.12650020 -0.05575142 0.04722862
v 0.12500017 -0.04618749 0.05600044
v 0.12556612 -0.05687651 0.05065983
v 0.12500006 -0.01749598 0.04751433
v 0.12500007 -0.02010143 0.04907125
v 0.12500013 -0.03449999 0.05073835
v 0.12499993 0.01837022 0.04670232
v 0.12500000 -0.00062525 0.05315082
v 0.12499993 0.01972293 0.05415309
v 0.12499994 0.01670622 0.04936994
v 0.12499987 0.03621216 0.04936905
v 0.12537929 0.03384751 0.04561840
v 0.14499977 0.06200008 0.05600044
v 0.13033159 0.06449214 0.05522625
v 0.12970656 0.05998379 0.05600044
v 0.14542088 0.04700008 0.05600044
v 0.12959024 0.04871479 0.05600044
v 0.13023024 0.04603659 0.05600044
v 0.14499986 0.03750008 0.05600044
v 0.12695709 0.03834561 0.05600044
v 0.13781958 0.02824670 0.05600044
v 0.13109819 0.03061075 0.05600044
v 0.13730312 0.03107777 0.05600044
v 0.14679804 0.02262988 0.05600044
v 0.14455929 0.02434330 0.05600044
v 0.12970671 0.02048378 0.05600044
v 0.13557028 0.01419049 0.05600044
v 0.14159838 0.01834659 0.05600044
v 0.15000000 0.00000010 0.05245424
v 0.14499997 0.00750008 0.05600044
v 0.13453191 -0.00147714 0.05600044
v 0.12999997 0.00750003 0.05600044
v 0.14320026 -0.00544225 0.05600044
v 0.13040726 -0.01475064 0.05600044
v 0.14222199 -0.01906748 0.05578346
v 0.13410326 -0.02755927 0.05600044
v 0.14704048 -0.03724066 0.05600044
v 0.14461191 -0.03586766 0.05600044
v 0.13000014 -0.03749997 0.05600044
v 0.14449348 -0.04438232 0.05600044
v 0.14563358 -0.06404459 0.05504098
v 0.14500023 -0.06199992 0.05600044
v 0.12912050 -0.05188255 0.05600044
v 0.12807670 -0.06525950 0.05553377
v 0.13562518 -0.04837495 0.05450044
v 0.13000023 -0.06199997 0.05450044
v 0.14541131 -0.04501544 0.05450044
v 0.13065010 -0.04872103 0.05450044
v 0.14198006 -0.03335191 0.05450044
v 0.13048020 -0.03549256 0.05450044
v 0.13637601 -0.02846436 0.05450044
v 0.13065001 -0.02422103 0.05450044
v 0.14353267 -0.02105878 0.05450044
v 0.14449271 -0.02420843 0.05450044
v 0.14794904 -0.02074726 0.05345471
v 0.13025836 -0.01477157 0.05450044
v 0.13923431 -0.00256412 0.05450044
v 0.14680327 -0.00645886 0.05450044
v 0.13637596 -0.01346436 0.05450044
v 0.13037396 -0.00545164 0.05450044
v 0.14757760 0.01210669 0.05351213
v 0.14418909 0.00556723 0.05450044
v 0.14065335 0.01134875 0.05450044
v 0.12866648 0.00614231 0.05450044
v 0.13139671 0.00892229 0.05450044
v 0.13573550 0.01610560 0.05450044
v 0.13749991 0.02437505 0.05450044
v 0.12973928 0.02250003 0.05450044
v 0.14432488 0.02622933 0.05450044
v 0.13552213 0.03203744 0.05450044
v 0.14457470 0.03884161 0.05450044
v 0.12703738 0.03546938 0.05264953
v 0.14321864 0.04597170 0.05450044
v 0.12999983 0.04700003 0.05450044
v 0.14319380 0.06095741 0.05450044
v 0.12739159 0.06327515 0.05537386
v -0.13000020 0.05688326 0.02600044
v -0.11664603 0.04199955 0.02720532
v -0.09732181 0.04535922 0.02600044
v -0.08412847 0.04726649 0.02600044
v -0.09714550 0.04538813 0.02600044
v -0.08254322 0.04345665 0.02600044
v -0.08406076 0.04754214 0.02600044
v -0.09585263 0.04708888 0.02600044
v -0.08395800 0.04777242 0.02600044
v -0.07110188 0.05066789 0.02600044
v -0.09590417 0.04768162 0.02729590
v -0.09611313 0.04591137 0.02657736
v -0.08297921 0.06518121 0.02710138
v -0.06045363 0.06467476 0.02600044
v -0.03000021 0.04367455 0.02600044
v -0.03754570 0.05452571 0.02646114
v -0.02232180 0.04535922 0.02600044
v -0.00912846 0.04726649 0.02600044
v -0.02214549 0.04538813 0.02600044
v -0.00906081 0.04754200 0.02600044
v -0.02362224 0.04788731 0.02616381
v -0.02084920 0.04619457 0.02654852
v -0.00767340 0.04891160 0.02600044
v 0.00749980 0.04699955 0.02600044
v 0.01822236 0.05875385 0.02600044
v 0.03749980 0.04699955 0.02600044
v 0.03385136 0.06512455 0.02775687
v 0.05285170 0.04563697 0.02600044
v 0.05962073 0.05168185 0.02688598
v 0.05195180 0.06388837 0.02652033
v 0.08440259 0.05336823 0.02600044
v 0.08330440 0.06456485 0.02651607
v 0.10499980 0.06472801 0.02741278
v 0.11370613 0.04418548 0.02720813
v 0.12863010 0.06368833 0.02658289
v 0.14999980 0.04199955 0.02600044
v 0.14560900 0.04585872 0.02615696
v 0.12847481 0.05353325 0.02600044
v 0.12899593 0.04518596 0.02600044
v -0.05208732 0.05249158 0.02692205
v -0.04273737 0.06492886 0.03275044
v -0.08280561 0.04692067 0.02734087
v -0.06134970 0.06405209 0.02845680
v -0.06750020 0.04699955 0.02750044
v -0.08215233 0.06006288 0.02650961
v -0.08414778 0.06191022 0.02750044
v -0.00715233 0.06006288 0.02629883
v 0.05414395 0.04683672 0.02750044
v 0.02701362 0.04847187 0.02721666
v -0.14040464 0.04617447 0.02700153
v 0.13173151 0.06213778 0.02679636
v 0.01093888 0.05939159 0.02788431
v 0.14340994 0.04655813 0.02750044
v 0.14337153 0.04673261 0.02750044
v 0.14509605 0.04909535 0.02688506
v 0.14464849 0.06001539 0.02664750
v 0.12769567 0.05331051 0.02750044
v 0.13171786 0.04740622 0.02683698
v 0.13145759 0.04622668 0.02750044
v 0.13136548 0.04607359 0.02750044
v 0.13096863 0.04557361 0.02738202
v -0.02275386 0.06417323 0.02687236
v -0.01867964 0.05890259 0.02670288
v -0.02264399 0.04898777 0.02750044
v -0.10889937 0.04963543 0.02672302
v -0.09870962 0.04542637 0.02684510
v 0.06793474 0.06017994 0.02750044
v 0.06786931 0.04585408 0.02637285
v 0.06596699 0.04638882 0.02750044
v 0.05414738 0.06191022 0.02750044
v 0.11015661 0.05547284 0.02750044
v 0.08063414 0.06237497 0.02750044
v 0.08304990 0.06043741 0.02750044
v 0.14684953 0.04461439 0.02750044
v 0.14575809 0.06344012 0.02680965
v 0.09765825 0.04633695 0.02660492
v 0.08077271 0.04469546 0.02666099
v 0.08390415 0.04853684 0.02750044
v 0.05063307 0.04443839 0.02783142
v -0.00069521 0.04396256 0.02773906
v -0.00753784 0.04908139 0.02750044
v -0.02313346 0.04500145 0.02750044
v -0.00075385 0.06477230 0.02736660
v -0.07500020 0.04442455 0.02750044
v -0.07500020 0.05449955 0.02750044
v -0.10911110 0.04399309 0.02855655
v -0.11250020 0.06218977 0.02750044
v -0.14052889 0.06284911 0.02727922
v 0.14999980 0.04404955 0.04025044
v 0.13835222 0.04199955 0.03341111
v 0.13835222 0.04199955 0.03358977
v 0.11914738 0.04199955 0.03358977
v 0.11912806 0.04199955 0.03376738
v 0.11914738 0.04199955 0.03341111
v 0.13840994 0.04199955 0.03305902
v 0.13837154 0.04199955 0.03323350
v 0.11904745 0.04253526 0.03411708
v 0.13837154 0.04274955 0.03376738
v 0.13840994 0.04199955 0.03394186
v 0.14122012 0.04270363 0.03189103
v 0.10452436 0.04267429 0.03291524
v 0.05810141 0.04231804 0.03259998
v 0.06171314 0.04199955 0.03511385
v 0.08249979 0.04199955 0.03517455
v 0.04533748 0.04199955 0.03857633
v 0.00124920 0.04199955 0.02820426
v 0.02439120 0.04224697 0.03357027
v 0.00003870 0.04287288 0.03399577
v -0.04068794 0.04259220 0.02735223
v -0.03853082 0.04377914 0.04100044
v -0.01669743 0.04239955 0.03331555
v -0.02875399 0.04245873 0.03525477
v -0.01395914 0.04199955 0.03530369
v -0.06750020 0.04308434 0.03715088
v -0.09750021 0.04199955 0.03398431
v -0.11890411 0.04199955 0.03226384
v -0.14000020 0.04199955 0.03366898
v -0.11750020 0.04349955 0.03308991
v -0.10439314 0.04349955 0.03612394
v -0.09000020 0.04349955 0.03350044
v -0.07518435 0.04349955 0.02943383
v -0.04124736 0.04375583 0.03240889
v -0.01528930 0.04349955 0.03580827
v -0.01441947 0.04312455 0.03135048
v -0.02980651 0.04349955 0.03584993
v 0.02836071 0.04349955 0.03567480
v 0.04527527 0.04299573 0.03545806
v 0.06749980 0.04349955 0.03950044
v 0.06749567 0.04349955 0.03172949
v 0.04381789 0.04233288 0.02789498
v 0.07620491 0.04349955 0.03520965
v 0.08999980 0.04349955 0.03131066
v 0.10580130 0.04349955 0.03827534
v 0.11911204 0.04260766 0.03303879
v 0.13844239 0.04301306 0.03277351
v 0.11613536 0.04349955 0.03195174
v 0.11752672 0.04241105 0.03583169
v 0.14097737 0.04281384 0.03575532
v 0.11092617 0.06547330 0.03863520
v 0.13845927 0.06577228 0.03275635
v 0.10083969 0.06426882 0.03202839
v 0.07999979 0.06605876 0.03535072
v 0.06637231 0.06381271 0.02715086
v 0.04421361 0.06549955 0.02934996
v 0.03367422 0.06485292 0.03233155
v 0.00164344 0.06549955 0.03418957
v -0.03093388 0.06549955 0.03165968
v -0.02652025 0.06516626 0.03797655
v -0.02835144 0.06592812 0.03323269
v -0.01496693 0.06549955 0.03166105
v -0.07344320 0.06388732 0.03722096
v -0.08510508 0.06683884 0.03509673
v -0.08929811 0.06466247 0.03726625
v -0.09751125 0.06406135 0.02674820
v -0.10875020 0.06425669 0.03736983
v -0.13946418 0.06637921 0.03533766
v -0.11356934 0.06404037 0.02661482
v -0.11896243 0.06635814 0.03566910
v -0.10875020 0.06522404 0.03886110
v -0.06517651 0.06699955 0.03493287
v -0.03679267 0.06699955 0.03009410
v -0.01501030 0.06653757 0.03456274
v -0.02961153 0.06699955 0.03847944
v 0.00004425 0.06658063 0.03640876
v 0.01499980 0.06699955 0.03400380
v 0.06119089 0.06699955 0.03187348
v 0.05934833 0.06608718 0.03564358
v 0.04653715 0.06565352 0.03744176
v 0.08801891 0.06699955 0.03729028
v 0.11914738 0.06699955 0.03341111
v 0.13836195 0.06699955 0.03325475
v 0.13835222 0.06699955 0.03358977
v 0.11914395 0.06699955 0.03366331
v 0.11822875 0.06622228 0.03167092
v 0.14314829 0.06547110 0.03870466
v 0.14184478 0.06624489 0.03189989
v 0.12881791 0.04544031 0.04052964
v 0.12809558 0.05302203 0.04100044
v 0.14602487 0.06017337 0.04017786
v 0.14358004 0.06076691 0.04050044
v 0.12852597 0.06397143 0.04039888
v 0.10499980 0.04699955 0.04100044
v 0.09749980 0.06199955 0.04100044
v 0.08249980 0.04699955 0.04100044
v 0.08249980 0.06199955 0.04100044
v 0.06643347 0.04560628 0.04050044
v 0.05213915 0.04731729 0.04037832
v 0.05267351 0.06061106 0.04056419
v 0.06706155 0.06177725 0.04076768
v 0.01050944 0.04667594 0.03994687
v 0.02249980 0.06199955 0.04100044
v 0.02562646 0.04626242 0.04100044
v -0.02118796 0.04818658 0.04059800
v -0.02302350 0.04497343 0.04100044
v -0.00686734 0.06048410 0.04092502
v -0.02189094 0.06392166 0.04100044
v -0.00711429 0.06391594 0.04023655
v -0.05250019 0.05449955 0.04100044
v -0.03656247 0.04884820 0.04100044
v -0.03750020 0.06199955 0.04100044
v -0.05020081 0.06468572 0.03980606
v -0.08373626 0.04566310 0.04087544
v -0.06735791 0.06259460 0.04074834
v -0.08168902 0.04799108 0.04095257
v -0.09817178 0.04784614 0.03959950
v -0.09802351 0.04497343 0.04100044
v -0.09753659 0.04901558 0.04100044
v -0.09749507 0.06517927 0.04100044
v -0.08281543 0.06198816 0.04075338
v -0.11440253 0.04301447 0.03933987
v -0.14500020 0.04699955 0.04100044
v -0.15000021 0.04205955 0.04031192
v -0.14267896 0.04453421 0.03754539
v -0.13185217 0.05509757 0.04048297
v -0.14537254 0.06283135 0.04025044
v -0.13000020 0.04699955 0.03950044
v -0.13016585 0.06496943 0.03950044
v -0.10500020 0.04442455 0.03950044
v -0.10695883 0.05193867 0.04023009
v -0.09732181 0.04535922 0.03950044
v -0.08412847 0.04673261 0.03950044
v -0.08415232 0.04701540 0.03950044
v -0.08412847 0.04726649 0.03950044
v -0.09714550 0.04538813 0.03950044
v -0.06776899 0.04386911 0.03693358
v -0.08406076 0.04754214 0.03950044
v -0.09600109 0.04601057 0.03994162
v -0.08225390 0.05458537 0.03950044
v -0.09771822 0.06389880 0.03974769
v -0.06750020 0.04699955 0.03950044
v -0.06284822 0.06550024 0.03759561
v -0.05058577 0.04692389 0.03889714
v -0.05263330 0.04515710 0.03950044
v -0.03000021 0.04442455 0.03950044
v -0.02946340 0.04748237 0.03950044
v -0.03871052 0.04587487 0.03950044
v -0.03855476 0.05470287 0.03950044
v -0.03705380 0.06386681 0.03950044
v -0.02232180 0.04535922 0.03950044
v -0.00876625 0.04568088 0.04064174
v -0.00915232 0.04701540 0.03950044
v -0.00912846 0.04726649 0.03950044
v -0.02214549 0.04538813 0.03950044
v -0.00614269 0.04430352 0.04024286
v -0.00903301 0.04761028 0.03950044
v -0.00909006 0.04744097 0.03950044
v -0.00827886 0.04883911 0.04091221
v -0.00766533 0.05452950 0.03950044
v -0.02214549 0.06038813 0.03950044
v -0.00903301 0.06261028 0.03950044
v -0.00916504 0.06211716 0.03950044
v -0.00880588 0.06301196 0.03950044
v -0.02085262 0.06208888 0.03950044
v -0.00895800 0.06277242 0.03950044
v -0.02359599 0.06042414 0.04042352
v -0.02087194 0.06226649 0.03950044
v -0.02106350 0.06095251 0.03966711
v 0.00794621 0.06386681 0.03950044
v 0.01368784 0.06552190 0.03769648
v 0.00710290 0.06143636 0.04047103
v 0.02862086 0.04517023 0.03902003
v 0.02369387 0.06369397 0.03950044
v 0.02131081 0.06031240 0.03950044
v 0.04499980 0.04442455 0.03950044
v 0.04499980 0.05449955 0.03950044
v 0.03866489 0.06332270 0.03950044
v 0.03770971 0.06133725 0.04064898
v 0.03593039 0.06310539 0.03950044
v 0.07499980 0.04442455 0.03950044
v 0.06803864 0.04530069 0.03950044
v 0.05414738 0.04708888 0.03950044
v 0.06773420 0.04809716 0.04062796
v 0.06590994 0.04744097 0.03950044
v 0.05267819 0.04535922 0.03950044
v 0.06587154 0.04673261 0.03950044
v 0.06584743 0.04711165 0.03950044
v 0.05383736 0.04582167 0.03950044
v 0.06727834 0.05565560 0.03950044
v 0.06644672 0.06343742 0.03950044
v 0.05392208 0.06304132 0.03950044
v 0.06849499 0.06341296 0.03950044
v 0.08249980 0.04601608 0.03950044
v 0.08249980 0.06199955 0.03950044
v 0.09749980 0.04699955 0.03950044
v 0.09588250 0.06128653 0.03950044
v 0.12124980 0.04442455 0.03950044
v 0.11249980 0.04699955 0.03950044
v 0.11249980 0.06199955 0.03950044
v 0.13017820 0.04535922 0.03950044
v 0.14625551 0.04600864 0.03950044
v 0.14340994 0.04655813 0.03950044
v 0.13512790 0.04845426 0.04025044
v 0.13092926 0.04557599 0.03950044
v 0.12840014 0.05519951 0.03950044
v 0.14483977 0.04740738 0.04068946
v 0.13172662 0.06207688 0.04030277
v 0.14337153 0.06226649 0.03950044
v 0.13142360 0.06283773 0.03950044
v 0.10499979 0.06899956 0.03350045
v 0.02457471 0.06746924 -0.04047811
v 0.07936142 0.06699972 -0.03404971
v 0.04499980 0.06699959 -0.03349956
v 0.05999980 0.06699965 -0.03349956
v 0.08970658 0.06699971 -0.02201580
v 0.10428806 0.06699975 -0.01830313
v 0.03029995 0.06699948 -0.01793592
v 0.03046280 0.06699953 -0.03031085
v 0.04424261 0.06699953 -0.01819478
v 0.04577980 0.06699955 -0.02185894
v 0.05999980 0.06699960 -0.01999956
v 0.07499980 0.06699965 -0.01999956
v 0.02999980 0.06699941 0.00000044
v 0.05903620 0.06699944 0.02088070
v 0.04424261 0.06699946 0.00180522
v 0.04577980 0.06699948 -0.00185894
v 0.06749980 0.06699955 0.00000044
v 0.05999980 0.06699952 0.00000044
v 0.07482004 0.06699958 -0.00198485
v 0.07517131 0.06699957 0.00189575
v 0.09069266 0.06699968 -0.01096289
v 0.09128333 0.06699963 0.00140549
v 0.10742455 0.06748448 0.01891853
v 0.10466939 0.06699968 0.00181021
v 0.02999980 0.06699934 0.02000044
v 0.04610564 0.06699940 0.01843103
v 0.06134665 0.06699946 0.01876967
v 0.07495163 0.06699949 0.02378490
v 0.09029585 0.06699955 0.02203576
v 0.08970658 0.06699957 0.01798420
v 0.10334262 0.06699961 0.01950864
v 0.04544547 0.06772250 0.03669504
v 0.04441343 0.06699937 0.02694650
v 0.05916761 0.06699940 0.03185974
v 0.07080316 0.06736009 0.03484604
v 0.08935964 0.06699950 0.03529259
v 0.09067026 0.06699952 0.03162316
v 0.02311755 0.06760242 0.03902626
v 0.03181706 0.06699929 0.03383196
v 0.02834535 0.06721066 0.03451005
v 0.02261234 0.06845984 -0.03750936
v 0.10947002 0.06819985 -0.04075386
v 0.10888861 0.06699984 -0.03712963
v 0.09758074 0.06699979 -0.03411820
v 0.05999979 0.06899940 0.03350045
v 0.04499979 0.06899934 0.03350045
v 0.08880803 0.06826807 0.03650421
v 0.07499979 0.06899945 0.03350045
v 0.04488809 0.06874613 0.01811906
v 0.04449550 0.06899938 0.02195273
v 0.05999979 0.06899945 0.02000045
v 0.07499979 0.06899950 0.02000045
v 0.08951770 0.06899956 0.01798440
v 0.09147452 0.06899954 0.02771431
v 0.10627210 0.06721434 0.03067774
v 0.10499979 0.06899961 0.02000045
v 0.02999979 0.06899941 0.00000045
v 0.04499979 0.06899947 0.00000045
v 0.07499979 0.06899958 0.00000045
v 0.05999979 0.06899952 0.00000045
v 0.09396561 0.06899965 0.00004990
v 0.10652754 0.06814256 -0.00170871
v 0.02249979 0.06799938 0.00000044
v 0.02819174 0.06899953 -0.03285388
v 0.03034462 0.06883351 -0.02022437
v 0.04878584 0.06899956 -0.02054570
v 0.06155873 0.06899961 -0.02097636
v 0.08093193 0.06899968 -0.02189032
v 0.07481292 0.06899964 -0.01793511
v 0.09047986 0.06899970 -0.01799214
v 0.10562082 0.06833897 -0.02056877
v 0.04016985 0.06899958 -0.03417633
v 0.04874979 0.06899963 -0.04099955
v 0.07499979 0.06899970 -0.03349955
v 0.05999979 0.06899965 -0.03349955
v 0.08999979 0.06899978 -0.04099955
v 0.08999979 0.06899976 -0.03349955
v 0.02731907 0.06899932 0.02122965
v 0.02546611 0.06899925 0.04056817
v 0.02811786 0.06899929 0.03267068
v 0.03179053 0.06899929 0.03545391
v 0.11142699 0.06799956 0.03992764
v 0.10680374 0.06846771 -0.03338803
v -0.03000021 0.06899943 0.03350045
v -0.11042529 0.06746910 -0.04047811
v -0.05563858 0.06699958 -0.03404971
v -0.09000020 0.06699945 -0.03349956
v -0.07500020 0.06699951 -0.03349956
v -0.04529342 0.06699957 -0.02201580
v -0.03071194 0.06699961 -0.01830313
v -0.10470005 0.06699934 -0.01793592
v -0.10453720 0.06699939 -0.03031085
v -0.09075739 0.06699939 -0.01819478
v -0.08922020 0.06699941 -0.02185894
v -0.07500020 0.06699946 -0.01999956
v -0.06000020 0.06699951 -0.01999956
v -0.10500020 0.06699927 0.00000044
v -0.07596380 0.06699930 0.02088070
v -0.09075739 0.06699932 0.00180522
v -0.08922020 0.06699934 -0.00185894
v -0.06750020 0.06699941 0.00000044
v -0.07500020 0.06699938 0.00000044
v -0.06017996 0.06699945 -0.00198485
v -0.05982869 0.06699943 0.00189575
v -0.04430734 0.06699954 -0.01096289
v -0.04371667 0.06699949 0.00140549
v -0.02757545 0.06748434 0.01891853
v -0.03033061 0.06699954 0.00181021
v -0.10500020 0.06699920 0.02000044
v -0.08889436 0.06699927 0.01843103
v -0.07365335 0.06699932 0.01876967
v -0.06004837 0.06699935 0.02378490
v -0.04470415 0.06699941 0.02203576
v -0.04529342 0.06699943 0.01798420
v -0.03165738 0.06699947 0.01950864
v -0.08955453 0.06772236 0.03669504
v -0.09058657 0.06699923 0.02694650
v -0.07583239 0.06699926 0.03185974
v -0.06419684 0.06735995 0.03484604
v -0.04564036 0.06699936 0.03529259
v -0.04432974 0.06699938 0.03162316
v -0.11188245 0.06760228 0.03902626
v -0.10318294 0.06699916 0.03383196
v -0.10665465 0.06721052 0.03451005
v -0.11238766 0.06845970 -0.03750936
v -0.02552998 0.06819972 -0.04075386
v -0.02611139 0.06699970 -0.03712963
v -0.03741926 0.06699965 -0.03411820
v -0.07500021 0.06899926 0.03350045
v -0.09000021 0.06899921 0.03350045
v -0.04619197 0.06826793 0.03650421
v -0.06000021 0.06899932 0.03350045
v -0.09011191 0.06874599 0.01811906
v -0.09050450 0.06899925 0.02195273
v -0.07500021 0.06899931 0.02000045
v -0.06000021 0.06899937 0.02000045
v -0.04548230 0.06899943 0.01798440
v -0.04352548 0.06899940 0.02771431
v -0.02872790 0.06721421 0.03067774
v -0.03000021 0.06899948 0.02000045
v -0.10500021 0.06899927 0.00000045
v -0.09000021 0.06899933 0.00000045
v -0.06000021 0.06899944 0.00000045
v -0.07500021 0.06899938 0.00000045
v -0.04103439 0.06899951 0.00004990
v -0.02847246 0.06814242 -0.00170871
v -0.11250021 0.06799925 0.00000044
v -0.10680826 0.06899939 -0.03285388
v -0.10465538 0.06883337 -0.02022437
v -0.08621416 0.06899942 -0.02054570
v -0.07344127 0.06899947 -0.02097636
v -0.05406807 0.06899954 -0.02189032
v -0.06018708 0.06899950 -0.01793511
v -0.04452014 0.06899956 -0.01799214
v -0.02937918 0.06833883 -0.02056877
v -0.09483015 0.06899944 -0.03417633
v -0.08625021 0.06899949 -0.04099955
v -0.06000021 0.06899956 -0.03349955
v -0.07500021 0.06899951 -0.03349955
v -0.04500021 0.06899965 -0.04099955
v -0.04500021 0.06899962 -0.03349955
v -0.10768093 0.06899919 0.02122965
v -0.10953389 0.06899911 0.04056817
v -0.10688214 0.06899915 0.03267068
v -0.10320947 0.06899915 0.03545391
v -0.02357301 0.06799943 0.03992764
v -0.02819626 0.06846757 -0.03338803
v -0.11073516 0.03583983 0.04898431
v -0.11000020 0.03610838 -0.02051103
v -0.11000020 0.02699955 0.05600044
v -0.11555240 0.04199955 -0.00968486
v -0.11000020 0.03285922 -0.04832116
v -0.11000020 0.03569744 -0.02113426
v -0.11000020 0.03483922 -0.04688265
v -0.11000020 0.03458888 -0.04685198
v -0.11000020 0.03556774 -0.02125713
v -0.11000020 0.03511028 -0.04696675
v -0.11000020 0.03441022 -0.04685198
v -0.11000020 0.03542551 -0.02136525
v -0.11000020 0.03453007 -0.02172791
v -0.11060020 0.03326704 -0.04727431
v -0.11051157 0.03281165 -0.02050188
v -0.11150020 0.03330166 -0.02113426
v -0.11150020 0.03343136 -0.02125713
v -0.11150020 0.03357359 -0.02136525
v -0.11077248 0.03572128 -0.01965626
v -0.11150020 0.03399525 -0.01804728
v -0.11128592 0.03573665 -0.04725506
v -0.11150020 0.03458888 -0.04685198
v -0.11150020 0.03441022 -0.04685198
v -0.11150020 0.03415988 -0.04688265
v -0.11150020 0.03388882 -0.04696675
v -0.11074477 0.03433946 0.01000044
v -0.11150020 0.02849955 -0.00999956
v -0.11150020 0.02849955 0.05600044
v -0.12425020 0.04110766 0.05600044
v -0.12419251 0.02762455 0.05600044
v -0.11697997 0.03998691 -0.04161978
v -0.11749772 0.02776109 -0.00999844
v -0.12350020 0.02849955 -0.00999956
v -0.11747683 0.02776285 0.02175283
v -0.11819604 0.04097611 0.03343746
v -0.11585020 0.04199955 0.01000044
v -0.11762072 0.04123630 0.01000916
v -0.12438443 0.03453686 0.01000044
v -0.11545584 0.04199955 0.03391187
v -0.11780761 0.04199955 0.03172469
v -0.11925423 0.04108651 -0.01704900
v -0.12500020 0.03570544 -0.04713038
v -0.12423286 0.03449955 0.04875044
v -0.12350020 0.03569744 -0.02113426
v -0.12350020 0.03474524 -0.04686171
v -0.12350020 0.03511028 -0.04696675
v -0.12448884 0.03618745 -0.02050188
v -0.11817945 0.02883735 -0.04098725
v -0.12422020 0.03367835 -0.01972979
v 0.12426517 -0.03315971 0.04898431
v 0.12500013 -0.03289116 -0.02051103
v 0.12500013 -0.04199999 0.05600044
v 0.11944793 -0.02699999 -0.00968486
v 0.12500013 -0.03614032 -0.04832116
v 0.12500013 -0.03330210 -0.02113426
v 0.12500013 -0.03416032 -0.04688265
v 0.12500013 -0.03441066 -0.04685198
v 0.12500013 -0.03343181 -0.02125713
v 0.12500013 -0.03388927 -0.04696675
v 0.12500013 -0.03458932 -0.04685198
v 0.12500013 -0.03357404 -0.02136525
v 0.12500013 -0.03446947 -0.02172791
v 0.12440013 -0.03573251 -0.04727431
v 0.12448876 -0.03618789 -0.02050188
v 0.12350013 -0.03569789 -0.02113426
v 0.12350013 -0.03556818 -0.02125713
v 0.12350013 -0.03542595 -0.02136525
v 0.12422785 -0.03327826 -0.01965626
v 0.12350013 -0.03500429 -0.01804728
v 0.12371441 -0.03326289 -0.04725506
v 0.12350013 -0.03441066 -0.04685198
v 0.12350013 -0.03458932 -0.04685198
v 0.12350013 -0.03483966 -0.04688265
v 0.12350013 -0.03511072 -0.04696675
v 0.12425555 -0.03466009 0.01000044
v 0.12350013 -0.04049999 -0.00999956
v 0.12350013 -0.04049999 0.05600044
v 0.11075013 -0.02789189 0.05600044
v 0.11080782 -0.04137499 0.05600044
v 0.11802035 -0.02901263 -0.04161978
v 0.11750261 -0.04123846 -0.00999844
v 0.11150013 -0.04049999 -0.00999956
v 0.11752349 -0.04123670 0.02175283
v 0.11680428 -0.02802343 0.03343746
v 0.11915013 -0.02699999 0.01000044
v 0.11737960 -0.02776324 0.01000916
v 0.11061589 -0.03446268 0.01000044
v 0.11954449 -0.02699999 0.03391187
v 0.11719272 -0.02699999 0.03172469
v 0.11574610 -0.02791304 -0.01704900
v 0.11000013 -0.03329410 -0.04713038
v 0.11076747 -0.03449999 0.04875044
v 0.11150013 -0.03330210 -0.02113426
v 0.11150013 -0.03425430 -0.04686171
v 0.11150013 -0.03388927 -0.04696675
v 0.11051149 -0.03281210 -0.02050188
v 0.11682088 -0.04016219 -0.04098725
v 0.11078013 -0.03532119 -0.01972979
v 0.12426492 0.03584023 0.04898431
v 0.12499987 0.03610878 -0.02051103
v 0.12499987 0.02699995 0.05600044
v 0.11944767 0.04199995 -0.00968486
v 0.12499987 0.03285963 -0.04832116
v 0.12499987 0.03569785 -0.02113426
v 0.12499987 0.03483962 -0.04688265
v 0.12499987 0.03458928 -0.04685198
v 0.12499987 0.03556814 -0.02125713
v 0.12499987 0.03511068 -0.04696675
v 0.12499987 0.03441062 -0.04685198
v 0.12499987 0.03542591 -0.02136525
v 0.12499987 0.03453048 -0.02172791
v 0.12439987 0.03326744 -0.04727431
v 0.12448851 0.03281206 -0.02050188
v 0.12349987 0.03330206 -0.02113426
v 0.12349987 0.03343177 -0.02125713
v 0.12349987 0.03357400 -0.02136525
v 0.12422759 0.03572168 -0.01965626
v 0.12349987 0.03399566 -0.01804728
v 0.12371416 0.03573705 -0.04725506
v 0.12349987 0.03458928 -0.04685198
v 0.12349987 0.03441062 -0.04685198
v 0.12349987 0.03416028 -0.04688265
v 0.12349987 0.03388923 -0.04696675
v 0.12425530 0.03433986 0.01000044
v 0.12349987 0.02849995 -0.00999956
v 0.12349987 0.02849995 0.05600044
v 0.11074987 0.04110806 0.05600044
v 0.11080756 0.02762495 0.05600044
v 0.11802010 0.03998732 -0.04161978
v 0.11750235 0.02776149 -0.00999844
v 0.11149987 0.02849995 -0.00999956
v 0.11752324 0.02776325 0.02175283
v 0.11680403 0.04097652 0.03343746
v 0.11914987 0.04199995 0.01000044
v 0.11737935 0.04123670 0.01000916
v 0.11061564 0.03453727 0.01000044
v 0.11954424 0.04199995 0.03391187
v 0.11719246 0.04199995 0.03172469
v 0.11574585 0.04108691 -0.01704900
v 0.10999987 0.03570584 -0.04713038
v 0.11076721 0.03449995 0.04875044
v 0.11149987 0.03569785 -0.02113426
v 0.11149987 0.03474565 -0.04686171
v 0.11149987 0.03511068 -0.04696675
v 0.11051124 0.03618785 -0.02050188
v 0.11682063 0.02883776 -0.04098725
v 0.11077987 0.03367876 -0.01972979
v -0.12999983 -0.05211620 0.02600044
v -0.11664566 -0.06699992 0.02720532
v -0.09732143 -0.06364025 0.02600044
v -0.08412810 -0.06173298 0.02600044
v -0.09714512 -0.06361134 0.02600044
v -0.08254285 -0.06554282 0.02600044
v -0.08406039 -0.06145733 0.02600044
v -0.09585225 -0.06191059 0.02600044
v -0.08395763 -0.06122704 0.02600044
v -0.07110151 -0.05833158 0.02600044
v -0.09590380 -0.06131784 0.02729590
v -0.09611276 -0.06308810 0.02657736
v -0.08297883 -0.04381825 0.02710138
v -0.06045326 -0.04432471 0.02600044
v -0.02999984 -0.06532492 0.02600044
v -0.03754532 -0.05447376 0.02646114
v -0.02232143 -0.06364025 0.02600044
v -0.00912809 -0.06173298 0.02600044
v -0.02214512 -0.06361134 0.02600044
v -0.00906044 -0.06145747 0.02600044
v -0.02362187 -0.06111216 0.02616381
v -0.02084882 -0.06280490 0.02654852
v -0.00767302 -0.06008787 0.02600044
v 0.00750017 -0.06199992 0.02600044
v 0.01822274 -0.05024562 0.02600044
v 0.03750017 -0.06199992 0.02600044
v 0.03385173 -0.04387492 0.02775687
v 0.05285207 -0.06336250 0.02600044
v 0.05962110 -0.05731762 0.02688598
v 0.05195217 -0.04511110 0.02652033
v 0.08440296 -0.05563124 0.02600044
v 0.08330478 -0.04443462 0.02651607
v 0.10500017 -0.04427146 0.02741278
v 0.11370650 -0.06481399 0.02720813
v 0.12863047 -0.04531114 0.02658289
v 0.15000017 -0.06699992 0.02600044
v 0.14560937 -0.06314074 0.02615696
v 0.12847518 -0.05546622 0.02600044
v 0.12899630 -0.06381350 0.02600044
v -0.05208694 -0.05650789 0.02692205
v -0.04273699 -0.04407060 0.03275044
v -0.08280524 -0.06207880 0.02734087
v -0.06134933 -0.04494737 0.02845680
v -0.06749983 -0.06199992 0.02750044
v -0.08215196 -0.04893658 0.02650961
v -0.08414741 -0.04708925 0.02750044
v -0.00715196 -0.04893658 0.02629883
v 0.05414433 -0.06216275 0.02750044
v 0.02701399 -0.06052760 0.02721666
v -0.14040427 -0.06282500 0.02700153
v 0.13173188 -0.04686169 0.02679636
v 0.01093925 -0.04960788 0.02788431
v 0.14341031 -0.06244134 0.02750044
v 0.14337191 -0.06226686 0.02750044
v 0.14509642 -0.05990411 0.02688506
v 0.14464887 -0.04898408 0.02664750
v 0.12769604 -0.05568896 0.02750044
v 0.13171823 -0.06159325 0.02683698
v 0.13145797 -0.06277279 0.02750044
v 0.13136586 -0.06292588 0.02750044
v 0.13096901 -0.06342586 0.02738202
v -0.02275349 -0.04482624 0.02687236
v -0.01867927 -0.05009687 0.02670288
v -0.02264362 -0.06001169 0.02750044
v -0.10889899 -0.05936404 0.02672302
v -0.09870925 -0.06357310 0.02684510
v 0.06793511 -0.04881953 0.02750044
v 0.06786968 -0.06314538 0.02637285
v 0.06596736 -0.06261065 0.02750044
v 0.05414775 -0.04708925 0.02750044
v 0.11015698 -0.05352663 0.02750044
v 0.08063452 -0.04662449 0.02750044
v 0.08305028 -0.04856206 0.02750044
v 0.14684990 -0.06438508 0.02750044
v 0.14575846 -0.04555935 0.02680965
v 0.09765863 -0.06266251 0.02660492
v 0.08077308 -0.06430401 0.02666099
v 0.08390453 -0.06046262 0.02750044
v 0.05063345 -0.06456108 0.02783142
v -0.00069484 -0.06503691 0.02773906
v -0.00753746 -0.05991807 0.02750044
v -0.02313309 -0.06399802 0.02750044
v -0.00075348 -0.04422717 0.02736660
v -0.07499982 -0.06457492 0.02750044
v -0.07499982 -0.05449992 0.02750044
v -0.10911073 -0.06500637 0.02855655
v -0.11249982 -0.04680970 0.02750044
v -0.14052851 -0.04615036 0.02727922
v 0.15000017 -0.06494992 0.04025044
v 0.13835259 -0.06699992 0.03341111
v 0.13835259 -0.06699992 0.03358977
v 0.11914775 -0.06699992 0.03358977
v 0.11912844 -0.06699992 0.03376738
v 0.11914775 -0.06699992 0.03341111
v 0.13841031 -0.06699992 0.03305902
v 0.13837191 -0.06699992 0.03323350
v 0.11904783 -0.06646420 0.03411708
v 0.13837191 -0.06624992 0.03376738
v 0.13841031 -0.06699992 0.03394186
v 0.14122049 -0.06629584 0.03189103
v 0.10452474 -0.06632518 0.03291524
v 0.05810178 -0.06668142 0.03259998
v 0.06171351 -0.06699992 0.03511385
v 0.08250017 -0.06699992 0.03517455
v 0.04533785 -0.06699992 0.03857633
v 0.00124957 -0.06699992 0.02820426
v 0.02439158 -0.06675249 0.03357027
v 0.00003907 -0.06612658 0.03399577
v -0.04068757 -0.06640727 0.02735223
v -0.03853045 -0.06522032 0.04100044
v -0.01669706 -0.06659992 0.03331555
v -0.02875362 -0.06654073 0.03525477
v -0.01395877 -0.06699992 0.03530369
v -0.06749982 -0.06591513 0.03715088
v -0.09749983 -0.06699992 0.03398431
v -0.11890374 -0.06699992 0.03226384
v -0.13999983 -0.06699992 0.03366898
v -0.11749983 -0.06549992 0.03308991
v -0.10439277 -0.06549992 0.03612394
v -0.08999983 -0.06549992 0.03350044
v -0.07518398 -0.06549992 0.02943383
v -0.04124699 -0.06524364 0.03240889
v -0.01528893 -0.06549992 0.03580827
v -0.01441910 -0.06587492 0.03135048
v -0.02980614 -0.06549992 0.03584993
v 0.02836109 -0.06549992 0.03567480
v 0.04527564 -0.06600373 0.03545806
v 0.06750017 -0.06549992 0.03950044
v 0.06749604 -0.06549992 0.03172949
v 0.04381826 -0.06666658 0.02789498
v 0.07620529 -0.06549992 0.03520965
v 0.09000017 -0.06549992 0.03131066
v 0.10580168 -0.06549992 0.03827534
v 0.11911241 -0.06639181 0.03303879
v 0.13844277 -0.06598640 0.03277351
v 0.11613573 -0.06549992 0.03195174
v 0.11752710 -0.06658841 0.03583169
v 0.14097774 -0.06618563 0.03575532
v 0.11092654 -0.04352617 0.03863520
v 0.13845964 -0.04322719 0.03275635
v 0.10084007 -0.04473065 0.03202839
v 0.08000017 -0.04294071 0.03535072
v 0.06637268 -0.04518676 0.02715086
v 0.04421398 -0.04349992 0.02934996
v 0.03367459 -0.04414654 0.03233155
v 0.00164381 -0.04349992 0.03418957
v -0.03093351 -0.04349992 0.03165968
v -0.02651988 -0.04383321 0.03797655
v -0.02835107 -0.04307135 0.03323269
v -0.01496656 -0.04349992 0.03166105
v -0.07344283 -0.04511214 0.03722096
v -0.08510471 -0.04216063 0.03509673
v -0.08929774 -0.04433700 0.03726625
v -0.09751088 -0.04493812 0.02674820
v -0.10874983 -0.04474277 0.03736983
v -0.13946380 -0.04262026 0.03533766
v -0.11356896 -0.04495910 0.02661482
v -0.11896206 -0.04264133 0.03566910
v -0.10874983 -0.04377543 0.03886110
v -0.06517614 -0.04199992 0.03493287
v -0.03679229 -0.04199992 0.03009410
v -0.01500993 -0.04246189 0.03456274
v -0.02961116 -0.04199992 0.03847944
v 0.00004462 -0.04241884 0.03640876
v 0.01500017 -0.04199992 0.03400380
v 0.06119126 -0.04199992 0.03187348
v 0.05934870 -0.04291229 0.03564358
v 0.04653753 -0.04334595 0.03744176
v 0.08801928 -0.04199992 0.03729028
v 0.11914775 -0.04199992 0.03341111
v 0.13836233 -0.04199992 0.03325475
v 0.13835259 -0.04199992 0.03358977
v 0.11914432 -0.04199992 0.03366331
v 0.11822912 -0.04277719 0.03167092
v 0.14314867 -0.04352837 0.03870466
v 0.14184515 -0.04275458 0.03189989
v 0.12881828 -0.06355916 0.04052964
v 0.12809595 -0.05597744 0.04100044
v 0.14602524 -0.04882609 0.04017786
v 0.14358041 -0.04823256 0.04050044
v 0.12852634 -0.04502803 0.04039888
v 0.10500017 -0.06199992 0.04100044
v 0.09750017 -0.04699992 0.04100044
v 0.08250017 -0.06199992 0.04100044
v 0.08250017 -0.04699992 0.04100044
v 0.06643385 -0.06339319 0.04050044
v 0.05213952 -0.06168218 0.04037832
v 0.05267388 -0.04838841 0.04056419
v 0.06706192 -0.04722222 0.04076768
v 0.01050981 -0.06232353 0.03994687
v 0.02250017 -0.04699992 0.04100044
v 0.02562683 -0.06273705 0.04100044
v -0.02118759 -0.06081289 0.04059800
v -0.02302312 -0.06402604 0.04100044
v -0.00686697 -0.04851537 0.04092502
v -0.02189057 -0.04507780 0.04100044
v -0.00711392 -0.04508353 0.04023655
v -0.05249982 -0.05449992 0.04100044
v -0.03656210 -0.06015126 0.04100044
v -0.03749983 -0.04699992 0.04100044
v -0.05020044 -0.04431375 0.03980606
v -0.08373589 -0.06333636 0.04087544
v -0.06735754 -0.04640486 0.04074834
v -0.08168865 -0.06100839 0.04095257
v -0.09817140 -0.06115332 0.03959950
v -0.09802313 -0.06402603 0.04100044
v -0.09753621 -0.05998389 0.04100044
v -0.09749470 -0.04382019 0.04100044
v -0.08281506 -0.04701130 0.04075338
v -0.11440216 -0.06598500 0.03933987
v -0.14499983 -0.06199992 0.04100044
v -0.14999984 -0.06693992 0.04031192
v -0.14267859 -0.06446526 0.03754539
v -0.13185179 -0.05390190 0.04048297
v -0.14537217 -0.04616812 0.04025044
v -0.12999983 -0.06199992 0.03950044
v -0.13016548 -0.04403003 0.03950044
v -0.10499982 -0.06457492 0.03950044
v -0.10695845 -0.05706080 0.04023009
v -0.09732143 -0.06364025 0.03950044
v -0.08412810 -0.06226686 0.03950044
v -0.08415195 -0.06198407 0.03950044
v -0.08412810 -0.06173298 0.03950044
v -0.09714512 -0.06361134 0.03950044
v -0.06776862 -0.06513035 0.03693358
v -0.08406039 -0.06145733 0.03950044
v -0.09600072 -0.06298889 0.03994162
v -0.08225353 -0.05441410 0.03950044
v -0.09771785 -0.04510067 0.03974769
v -0.06749983 -0.06199992 0.03950044
v -0.06284785 -0.04349923 0.03759561
v -0.05058539 -0.06207557 0.03889714
v -0.05263292 -0.06384237 0.03950044
v -0.02999984 -0.06457492 0.03950044
v -0.02946302 -0.06151710 0.03950044
v -0.03871015 -0.06312459 0.03950044
v -0.03855438 -0.05429660 0.03950044
v -0.03705343 -0.04513266 0.03950044
v -0.02232143 -0.06364025 0.03950044
v -0.00876588 -0.06331858 0.04064174
v -0.00915195 -0.06198407 0.03950044
v -0.00912809 -0.06173298 0.03950044
v -0.02214512 -0.06361134 0.03950044
v -0.00614232 -0.06469595 0.04024286
v -0.00903264 -0.06138919 0.03950044
v -0.00908969 -0.06155850 0.03950044
v -0.00827849 -0.06016036 0.04091221
v -0.00766496 -0.05446997 0.03950044
v -0.02214512 -0.04861134 0.03950044
v -0.00903264 -0.04638919 0.03950044
v -0.00916467 -0.04688231 0.03950044
v -0.00880550 -0.04598750 0.03950044
v -0.02085225 -0.04691059 0.03950044
v -0.00895762 -0.04622704 0.03950044
v -0.02359562 -0.04857533 0.04042352
v -0.02087156 -0.04673298 0.03950044
v -0.02106312 -0.04804696 0.03966711
v 0.00794659 -0.04513266 0.03950044
v 0.01368822 -0.04347757 0.03769648
v 0.00710328 -0.04756311 0.04047103
v 0.02862124 -0.06382924 0.03902003
v 0.02369424 -0.04530550 0.03950044
v 0.02131118 -0.04868707 0.03950044
v 0.04500017 -0.06457492 0.03950044
v 0.04500017 -0.05449992 0.03950044
v 0.03866526 -0.04567676 0.03950044
v 0.03771008 -0.04766222 0.04064898
v 0.03593076 -0.04589408 0.03950044
v 0.07500017 -0.06457492 0.03950044
v 0.06803901 -0.06369877 0.03950044
v 0.05414775 -0.06191059 0.03950044
v 0.06773457 -0.06090231 0.04062796
v 0.06591031 -0.06155850 0.03950044
v 0.05267856 -0.06364025 0.03950044
v 0.06587191 -0.06226686 0.03950044
v 0.06584780 -0.06188782 0.03950044
v 0.05383773 -0.06317779 0.03950044
v 0.06727871 -0.05334387 0.03950044
v 0.06644710 -0.04556204 0.03950044
v 0.05392245 -0.04595815 0.03950044
v 0.06849536 -0.04558651 0.03950044
v 0.08250017 -0.06298339 0.03950044
v 0.08250017 -0.04699992 0.03950044
v 0.09750017 -0.06199992 0.03950044
v 0.09588287 -0.04771294 0.03950044
v 0.12125017 -0.06457492 0.03950044
v 0.11250017 -0.06199992 0.03950044
v 0.11250017 -0.04699992 0.03950044
v 0.13017857 -0.06364025 0.03950044
v 0.14625589 -0.06299083 0.03950044
v 0.14341031 -0.06244134 0.03950044
v 0.13512827 -0.06054520 0.04025044
v 0.13092963 -0.06342348 0.03950044
v 0.12840051 -0.05379996 0.03950044
v 0.14484015 -0.06159209 0.04068946
v 0.13172699 -0.04692258 0.04030277
v 0.14337191 -0.04673298 0.03950044
v 0.13142398 -0.04616174 0.03950044
v 0.10500017 -0.06699982 0.03350044
v 0.02457509 -0.06853015 -0.04047811
v 0.07936180 -0.06899967 -0.03404972
v 0.04500018 -0.06899979 -0.03349957
v 0.06000018 -0.06899974 -0.03349957
v 0.08970696 -0.06899967 -0.02201581
v 0.10428844 -0.06899963 -0.01830313
v 0.03030033 -0.06899991 -0.01793592
v 0.03046318 -0.06899986 -0.03031086
v 0.04424299 -0.06899985 -0.01819478
v 0.04578018 -0.06899983 -0.02185895
v 0.06000018 -0.06899979 -0.01999957
v 0.07500018 -0.06899973 -0.01999957
v 0.03000018 -0.06899997 0.00000043
v 0.05903658 -0.06899994 0.02088069
v 0.04424299 -0.06899993 0.00180522
v 0.04578018 -0.06899991 -0.00185895
v 0.06750018 -0.06899983 0.00000043
v 0.06000018 -0.06899986 0.00000043
v 0.07482042 -0.06899980 -0.00198486
v 0.07517169 -0.06899981 0.00189574
v 0.09069304 -0.06899971 -0.01096290
v 0.09128371 -0.06899975 0.00140548
v 0.10742493 -0.06851491 0.01891852
v 0.10466977 -0.06899971 0.00181021
v 0.03000018 -0.06900005 0.02000043
v 0.04610602 -0.06899998 0.01843102
v 0.06134703 -0.06899993 0.01876966
v 0.07495201 -0.06899989 0.02378489
v 0.09029623 -0.06899983 0.02203576
v 0.08970696 -0.06899982 0.01798419
v 0.10334300 -0.06899977 0.01950864
v 0.04544585 -0.06827689 0.03669504
v 0.04441381 -0.06900002 0.02694649
v 0.05916799 -0.06899998 0.03185973
v 0.07080354 -0.06863930 0.03484603
v 0.08936002 -0.06899988 0.03529258
v 0.09067064 -0.06899987 0.03162315
v 0.02311793 -0.06839697 0.03902625
v 0.03181744 -0.06900009 0.03383195
v 0.02834573 -0.06878872 0.03451004
v 0.02261272 -0.06753954 -0.03750937
v 0.10947040 -0.06779953 -0.04075387
v 0.10888899 -0.06899955 -0.03712964
v 0.09758112 -0.06899960 -0.03411820
v 0.06000017 -0.06699999 0.03350044
v 0.04500017 -0.06700004 0.03350044
v 0.08880841 -0.06773132 0.03650421
v 0.07500017 -0.06699993 0.03350044
v 0.04488847 -0.06725326 0.01811906
v 0.04449588 -0.06700000 0.02195272
v 0.06000017 -0.06699994 0.02000044
v 0.07500017 -0.06699988 0.02000044
v 0.08951808 -0.06699982 0.01798440
v 0.09147490 -0.06699985 0.02771430
v 0.10627248 -0.06878504 0.03067773
v 0.10500017 -0.06699977 0.02000044
v 0.03000017 -0.06699997 0.00000044
v 0.04500017 -0.06699992 0.00000044
v 0.07500017 -0.06699981 0.00000044
v 0.06000017 -0.06699986 0.00000044
v 0.09396599 -0.06699974 0.00004990
v 0.10652792 -0.06785683 -0.00170871
v 0.02250017 -0.06800000 0.00000044
v 0.02819212 -0.06699986 -0.03285389
v 0.03034500 -0.06716587 -0.02022438
v 0.04878622 -0.06699983 -0.02054571
v 0.06155911 -0.06699978 -0.02097637
v 0.08093231 -0.06699971 -0.02189033
v 0.07481330 -0.06699974 -0.01793512
v 0.09048024 -0.06699968 -0.01799215
v 0.10562120 -0.06766041 -0.02056878
v 0.04017023 -0.06699981 -0.03417633
v 0.04875017 -0.06699975 -0.04099956
v 0.07500017 -0.06699968 -0.03349956
v 0.06000017 -0.06699974 -0.03349956
v 0.09000017 -0.06699960 -0.04099956
v 0.09000017 -0.06699963 -0.03349956
v 0.02731945 -0.06700006 0.02122965
v 0.02546649 -0.06700014 0.04056817
v 0.02811824 -0.06700010 0.03267068
v 0.03179091 -0.06700010 0.03545390
v 0.11142737 -0.06799982 0.03992763
v 0.10680412 -0.06753168 -0.03338804
v -0.14578809 -0.06253844 0.04172700
v -0.12669424 -0.06353353 0.04138416
v -0.13072884 -0.05062382 0.04122444
v -0.14527142 -0.04699997 0.04100044
v -0.12999972 -0.03749992 0.04100044
v -0.13930390 -0.03243697 0.04100044
v -0.12499974 -0.03071865 0.04100044
v -0.14690506 -0.02418070 0.04100044
v -0.14999986 0.00036824 0.04401994
v -0.14636282 -0.01403149 0.04100044
v -0.12749701 -0.00745818 0.04100044
v -0.14693428 0.01407586 0.04143487
v -0.14028393 -0.00023095 0.04100044
v -0.14395592 0.02196470 0.04191608
v -0.13283531 0.03015185 0.04100044
v -0.14132702 0.03314064 0.04100044
v -0.13772261 0.01771315 0.04100044
v -0.12722970 0.04105102 0.04310424
v -0.13000003 0.04700008 0.04100044
v -0.14833295 0.03766544 0.04100044
v -0.14442509 0.04518590 0.04100044
v -0.14413398 0.05382497 0.04100044
v -0.14512978 0.06268525 0.04187865
v -0.14299162 -0.02268177 0.04250044
v -0.14512257 -0.02079077 0.04250044
v -0.14561675 -0.03574357 0.04212180
v -0.12999972 -0.03749992 0.04250044
v -0.13749997 0.03000005 0.04250044
v -0.13567490 0.01523201 0.04250044
v -0.13785224 -0.01550007 0.04213252
v -0.13552200 -0.02796255 0.04250044
v -0.13027519 0.05135606 0.04250044
v -0.12868172 0.06347092 0.04152121
v -0.14512190 0.04313333 0.04250044
v -0.14635378 -0.04156033 0.04199492
v -0.12743893 -0.04565343 0.04250044
v -0.12926329 0.02195949 0.04193672
v -0.14553198 0.03609124 0.04250044
v -0.13270849 -0.01001965 0.04138416
v -0.14675984 -0.00547250 0.04311465
v -0.14458297 0.00753020 0.04250044
v -0.12650002 0.04400010 0.04250044
v -0.14662825 0.04873756 0.04250044
v -0.12907394 -0.00569816 0.04250044
v -0.13329896 0.00420633 0.04187353
v -0.14774340 -0.02322902 0.04250044
v -0.12863451 -0.02205211 0.04164976
v -0.12999963 -0.06199992 0.04250044
v -0.14503775 -0.04857064 0.04250044
v -0.15000007 0.05743957 0.05032653
v -0.12727097 0.06387281 0.05478890
v -0.12500007 0.05699260 0.05330165
v -0.12500007 0.05833089 0.04728427
v -0.12499998 0.03450010 0.05130620
v -0.12547300 0.01820745 0.05126630
v -0.12499973 -0.03449990 0.05130620
v -0.12499965 -0.05575133 0.04722862
v -0.12499964 -0.05829229 0.05189252
v -0.12710262 -0.05823595 0.05316560
v -0.12649964 -0.05801371 0.04666895
v -0.12649973 -0.03449990 0.04850044
v -0.12686309 -0.03671141 0.05450044
v -0.12649979 -0.01798151 0.04649342
v -0.12522319 -0.01897094 0.04864043
v -0.12649986 0.00040823 0.05089656
v -0.12702675 0.00340343 0.04374464
v -0.12649993 0.01909519 0.04662312
v -0.12649998 0.03463398 0.05052458
v -0.12679230 0.05367608 0.05182352
v -0.14850006 0.05520623 0.04763094
v -0.14629529 0.05930473 0.05331256
v -0.14850007 0.05864417 0.04833757
v -0.14850007 0.05816509 0.04717728
v -0.14849996 0.02818751 0.04250044
v -0.14849992 0.01850001 0.05007671
v -0.14849986 0.00182742 0.05159604
v -0.14865068 -0.01851176 0.05029158
v -0.14717940 -0.03986985 0.05373761
v -0.14849972 -0.03617076 0.04865369
v -0.14849973 -0.03435041 0.04643296
v -0.14849964 -0.05848783 0.04732659
v -0.14849965 -0.05575142 0.04722862
v -0.14999969 -0.04618749 0.05600044
v -0.14943374 -0.05687651 0.05065983
v -0.14999979 -0.01749598 0.04751433
v -0.14999978 -0.02010143 0.04907125
v -0.14999973 -0.03449999 0.05073835
v -0.14999992 0.01837022 0.04670232
v -0.14999985 -0.00062525 0.05315082
v -0.14999993 0.01972293 0.05415309
v -0.14999992 0.01670622 0.04936994
v -0.14999999 0.03621216 0.04936905
v -0.14962057 0.03384751 0.04561840
v -0.13000008 0.06200008 0.05600044
v -0.14466827 0.06449214 0.05522625
v -0.14529329 0.05998379 0.05600044
v -0.12957898 0.04700008 0.05600044
v -0.14540962 0.04871479 0.05600044
v -0.14476961 0.04603659 0.05600044
v -0.12999999 0.03750008 0.05600044
v -0.14804276 0.03834561 0.05600044
v -0.13718027 0.02824670 0.05600044
v -0.14390167 0.03061075 0.05600044
v -0.13769673 0.03107777 0.05600044
v -0.12820182 0.02262988 0.05600044
v -0.13044057 0.02434330 0.05600044
v -0.14529315 0.02048378 0.05600044
v -0.13942957 0.01419049 0.05600044
v -0.13340148 0.01834659 0.05600044
v -0.12499986 0.00000010 0.05245424
v -0.12999988 0.00750008 0.05600044
v -0.14046795 -0.00147714 0.05600044
v -0.14499988 0.00750003 0.05600044
v -0.13179959 -0.00544225 0.05600044
v -0.14459260 -0.01475064 0.05600044
v -0.13277786 -0.01906748 0.05578346
v -0.14089659 -0.02755927 0.05600044
v -0.12795938 -0.03724066 0.05600044
v -0.13038794 -0.03586766 0.05600044
v -0.14499972 -0.03749997 0.05600044
v -0.13050638 -0.04438232 0.05600044
v -0.12936627 -0.06404459 0.05504098
v -0.12999963 -0.06199992 0.05600044
v -0.14587935 -0.05188255 0.05600044
v -0.14692316 -0.06525950 0.05553377
v -0.13937468 -0.04837495 0.05450044
v -0.14499963 -0.06199997 0.05450044
v -0.12958854 -0.04501544 0.05450044
v -0.14434976 -0.04872103 0.05450044
v -0.13301979 -0.03335191 0.05450044
v -0.14451965 -0.03549256 0.05450044
v -0.13862385 -0.02846436 0.05450044
v -0.14434985 -0.02422103 0.05450044
v -0.13146719 -0.02105878 0.05450044
v -0.13050715 -0.02420843 0.05450044
v -0.12705082 -0.02074726 0.05345471
v -0.14474150 -0.01477157 0.05450044
v -0.13576555 -0.00256412 0.05450044
v -0.12819659 -0.00645886 0.05450044
v -0.13862390 -0.01346436 0.05450044
v -0.14462589 -0.00545164 0.05450044
v -0.12742226 0.01210669 0.05351213
v -0.13081076 0.00556723 0.05450044
v -0.13434651 0.01134875 0.05450044
v -0.14633338 0.00614231 0.05450044
v -0.14360314 0.00892229 0.05450044
v -0.13926435 0.01610560 0.05450044
v -0.13749995 0.02437505 0.05450044
v -0.14526058 0.02250003 0.05450044
v -0.13067497 0.02622933 0.05450044
v -0.13947773 0.03203744 0.05450044
v -0.13042515 0.03884161 0.05450044
v -0.14796247 0.03546938 0.05264953
v -0.13178121 0.04597170 0.05450044
v -0.14500003 0.04700003 0.05450044
v -0.13180606 0.06095741 0.05450044
v -0.14760826 0.06327515 0.05537386
v -0.14999987 0.04951676 0.04399810
v -0.15218955 0.03685851 0.05270914
v -0.15149990 -0.00375000 0.05600044
v -0.15078561 -0.03773433 0.05226880
v -0.14999985 0.01500000 0.03600044
v -0.15149990 -0.01932501 0.05600044
v -0.14999982 -0.01500000 0.02409024
v -0.14999987 -0.00211837 0.04213406
v -0.14999984 -0.05406400 0.03046479
v -0.14999984 0.07754428 0.03007278
v -0.14999977 0.01309653 0.00629314
v -0.14999979 -0.00149778 0.01106195
v -0.15080126 -0.02250441 0.01222877
v -0.14999973 0.03518934 -0.01097532
v -0.14999975 0.00003314 -0.00257144
v -0.15057494 -0.01522989 -0.00064317
v -0.14999972 0.01500000 -0.01199956
v -0.14999972 -0.02124510 -0.01224224
v -0.14999973 -0.03578549 -0.00896947
v -0.14999970 0.00830129 -0.02042712
v -0.14999969 -0.00140652 -0.02553917
v -0.14999969 -0.01500000 -0.02399956
v -0.15202784 -0.02247838 -0.03219593
v -0.14999966 -0.00611854 -0.03789440
v -0.14999966 0.01296387 -0.03592605
v -0.14999966 0.01583699 -0.03455562
v -0.15214839 0.00058304 -0.04941417
v -0.15053395 -0.04771667 -0.01915479
v -0.14999972 0.04816444 -0.01185912
v -0.15262766 0.08573787 -0.00012316
v -0.15080335 0.04960924 0.00968822
v -0.14999983 0.05419830 0.02702669
v -0.14999976 0.08919324 0.00287565
v -0.14999968 0.03867525 -0.02899971
v -0.15154331 0.03075109 -0.04978746
v -0.14999964 0.02709567 -0.04346356
v -0.14999982 0.00418006 0.02416071
v -0.14999980 0.03247699 0.01785095
v -0.14999985 -0.04282043 0.03595736
v -0.15174899 -0.03331114 0.04389708
v -0.14999985 -0.01860965 0.03557792
v -0.14999983 0.01946674 0.02854137
v -0.14999967 0.05038857 -0.03073621
v -0.14999985 0.07720724 0.03413775
v -0.15027628 -0.04348037 0.01171965
v -0.14999989 -0.05862423 0.05122635
v -0.15039379 -0.07856338 0.03625934
v -0.15101281 -0.09945019 0.02505068
v -0.14999975 -0.10470638 -0.00176562
v -0.14999978 -0.08901571 0.00883732
v -0.15095432 -0.08734089 0.00768737
v -0.14999973 -0.08867047 -0.00813341
v -0.15023598 -0.10920691 0.00059221
v -0.15271850 -0.10517132 -0.00262751
v -0.15258512 -0.06747161 0.00063007
v -0.15103672 -0.09796696 -0.02753888
v -0.14999969 -0.09691060 -0.02465867
v -0.15028096 -0.08635132 -0.01893563
v -0.14999962 -0.05725608 -0.04988899
v -0.15119965 0.07671309 -0.03897930
v -0.14999967 0.07394440 -0.03107069
v -0.14999969 0.09480762 -0.02303447
v -0.14999980 0.10648289 0.01480116
v -0.14999982 0.09957063 0.02283715
v -0.14999985 0.07643736 0.03702078
v -0.14999989 0.05865375 0.04889475
v -0.14999962 -0.03606788 -0.05140657
v -0.14999987 0.03348332 0.04442669
v -0.14999967 -0.04738117 -0.03377013
v -0.15048909 0.05804244 -0.05093291
v -0.15214827 0.03772025 -0.05239279
v -0.15149961 -0.01932501 -0.05599957
v -0.15299966 0.01679972 -0.03616444
v -0.15299966 -0.00750000 -0.03599957
v -0.15299966 0.08768212 -0.03566958
v -0.15299969 -0.00000000 -0.02399957
v -0.15147254 -0.07743926 -0.03285358
v -0.15299967 0.04449303 -0.03067964
v -0.15299969 0.01500000 -0.02399957
v -0.15299969 -0.01500000 -0.02399957
v -0.15299975 0.10801450 -0.00330485
v -0.15299972 0.03058042 -0.01204363
v -0.15299972 0.00884732 -0.01376372
v -0.15299976 -0.01349562 0.00137481
v -0.15299972 -0.00189531 -0.01217108
v -0.15299972 -0.01425786 -0.01368293
v -0.15299973 -0.02078813 -0.01130601
v -0.15299972 -0.03522698 -0.01306037
v -0.15299975 0.01475810 -0.00190415
v -0.15299976 -0.00000000 0.00000043
v -0.15299976 -0.01640125 0.00098683
v -0.15299973 -0.04225499 -0.01025742
v -0.15299979 0.03461404 0.01421092
v -0.15299977 0.01438537 0.00642693
v -0.15299979 0.01621988 0.01354651
v -0.15299982 0.00757671 0.02363982
v -0.15299979 -0.00000000 0.01200043
v -0.15299979 -0.01500000 0.01200043
v -0.15299979 -0.03649585 0.01219254
v -0.15299983 -0.05683959 0.02783204
v -0.15230478 0.10743881 0.00031066
v -0.15299981 0.09293062 0.01950344
v -0.15299983 0.02982908 0.02764716
v -0.15299985 -0.05271828 0.03416552
v -0.15299985 0.05445220 0.03547264
v -0.15299985 0.07790006 0.03553998
v -0.15299982 0.00008279 0.02578831
v -0.15299985 0.00150376 0.03494065
v -0.15299985 -0.00160986 0.03713482
v -0.15299985 -0.01500000 0.03600043
v -0.15299985 0.01660828 0.03567797
v -0.15299985 -0.04279047 0.03547649
v -0.15299988 -0.00000001 0.04850043
v -0.15299973 0.04866481 -0.01054260
v -0.15068816 -0.02812413 -0.04502563
v -0.15299962 -0.03230795 -0.05186169
v -0.15134194 -0.02735343 0.02876682
v -0.15299985 -0.02186515 0.03703599
v -0.15299967 0.05161671 -0.03247192
v -0.15299979 0.03613139 0.01193602
v -0.15299979 0.03798939 0.01423899
v -0.15299980 0.03597047 0.01584672
v -0.15299968 -0.05141403 -0.02934267
v -0.15299967 -0.05156311 -0.03244317
v -0.15299968 -0.04852342 -0.03008198
v -0.15299971 -0.08731387 -0.01799957
v -0.15299969 -0.09701493 -0.02471821
v -0.15159972 -0.09080757 -0.01333416
v -0.15299975 -0.10533055 -0.00278965
v -0.15299971 -0.08776397 -0.01759056
v -0.15299978 -0.08910092 0.00892542
v -0.15147713 -0.10932269 -0.00388257
v -0.15299978 -0.08901571 0.00883731
v -0.15299975 -0.10500745 -0.00236463
v -0.15299976 -0.10718242 0.00081793
v -0.15091530 -0.09385845 0.01814587
v -0.15299981 -0.09895737 0.02211397
v -0.15299984 -0.07797250 0.03070450
v -0.15299990 -0.06722676 0.05505246
v -0.15299987 -0.06596619 0.04137695
v -0.15299989 -0.05538271 0.04921345
v -0.15190186 0.05946302 0.05368343
v -0.15098346 0.08553698 0.03750803
v -0.15299982 0.09951405 0.02464493
v -0.15071159 0.10871989 -0.00988635
v -0.15299970 0.09369040 -0.02057929
v -0.15299968 0.09616737 -0.02695932
v -0.15083881 0.10496911 -0.00850755
v -0.15299967 0.07244262 -0.03173404
v -0.15299961 0.06722678 -0.05505159
v -0.15299963 0.05666716 -0.04684555
v -0.15299962 -0.05912674 -0.05299668
v -0.15271220 -0.05537822 -0.04975547
v -0.15103810 -0.07103530 -0.04351215
v -0.15299965 -0.07511071 -0.03827376
v -0.15068686 0.04084919 0.03193634
v -0.15299983 0.05285903 0.02677983
v -0.15126699 0.05580074 0.03124981
v -0.15299987 0.05064075 0.04157293
v -0.15198234 0.03205089 0.04789629
v -0.15299982 0.01614697 0.02570877
v -0.15299982 -0.00812099 0.02283408
v -0.15299982 -0.01642376 0.02548654
v -0.15299989 -0.03304983 0.05195698
v -0.15299964 0.03468734 -0.04504417
v -0.15120719 -0.03721916 -0.04313729
v -0.15299963 -0.03819907 -0.04813197
v -0.15299964 -0.03582939 -0.04552057
v -0.15299968 -0.03856395 -0.02923422
v -0.16649973 -0.09976550 0.01644778
v -0.15299973 -0.09895034 0.01970133
v -0.16649974 -0.09802260 0.02188155
v -0.16649971 -0.10745114 0.01427686
v -0.15299980 -0.07603746 -0.03513935
v -0.15299975 -0.09362240 -0.02574523
v -0.15299971 -0.10645224 -0.01576304
v -0.15299972 -0.10323953 0.00036378
v -0.15299974 -0.09673230 0.02132192
v -0.15299970 -0.10947424 0.00531795
v -0.15299975 -0.09332041 0.02698195
v -0.15974973 -0.09872942 -0.02634228
v -0.15299970 -0.10823440 -0.00079394
v -0.15299971 -0.10514434 -0.00318173
v -0.15299980 -0.07685807 -0.04058493
v -0.15974982 -0.07099483 -0.03709426
v -0.15299980 -0.07668679 -0.03221046
v -0.15299974 -0.09741333 -0.02193022
v -0.15299972 -0.10206482 0.02205489
v -0.16649976 -0.09180217 0.03246002
v -0.16649977 -0.08857706 0.02838163
v -0.16649972 -0.10291777 0.00294544
v -0.16649973 -0.09920327 -0.02293330
v -0.16649976 -0.08986573 -0.02785647
v -0.15974980 -0.07612039 -0.03823057
v -0.16649976 -0.09075860 -0.03345376
v -0.16649973 -0.09878458 0.02588377
v -0.16649970 -0.10823444 -0.00079394
v -0.15698845 -0.07254844 -0.03682598
v -0.16649982 -0.07253873 -0.03359548
v -0.16649980 -0.07603751 -0.03513935
v -0.16649981 -0.07457306 -0.03481469
v -0.16649974 -0.09556701 -0.02168194
v -0.16649971 -0.10548122 -0.00281743
v -0.16649971 -0.10677000 -0.00046928
v -0.15974972 -0.10319177 -0.00274885
v -0.15299984 -0.04997431 0.02748624
v -0.16649984 -0.05208809 0.03009047
v -0.15299984 -0.05385033 0.03167432
v -0.15299985 -0.04209129 0.02876682
v -0.16649984 -0.04967743 -0.02929546
v -0.16649985 -0.03771021 -0.01334977
v -0.16649985 -0.03030111 0.00111931
v -0.16649985 -0.04002832 0.01437740
v -0.16649984 -0.05478320 0.03062183
v -0.16649985 -0.03647150 0.02150232
v -0.16649984 -0.06026745 0.03430962
v -0.15974985 -0.03282938 -0.01173255
v -0.16649985 -0.03501216 0.01543909
v -0.16649985 -0.03680358 0.01196910
v -0.16649984 -0.04663229 -0.03388403
v -0.15974984 -0.05342143 -0.03319833
v -0.16649984 -0.05032675 -0.02636658
v -0.16649985 -0.03588677 -0.00829007
v -0.16649984 -0.05026007 0.03353976
v -0.15299984 -0.06395862 0.03863278
v -0.15299984 -0.06515796 0.03357352
v -0.15299985 -0.04141103 0.01658119
v -0.15299985 -0.03384064 -0.00844272
v -0.15299985 -0.04022269 -0.01685085
v -0.15974984 -0.04829588 -0.03206202
v -0.15299985 -0.03704795 -0.02154638
v -0.15299984 -0.05485116 0.03562358
v -0.15299985 -0.03501216 0.01543909
v -0.16251120 -0.05212676 -0.03229860
v -0.15299984 -0.05350086 -0.02937489
v -0.15299984 -0.04967742 -0.02929546
v -0.15299984 -0.05114186 -0.02962012
v -0.15299985 -0.03766506 -0.00884536
v -0.15299985 -0.03665226 0.01244162
v -0.15299985 -0.03647660 0.01511443
v -0.15974985 -0.03875617 0.01153622
v -0.15309995 -0.07000002 0.00000033
v -0.15309993 -0.10881279 -0.00584187
v -0.19849993 -0.10881279 -0.00584204
v -0.19849995 -0.07000002 0.00000016
v -0.15309996 -0.10920677 0.00184238
v -0.19849996 -0.10920677 0.00184222
v -0.15309999 -0.10809405 0.00945585
v -0.19849999 -0.10809405 0.00945568
v -0.15310001 -0.10551741 0.01670594
v -0.19850001 -0.10551741 0.01670577
v -0.15310004 -0.10157585 0.02331405
v -0.19850004 -0.10157585 0.02331388
v -0.15310006 -0.09642085 0.02902622
v -0.19850006 -0.09642085 0.02902605
v -0.15310008 -0.09025051 0.03362294
v -0.19850008 -0.09025051 0.03362278
v -0.15310009 -0.08330195 0.03692757
v -0.19850009 -0.08330196 0.03692740
v -0.15310010 -0.07584221 0.03881310
v -0.19850010 -0.07584222 0.03881293
v -0.15310010 -0.06815796 0.03920708
v -0.19850010 -0.06815796 0.03920691
v -0.15310009 -0.06054450 0.03809437
v -0.19850009 -0.06054450 0.03809420
v -0.15310008 -0.05329441 0.03551772
v -0.19850008 -0.05329441 0.03551755
v -0.15310007 -0.04668630 0.03157616
v -0.19850007 -0.04668630 0.03157600
v -0.15310005 -0.04097413 0.02642116
v -0.19850005 -0.04097413 0.02642099
v -0.15310003 -0.03637740 0.02025082
v -0.19850003 -0.03637740 0.02025066
v -0.15310000 -0.03307278 0.01330227
v -0.19850000 -0.03307278 0.01330210
v -0.15309998 -0.03118724 0.00584253
v -0.19849998 -0.03118725 0.00584236
v -0.15309995 -0.03079326 -0.00184172
v -0.19849995 -0.03079327 -0.00184189
v -0.15309992 -0.03190598 -0.00945519
v -0.19849992 -0.03190598 -0.00945535
v -0.15309989 -0.03448262 -0.01670528
v -0.19849989 -0.03448262 -0.01670545
v -0.15309987 -0.03842418 -0.02331338
v -0.19849987 -0.03842418 -0.02331355
v -0.15309985 -0.04357918 -0.02902556
v -0.19849985 -0.04357919 -0.02902573
v -0.15309983 -0.04974952 -0.03362228
v -0.19849983 -0.04974952 -0.03362245
v -0.15309982 -0.05669808 -0.03692691
v -0.19849982 -0.05669808 -0.03692708
v -0.15309981 -0.06415782 -0.03881244
v -0.19849981 -0.06415782 -0.03881261
v -0.15309981 -0.07184207 -0.03920642
v -0.19849981 -0.07184207 -0.03920659
v -0.15309981 -0.07945553 -0.03809371
v -0.19849981 -0.07945553 -0.03809387
v -0.15309982 -0.08670562 -0.03551706
v -0.19849982 -0.08670563 -0.03551723
v -0.15309984 -0.09331373 -0.03157550
v -0.19849984 -0.09331373 -0.03157567
v -0.15309985 -0.09902590 -0.02642050
v -0.19849985 -0.09902590 -0.02642067
v -0.15309988 -0.10362263 -0.02025016
v -0.19849988 -0.10362263 -0.02025033
v -0.15309990 -0.10692725 -0.01330161
v -0.19849990 -0.10692725 -0.01330178
v -0.15299979 0.09976580 0.01644790
v -0.16649980 0.09895067 0.01970138
v -0.15299981 0.09802290 0.02188167
v -0.15299978 0.10745144 0.01427699
v -0.16649950 0.07603785 -0.03513932
v -0.16649956 0.09362278 -0.02574519
v -0.16649962 0.10645261 -0.01576298
v -0.16649970 0.10323988 0.00036383
v -0.16649981 0.09673263 0.02132196
v -0.16649973 0.10947459 0.00531801
v -0.16649984 0.09332074 0.02698199
v -0.15974956 0.09872979 -0.02634219
v -0.16649970 0.10823476 -0.00079388
v -0.16649969 0.10514470 -0.00318167
v -0.16649947 0.07685846 -0.04058491
v -0.15974949 0.07099521 -0.03709420
v -0.16649952 0.07668717 -0.03221044
v -0.16649958 0.09741371 -0.02193017
v -0.16649982 0.10206515 0.02205495
v -0.15299986 0.09180246 0.03246013
v -0.15299984 0.08857735 0.02838174
v -0.15299972 0.10291809 0.00294557
v -0.15299958 0.09920362 -0.02293318
v -0.15299955 0.08986608 -0.02785636
v -0.15974948 0.07612076 -0.03823051
v -0.15299952 0.09075895 -0.03345365
v -0.15299983 0.09878487 0.02588389
v -0.15299970 0.10823476 -0.00079381
v -0.16251085 0.07254882 -0.03682594
v -0.15299951 0.07253908 -0.03359538
v -0.15299950 0.07603786 -0.03513925
v -0.15299950 0.07457342 -0.03481459
v -0.15299958 0.09556735 -0.02168183
v -0.15299969 0.10548154 -0.00281730
v -0.15299970 0.10677032 -0.00046915
v -0.15974969 0.10319211 -0.00274876
v -0.15309980 0.07000029 0.00000046
v -0.15309984 0.03235497 0.01110864
v -0.19849984 0.03235489 0.01110824
v -0.19849980 0.07000022 0.00000006
v -0.15309991 0.03524541 0.01823944
v -0.19849991 0.03524534 0.01823904
v -0.15309997 0.03947146 0.02466932
v -0.19849997 0.03947139 0.02466892
v -0.15310003 0.04487072 0.03015120
v -0.19850003 0.04487065 0.03015080
v -0.15310008 0.05123570 0.03447439
v -0.19850008 0.05123562 0.03447400
v -0.15310011 0.05832179 0.03747278
v -0.19850011 0.05832171 0.03747238
v -0.15310014 0.06585667 0.03903112
v -0.19850014 0.06585660 0.03903072
v -0.15310015 0.07355080 0.03908954
v -0.19850015 0.07355072 0.03908914
v -0.15310015 0.08110848 0.03764579
v -0.19850015 0.08110840 0.03764539
v -0.15310014 0.08823928 0.03475534
v -0.19850014 0.08823920 0.03475494
v -0.15310011 0.09466916 0.03052929
v -0.19850011 0.09466909 0.03052889
v -0.15310007 0.10015103 0.02513003
v -0.19850007 0.10015096 0.02512963
v -0.15310002 0.10447423 0.01876505
v -0.19850002 0.10447416 0.01876466
v -0.15309997 0.10747262 0.01167897
v -0.19849997 0.10747254 0.01167857
v -0.15309990 0.10903096 0.00414408
v -0.19849990 0.10903089 0.00414368
v -0.15309984 0.10908938 -0.00355005
v -0.19849984 0.10908930 -0.00355044
v -0.15309977 0.10764562 -0.01110773
v -0.19849977 0.10764555 -0.01110812
v -0.15309970 0.10475518 -0.01823852
v -0.19849970 0.10475511 -0.01823892
v -0.15309964 0.10052913 -0.02466841
v -0.19849964 0.10052905 -0.02466881
v -0.15309958 0.09512987 -0.03015028
v -0.19849958 0.09512979 -0.03015068
v -0.15309953 0.08876489 -0.03447348
v -0.19849953 0.08876482 -0.03447388
v -0.15309949 0.08167880 -0.03747187
v -0.19849949 0.08167873 -0.03747226
v -0.15309947 0.07414392 -0.03903021
v -0.19849947 0.07414384 -0.03903061
v -0.15309946 0.06644979 -0.03908863
v -0.19849946 0.06644972 -0.03908903
v -0.15309946 0.05889211 -0.03764487
v -0.19849946 0.05889204 -0.03764527
v -0.15309947 0.05176131 -0.03475443
v -0.19849947 0.05176124 -0.03475483
v -0.15309950 0.04533143 -0.03052838
v -0.19849950 0.04533136 -0.03052877
v -0.15309954 0.03984956 -0.02512912
v -0.19849954 0.03984948 -0.02512951
v -0.15309958 0.03552636 -0.01876414
v -0.19849958 0.03552628 -0.01876454
v -0.15309964 0.03252797 -0.01167805
v -0.19849964 0.03252790 -0.01167845
v -0.15309970 0.03096963 -0.00414317
v -0.19849970 0.03096956 -0.00414356
v -0.15309977 0.03091121 0.00355096
v -0.19849977 0.03091114 0.00355056
v -0.16649981 0.04997429 0.02748627
v -0.15299983 0.05208810 0.03009057
v -0.16649984 0.05385031 0.03167435
v -0.16649979 0.04209127 0.02876684
v -0.15299951 0.04967750 -0.02929536
v -0.15299955 0.03771027 -0.01334968
v -0.15299960 0.03030116 0.00111939
v -0.15299971 0.04002836 0.01437749
v -0.15299984 0.05478321 0.03062193
v -0.15299973 0.03647152 0.02150240
v -0.15299987 0.06026746 0.03430973
v -0.15974954 0.03282942 -0.01173250
v -0.15299969 0.03501219 0.01543917
v -0.15299968 0.03680361 0.01196919
v -0.15299947 0.04663237 -0.03388393
v -0.15974950 0.05342149 -0.03319826
v -0.15299952 0.05032682 -0.02636648
v -0.15299957 0.03588682 -0.00828998
v -0.15299984 0.05026008 0.03353986
v -0.16649991 0.06395859 0.03863282
v -0.16649989 0.06515793 0.03357356
v -0.16649972 0.04141102 0.01658121
v -0.16649957 0.03384066 -0.00844271
v -0.16649954 0.04022271 -0.01685084
v -0.15974949 0.04829594 -0.03206196
v -0.16649951 0.03704798 -0.02154636
v -0.16649986 0.05485114 0.03562362
v -0.16649969 0.03501215 0.01543910
v -0.15698814 0.05212683 -0.03229852
v -0.16649952 0.05350090 -0.02937486
v -0.16649951 0.04967746 -0.02929543
v -0.16649951 0.05114190 -0.02962009
v -0.16649958 0.03766507 -0.00884535
v -0.16649968 0.03665226 0.01244164
v -0.16649970 0.03647659 0.01511444
v -0.15974969 0.03875618 0.01153627
v -0.11073479 -0.03315964 0.04898431
v -0.10999983 -0.03289109 -0.02051103
v -0.10999983 -0.04199992 0.05600044
v -0.11555203 -0.02699992 -0.00968486
v -0.10999983 -0.03614025 -0.04832116
v -0.10999983 -0.03330202 -0.02113426
v -0.10999983 -0.03416025 -0.04688265
v -0.10999983 -0.03441059 -0.04685198
v -0.10999983 -0.03343173 -0.02125713
v -0.10999983 -0.03388919 -0.04696675
v -0.10999983 -0.03458925 -0.04685198
v -0.10999983 -0.03357396 -0.02136525
v -0.10999983 -0.03446939 -0.02172791
v -0.11059983 -0.03573243 -0.04727431
v -0.11051119 -0.03618781 -0.02050188
v -0.11149983 -0.03569781 -0.02113426
v -0.11149983 -0.03556810 -0.02125713
v -0.11149983 -0.03542588 -0.02136525
v -0.11077211 -0.03327819 -0.01965626
v -0.11149983 -0.03500422 -0.01804728
v -0.11128554 -0.03326282 -0.04725506
v -0.11149983 -0.03441059 -0.04685198
v -0.11149983 -0.03458925 -0.04685198
v -0.11149983 -0.03483959 -0.04688265
v -0.11149983 -0.03511065 -0.04696675
v -0.11074440 -0.03466001 0.01000044
v -0.11149983 -0.04049992 -0.00999956
v -0.11149983 -0.04049992 0.05600044
v -0.12424983 -0.02789181 0.05600044
v -0.12419214 -0.04137492 0.05600044
v -0.11697960 -0.02901255 -0.04161978
v -0.11749735 -0.04123838 -0.00999844
v -0.12349983 -0.04049992 -0.00999956
v -0.11747646 -0.04123662 0.02175283
v -0.11819567 -0.02802336 0.03343746
v -0.11584983 -0.02699992 0.01000044
v -0.11762035 -0.02776317 0.01000916
v -0.12438406 -0.03446260 0.01000044
v -0.11545546 -0.02699992 0.03391187
v -0.11780724 -0.02699992 0.03172469
v -0.11925385 -0.02791296 -0.01704900
v -0.12499983 -0.03329403 -0.04713038
v -0.12423249 -0.03449992 0.04875044
v -0.12349983 -0.03330202 -0.02113426
v -0.12349983 -0.03425422 -0.04686171
v -0.12349983 -0.03388919 -0.04696675
v -0.12448846 -0.03281202 -0.02050188
v -0.11817907 -0.04016212 -0.04098725
v -0.12421983 -0.03532111 -0.01972979
v -0.02999982 -0.06899989 -0.03349956
v -0.11042492 -0.06746961 0.04047899
v -0.05563821 -0.06699973 0.03405059
v -0.08999983 -0.06699986 0.03350044
v -0.07499983 -0.06699981 0.03350044
v -0.04529305 -0.06699974 0.02201668
v -0.03071157 -0.06699970 0.01830400
v -0.10469968 -0.06699997 0.01793679
v -0.10453683 -0.06699993 0.03031173
v -0.09075702 -0.06699992 0.01819565
v -0.08921983 -0.06699990 0.02185982
v -0.07499983 -0.06699986 0.02000044
v -0.05999983 -0.06699980 0.02000044
v -0.10499983 -0.06700004 0.00000044
v -0.07596343 -0.06700001 -0.02087982
v -0.09075702 -0.06699999 -0.00180435
v -0.08921983 -0.06699998 0.00185982
v -0.06749983 -0.06699990 0.00000044
v -0.07499983 -0.06699993 0.00000044
v -0.06017959 -0.06699987 0.00198573
v -0.05982832 -0.06699988 -0.00189487
v -0.04430697 -0.06699978 0.01096377
v -0.04371630 -0.06699982 -0.00140461
v -0.02757507 -0.06748467 -0.01891765
v -0.03033024 -0.06699977 -0.00180934
v -0.10499983 -0.06700011 -0.01999956
v -0.08889400 -0.06700005 -0.01843015
v -0.07365298 -0.06699999 -0.01876879
v -0.06004800 -0.06699996 -0.02378402
v -0.04470378 -0.06699990 -0.02203489
v -0.04529305 -0.06699989 -0.01798332
v -0.03165701 -0.06699984 -0.01950777
v -0.08955416 -0.06772328 -0.03669416
v -0.09058621 -0.06700009 -0.02694562
v -0.07583202 -0.06700005 -0.03185886
v -0.06419647 -0.06736067 -0.03484516
v -0.04563999 -0.06699995 -0.03529171
v -0.04432937 -0.06699993 -0.03162228
v -0.11188208 -0.06760338 -0.03902538
v -0.10318257 -0.06700016 -0.03383108
v -0.10665428 -0.06721156 -0.03450917
v -0.11238728 -0.06846025 0.03751025
v -0.02552960 -0.06819960 0.04075474
v -0.02611102 -0.06699961 0.03713051
v -0.03741889 -0.06699967 0.03411907
v -0.07499982 -0.06900005 -0.03349956
v -0.08999982 -0.06900011 -0.03349956
v -0.04619160 -0.06826853 -0.03650333
v -0.05999982 -0.06900000 -0.03349956
v -0.09011152 -0.06874678 -0.01811817
v -0.09050412 -0.06900007 -0.02195183
v -0.07499982 -0.06900000 -0.01999956
v -0.05999982 -0.06899995 -0.01999956
v -0.04548192 -0.06899989 -0.01798351
v -0.04352509 -0.06899992 -0.02771342
v -0.02872753 -0.06721464 -0.03067686
v -0.02999982 -0.06899984 -0.01999956
v -0.10499982 -0.06900004 0.00000044
v -0.08999982 -0.06899999 0.00000044
v -0.05999982 -0.06899988 0.00000044
v -0.07499982 -0.06899993 0.00000044
v -0.04103400 -0.06899981 -0.00004901
v -0.02847209 -0.06814261 0.00170959
v -0.11249983 -0.06800007 0.00000044
v -0.10680788 -0.06899993 0.03285478
v -0.10465499 -0.06883399 0.02022526
v -0.08621377 -0.06899990 0.02054660
v -0.07344089 -0.06899985 0.02097726
v -0.05406768 -0.06899977 0.02189121
v -0.06018669 -0.06899981 0.01793600
v -0.04451975 -0.06899975 0.01799303
v -0.02937880 -0.06833889 0.02056966
v -0.09482977 -0.06899988 0.03417722
v -0.08624982 -0.06899982 0.04100045
v -0.05999982 -0.06899975 0.03350044
v -0.07499982 -0.06899981 0.03350044
v -0.04499983 -0.06899967 0.04100045
v -0.04499982 -0.06899970 0.03350044
v -0.10768055 -0.06900013 -0.02122876
v -0.10953351 -0.06900021 -0.04056728
v -0.10688176 -0.06900017 -0.03266979
v -0.10320908 -0.06900016 -0.03545301
v -0.02357264 -0.06799989 -0.03992675
v -0.02819588 -0.06846753 0.03338892
v 0.15310000 0.07000020 0.00000054
v 0.15310010 0.10917446 -0.00243664
v 0.19850010 0.10917433 -0.00243680
v 0.19850000 0.07000007 0.00000037
v 0.15310013 0.10889721 0.00525271
v 0.19850013 0.10889708 0.00525254
v 0.15310015 0.10712517 0.01274022
v 0.19850015 0.10712503 0.01274006
v 0.15310017 0.10392643 0.01973815
v 0.19850017 0.10392630 0.01973799
v 0.15310018 0.09942393 0.02597758
v 0.19850018 0.09942380 0.02597741
v 0.15310018 0.09379069 0.03121872
v 0.19850018 0.09379056 0.03121856
v 0.15310018 0.08724320 0.03526017
v 0.19850018 0.08724307 0.03526000
v 0.15310017 0.08003307 0.03794661
v 0.19850017 0.08003294 0.03794644
v 0.15310015 0.07243738 0.03917480
v 0.19850015 0.07243725 0.03917463
v 0.15310013 0.06474803 0.03889755
v 0.19850013 0.06474790 0.03889738
v 0.15310010 0.05726052 0.03712551
v 0.19850010 0.05726039 0.03712534
v 0.15310007 0.05026259 0.03392677
v 0.19850007 0.05026246 0.03392661
v 0.15310003 0.04402316 0.02942427
v 0.19850003 0.04402303 0.02942411
v 0.15310000 0.03878202 0.02379103
v 0.19850000 0.03878189 0.02379087
v 0.15309996 0.03474057 0.01724354
v 0.19849996 0.03474044 0.01724337
v 0.15309993 0.03205413 0.01003341
v 0.19849993 0.03205400 0.01003324
v 0.15309989 0.03082594 0.00243772
v 0.19849989 0.03082581 0.00243755
v 0.15309987 0.03110319 -0.00525163
v 0.19849987 0.03110306 -0.00525180
v 0.15309985 0.03287524 -0.01273914
v 0.19849985 0.03287510 -0.01273931
v 0.15309983 0.03607397 -0.01973707
v 0.19849983 0.03607384 -0.01973724
v 0.15309982 0.04057647 -0.02597650
v 0.19849982 0.04057634 -0.02597666
v 0.15309982 0.04620971 -0.03121764
v 0.19849982 0.04620958 -0.03121781
v 0.15309982 0.05275720 -0.03525909
v 0.19849982 0.05275707 -0.03525925
v 0.15309983 0.05996733 -0.03794553
v 0.19849983 0.05996720 -0.03794569
v 0.15309985 0.06756302 -0.03917372
v 0.19849985 0.06756289 -0.03917389
v 0.15309987 0.07525237 -0.03889647
v 0.19849987 0.07525224 -0.03889663
v 0.15309990 0.08273988 -0.03712442
v 0.19849990 0.08273975 -0.03712459
v 0.15309993 0.08973781 -0.03392569
v 0.19849993 0.08973768 -0.03392586
v 0.15309997 0.09597724 -0.02942319
v 0.19849997 0.09597711 -0.02942336
v 0.15310000 0.10121838 -0.02378995
v 0.19850000 0.10121825 -0.02379012
v 0.15310004 0.10525983 -0.01724246
v 0.19850004 0.10525970 -0.01724263
v 0.15310007 0.10794627 -0.01003233
v 0.19850007 0.10794614 -0.01003249
v 0.15299982 0.04765512 0.02563648
v 0.16649982 0.04953384 0.02841503
v 0.15299983 0.05115137 0.03014644
v 0.15299980 0.03969049 0.02622514
v 0.16649983 0.05230822 -0.03095502
v 0.16649980 0.03899678 -0.01611302
v 0.16649978 0.03035480 -0.00234476
v 0.16649980 0.03888946 0.01171067
v 0.16649983 0.05217238 0.02917927
v 0.16649979 0.03472519 0.01849847
v 0.16649984 0.05731435 0.03333102
v 0.15974979 0.03399359 -0.01492736
v 0.16649979 0.03379986 0.01233113
v 0.16649979 0.03588689 0.00903048
v 0.16649982 0.04967460 -0.03579153
v 0.15974984 0.05637816 -0.03451672
v 0.16649983 0.05269980 -0.02798069
v 0.16649979 0.03673928 -0.01123150
v 0.16649982 0.04741215 0.03169187
v 0.15299985 0.06061472 0.03795943
v 0.15299986 0.06225044 0.03302395
v 0.15299980 0.04007488 0.01402658
v 0.15299979 0.03471429 -0.01156191
v 0.15299980 0.04180488 -0.01938181
v 0.15974983 0.05117308 -0.03383146
v 0.15299980 0.03905147 -0.02433616
v 0.15299983 0.05180419 0.03416791
v 0.15299979 0.03379989 0.01233113
v 0.16251120 0.05500999 -0.03373326
v 0.15299984 0.05612407 -0.03070091
v 0.15299983 0.05230826 -0.03095502
v 0.15299983 0.05379542 -0.03115081
v 0.15299980 0.03855925 -0.01162970
v 0.15299979 0.03569500 0.00948801
v 0.15299979 0.03528706 0.01213534
v 0.15974980 0.03786980 0.00876942
v 0.15310000 -0.06999983 0.00000059
v 0.15310010 -0.03152960 0.00778548
v 0.19850010 -0.03152969 0.00778531
v 0.19850000 -0.06999991 0.00000043
v 0.15310012 -0.03378755 0.01514106
v 0.19850012 -0.03378764 0.01514090
v 0.15310014 -0.03743712 0.02191480
v 0.19850014 -0.03743721 0.02191464
v 0.15310015 -0.04233805 0.02784640
v 0.19850015 -0.04233814 0.02784623
v 0.15310016 -0.04830201 0.03270789
v 0.19850016 -0.04830210 0.03270773
v 0.15310016 -0.05509981 0.03631246
v 0.19850016 -0.05509990 0.03631230
v 0.15310015 -0.06247020 0.03852159
v 0.19850015 -0.06247029 0.03852143
v 0.15310014 -0.07012996 0.03925038
v 0.19850014 -0.07013004 0.03925021
v 0.15310012 -0.07778471 0.03847081
v 0.19850012 -0.07778480 0.03847065
v 0.15310010 -0.08514029 0.03621286
v 0.19850010 -0.08514038 0.03621270
v 0.15310007 -0.09191404 0.03256330
v 0.19850007 -0.09191413 0.03256313
v 0.15310004 -0.09784563 0.02766236
v 0.19850004 -0.09784572 0.02766220
v 0.15310001 -0.10270713 0.02169840
v 0.19850001 -0.10270721 0.02169824
v 0.15309998 -0.10631170 0.01490061
v 0.19849998 -0.10631178 0.01490044
v 0.15309995 -0.10852082 0.00753021
v 0.19849995 -0.10852091 0.00753005
v 0.15309992 -0.10924961 -0.00012954
v 0.19849992 -0.10924970 -0.00012970
v 0.15309990 -0.10847005 -0.00778429
v 0.19849990 -0.10847014 -0.00778446
v 0.15309987 -0.10621210 -0.01513988
v 0.19849987 -0.10621219 -0.01514004
v 0.15309986 -0.10256253 -0.02191362
v 0.19849986 -0.10256262 -0.02191378
v 0.15309985 -0.09766160 -0.02784521
v 0.19849985 -0.09766168 -0.02784538
v 0.15309984 -0.09169764 -0.03270671
v 0.19849984 -0.09169772 -0.03270687
v 0.15309984 -0.08489984 -0.03631128
v 0.19849984 -0.08489993 -0.03631144
v 0.15309985 -0.07752945 -0.03852041
v 0.19849985 -0.07752954 -0.03852057
v 0.15309986 -0.06986969 -0.03924919
v 0.19849986 -0.06986978 -0.03924936
v 0.15309988 -0.06221494 -0.03846963
v 0.19849988 -0.06221503 -0.03846980
v 0.15309990 -0.05485936 -0.03621168
v 0.19849990 -0.05485945 -0.03621185
v 0.15309992 -0.04808561 -0.03256211
v 0.19849992 -0.04808570 -0.03256228
v 0.15309995 -0.04215402 -0.02766118
v 0.19849995 -0.04215411 -0.02766134
v 0.15309998 -0.03729253 -0.02169722
v 0.19849998 -0.03729261 -0.02169738
v 0.15310002 -0.03368795 -0.01489943
v 0.19850002 -0.03368804 -0.01489959
v 0.15310005 -0.03147883 -0.00752903
v 0.19850005 -0.03147892 -0.00752919
v 0.15310007 -0.03075004 0.00013072
v 0.19850007 -0.03075013 0.00013056
v 0.16649993 -0.04765499 0.02563650
v 0.15299992 -0.04953371 0.02841504
v 0.16649992 -0.05115125 0.03014645
v 0.16649994 -0.03969036 0.02622517
v 0.15299992 -0.05230794 -0.03095502
v 0.15299995 -0.03899654 -0.01611299
v 0.15299997 -0.03035459 -0.00234470
v 0.15299995 -0.03888929 0.01171071
v 0.15299991 -0.05217226 0.02917927
v 0.15299996 -0.03472504 0.01849852
v 0.15299990 -0.05731424 0.03333100
v 0.15974996 -0.03399335 -0.01492731
v 0.15299996 -0.03379969 0.01233117
v 0.15299995 -0.03588672 0.00903052
v 0.15299992 -0.04967431 -0.03579152
v 0.15974991 -0.05637787 -0.03451673
v 0.15299992 -0.05269953 -0.02798069
v 0.15299995 -0.03673905 -0.01123146
v 0.15299993 -0.04741203 0.03169189
v 0.16649989 -0.06061462 0.03795941
v 0.16649989 -0.06225033 0.03302393
v 0.16649994 -0.04007471 0.01402661
v 0.16649996 -0.03471406 -0.01156186
v 0.16649994 -0.04180462 -0.01938178
v 0.15974992 -0.05117279 -0.03383146
v 0.16649995 -0.03905120 -0.02433613
v 0.16649992 -0.05180408 0.03416791
v 0.16649996 -0.03379972 0.01233117
v 0.15698855 -0.05500970 -0.03373327
v 0.16649991 -0.05612379 -0.03070092
v 0.16649992 -0.05230797 -0.03095502
v 0.16649991 -0.05379514 -0.03115081
v 0.16649995 -0.03855902 -0.01162966
v 0.16649995 -0.03569483 0.00948806
v 0.16649996 -0.03528689 0.01213538
v 0.15974995 -0.03786962 0.00876946
f 5 160 3
f 8 3 6
f 8 7 5
f 8 41 7
f 41 8 6
f 9 39 47
f 45 117 9
f 12 13 11
f 17 11 15
f 11 13 15
f 15 13 16
f 14 11 17
f 15 20 17
f 15 16 18
f 18 20 15
f 18 19 28
f 19 18 16
f 20 21 24
f 22 21 20
f 20 18 22
f 22 18 28
f 24 21 22
f 25 26 20
f 26 36 20
f 35 36 25
f 24 27 25
f 27 24 115
f 28 19 45
f 33 14 30
f 156 38 32
f 14 20 34
f 13 12 7
f 41 13 7
f 7 12 37
f 5 7 37
f 37 42 5
f 39 9 117
f 117 13 41
f 70 29 43
f 43 34 70
f 43 29 14
f 14 34 43
f 38 11 14
f 32 158 156
f 19 16 45
f 16 13 45
f 45 13 117
f 46 39 4
f 48 136 47
f 49 50 136
f 49 51 50
f 49 55 51
f 136 53 49
f 49 128 52
f 49 58 128
f 58 49 54
f 54 132 58
f 52 55 49
f 58 132 57
f 57 132 56
f 57 56 58
f 59 69 154
f 60 61 70
f 145 101 148
f 101 33 148
f 143 65 10
f 65 143 142
f 66 65 142
f 66 1 65
f 67 72 115
f 40 41 6
f 4 40 6
f 1 2 68
f 68 160 5
f 23 115 22
f 166 69 153
f 64 143 10
f 60 62 61
f 136 48 53
f 69 28 77
f 44 65 10
f 42 68 5
f 1 156 158
f 36 34 20
f 34 36 70
f 33 101 64
f 31 32 38
f 31 38 14
f 33 31 14
f 29 30 14
f 61 29 70
f 136 9 47
f 45 55 28
f 77 58 56
f 69 59 153
f 166 153 67
f 115 72 27
f 25 27 35
f 36 71 70
f 77 154 69
f 25 20 24
f 22 115 24
f 28 69 23
f 28 23 22
f 17 20 14
f 33 62 148
f 12 11 38
f 37 12 38
f 64 101 63
f 42 38 156
f 10 33 64
f 65 158 10
f 46 47 39
f 4 39 40
f 3 8 5
f 1 158 65
f 73 27 79
f 79 27 74
f 74 72 23
f 124 154 77
f 80 88 76
f 80 23 88
f 80 76 23
f 23 169 88
f 169 28 88
f 82 78 79
f 83 79 76
f 83 82 79
f 85 76 84
f 85 84 83
f 85 83 76
f 84 76 86
f 76 88 86
f 87 86 88
f 86 87 84
f 83 94 89
f 89 94 82
f 90 94 83
f 83 84 90
f 90 84 94
f 84 87 16
f 91 16 87
f 93 94 95
f 97 84 96
f 95 94 97
f 97 96 95
f 94 84 97
f 98 13 96
f 98 91 13
f 96 84 98
f 98 84 91
f 93 95 96
f 102 158 105
f 104 100 140
f 111 107 108
f 108 109 111
f 109 108 110
f 108 117 110
f 106 105 159
f 109 110 40
f 113 160 111
f 109 3 113
f 113 3 160
f 111 109 113
f 109 40 6
f 40 112 4
f 99 92 45
f 55 45 92
f 100 99 45
f 114 78 82
f 82 157 31
f 31 30 82
f 72 153 116
f 116 115 72
f 167 116 153
f 112 104 140
f 112 117 104
f 110 117 118
f 151 78 119
f 78 149 119
f 82 94 120
f 94 93 120
f 121 157 82
f 121 103 157
f 121 122 103
f 123 77 28
f 123 124 77
f 125 28 169
f 99 91 92
f 13 91 99
f 99 100 13
f 126 58 127
f 77 56 127
f 56 132 127
f 58 77 127
f 126 127 132
f 54 55 128
f 129 54 130
f 126 132 129
f 128 130 54
f 130 126 129
f 55 54 51
f 133 54 134
f 131 134 135
f 134 131 133
f 133 51 54
f 136 135 53
f 136 53 137
f 53 48 137
f 137 48 138
f 137 138 136
f 47 140 138
f 140 47 139
f 141 4 112
f 141 139 4
f 139 141 140
f 159 142 106
f 142 159 2
f 144 102 106
f 143 144 106
f 102 144 101
f 101 81 146
f 81 145 148
f 148 146 81
f 149 60 150
f 60 149 75
f 70 151 150
f 77 154 155
f 103 156 157
f 158 156 105
f 158 157 156
f 156 159 105
f 160 2 159
f 96 161 122
f 107 103 161
f 103 122 161
f 108 107 162
f 13 117 163
f 163 162 13
f 163 117 108
f 164 6 40
f 40 4 164
f 164 4 6
f 165 35 73
f 165 73 78
f 71 165 78
f 124 125 169
f 169 166 124
f 168 167 166
f 115 23 72
f 167 153 166
f 166 153 124
f 35 27 73
f 162 163 108
f 161 96 107
f 142 143 106
f 140 141 112
f 48 47 138
f 136 131 135
f 125 123 28
f 120 121 82
f 118 40 110
f 117 100 104
f 78 151 71
f 30 102 101
f 30 101 146
f 149 146 147
f 114 149 78
f 30 114 82
f 28 92 88
f 6 3 109
f 111 103 107
f 138 140 100
f 105 106 102
f 100 117 13
f 13 162 96
f 96 122 93
f 92 91 87
f 89 82 83
f 23 76 79
f 23 79 74
f 79 78 73
f 119 149 151
f 149 147 75
f 151 149 150
f 154 124 153
f 72 74 27
f 71 151 70
f 29 149 114
f 61 62 149
f 29 61 149
f 45 9 100
f 138 100 9
f 9 136 138
f 64 63 101
f 101 144 64
f 62 60 147
f 62 147 148
f 145 81 101
f 142 2 1
f 4 139 46
f 135 132 53
f 33 10 102
f 158 102 10
f 158 32 157
f 58 126 130
f 128 58 130
f 72 67 153
f 152 153 59
f 60 70 150
f 154 77 155
f 139 47 46
f 159 156 1
f 1 68 160
f 160 159 1
f 42 156 103
f 111 68 42
f 111 160 68
f 42 103 111
f 112 39 117
f 112 40 39
f 118 117 41
f 40 118 41
f 169 23 69
f 166 169 69
f 78 36 34
f 78 34 36
f 36 73 78
f 36 78 73
f 59 154 152
f 144 143 64
f 60 75 147
f 55 92 28
f 102 30 33
f 31 33 30
f 157 32 31
f 146 149 62
f 30 146 33
f 62 33 146
f 30 29 114
f 50 133 131
f 51 133 50
f 131 136 50
f 128 55 52
f 121 120 38
f 122 121 38
f 38 93 122
f 120 93 38
f 157 158 32
f 32 158 157
f 106 65 44
f 44 10 106
f 10 65 106
f 144 102 64
f 102 144 64
f 148 101 81
f 81 101 148
f 148 147 62
f 146 148 62
f 147 146 62
f 61 60 149
f 60 61 149
f 49 134 54
f 135 134 49
f 132 135 53
f 49 53 135
f 132 54 129
f 125 124 69
f 123 125 28
f 124 123 69
f 28 69 123
f 69 28 125
f 140 138 47
f 138 140 47
f 77 154 155
f 154 77 155
f 104 100 9
f 100 104 9
f 87 88 18
f 92 87 18
f 88 92 19
f 19 18 88
f 18 19 92
f 45 99 13
f 45 13 99
f 48 136 137
f 136 48 137
f 78 119 43
f 119 78 43
f 1 66 142
f 159 142 1
f 142 159 1
f 67 115 116
f 166 67 168
f 167 168 67
f 116 167 67
f 8 41 110
f 41 8 110
f 108 109 8
f 109 108 8
f 38 42 161
f 37 38 96
f 42 37 161
f 96 161 37
f 161 96 38
f 162 107 37
f 96 162 37
f 107 96 37
f 162 163 7
f 7 163 162
f 140 141 46
f 141 140 46
f 154 153 59
f 152 154 59
f 153 152 59
f 40 4 164
f 40 164 4
f 2 160 68
f 36 165 71
f 35 165 36
f 89 94 11
f 94 89 11
f 86 87 18
f 87 86 18
f 20 15 85
f 15 20 85
f 83 85 20
f 85 83 20
f 83 82 17
f 82 83 17
f 91 84 16
f 94 95 11
f 95 94 11
f 12 11 97
f 11 12 97
f 26 25 73
f 36 26 73
f 25 36 73
f 21 20 76
f 20 21 76
f 172 171 170
f 173 172 170
f 174 176 172
f 204 175 173
f 175 195 177
f 176 175 216
f 216 175 177
f 208 180 216
f 208 179 182
f 216 179 199
f 199 208 216
f 214 208 182
f 206 180 214
f 182 181 186
f 181 182 179
f 183 186 181
f 184 206 186
f 183 262 185
f 181 262 183
f 187 184 188
f 188 184 185
f 185 262 189
f 185 189 188
f 188 202 187
f 190 191 188
f 190 188 189
f 202 188 192
f 191 192 188
f 191 190 189
f 187 206 184
f 183 185 186
f 214 186 206
f 182 186 214
f 208 214 180
f 208 199 179
f 180 176 216
f 179 177 178
f 177 179 216
f 174 175 176
f 195 204 177
f 173 175 174
f 172 173 174
f 176 171 172
f 215 193 177
f 194 215 179
f 193 194 179
f 179 177 193
f 177 179 215
f 204 195 175
f 185 184 197
f 186 185 197
f 184 186 197
f 183 198 186
f 198 183 186
f 212 203 191
f 203 212 191
f 191 190 203
f 190 191 203
f 204 218 173
f 218 204 173
f 172 171 217
f 171 172 217
f 203 207 189
f 207 203 185
f 189 185 203
f 185 189 207
f 208 213 180
f 208 180 213
f 179 182 209
f 182 179 209
f 181 182 210
f 182 181 210
f 212 201 192
f 192 201 202
f 203 211 201
f 212 203 201
f 187 211 203
f 212 243 207
f 207 203 212
f 197 187 207
f 243 197 207
f 235 187 206
f 206 197 183
f 243 181 183
f 183 197 243
f 235 206 198
f 206 183 198
f 198 183 210
f 214 235 198
f 235 214 213
f 209 198 210
f 210 181 209
f 198 209 214
f 208 214 200
f 208 213 214
f 208 200 216
f 208 216 213
f 209 193 199
f 199 200 214
f 214 209 199
f 199 193 200
f 194 193 209
f 215 194 209
f 193 215 200
f 200 205 196
f 196 216 200
f 205 216 196
f 195 215 204
f 195 204 200
f 195 200 215
f 200 217 172
f 172 205 200
f 217 205 172
f 218 217 200
f 204 218 200
f 170 171 217
f 171 205 217
f 170 217 218
f 181 210 183
f 197 206 187
f 207 187 203
f 211 202 201
f 326 192 219
f 221 202 220
f 221 222 202
f 223 187 221
f 223 221 266
f 206 224 279
f 279 233 180
f 279 225 233
f 225 176 233
f 171 225 226
f 291 171 227
f 227 226 225
f 226 227 171
f 171 176 225
f 176 180 233
f 180 206 279
f 206 187 224
f 223 224 187
f 222 187 202
f 229 171 291
f 231 205 228
f 229 228 205
f 230 216 205
f 231 216 230
f 230 205 231
f 233 216 231
f 233 232 216
f 305 233 231
f 235 213 232
f 235 232 305
f 235 234 311
f 234 235 305
f 236 187 235
f 236 224 187
f 224 235 311
f 224 236 235
f 237 187 224
f 187 237 211
f 238 202 211
f 238 211 237
f 220 202 238
f 213 216 232
f 205 171 229
f 291 228 229
f 226 227 228
f 227 226 229
f 228 229 226
f 229 228 227
f 234 235 279
f 235 234 279
f 237 187 223
f 187 237 223
f 305 232 233
f 221 187 238
f 222 221 238
f 187 222 238
f 192 239 212
f 241 242 192
f 239 240 322
f 240 192 326
f 240 241 192
f 243 212 239
f 262 239 322
f 243 262 322
f 181 243 244
f 244 322 318
f 244 243 322
f 209 245 246
f 247 215 246
f 204 215 249
f 253 204 248
f 247 249 215
f 248 247 253
f 249 248 204
f 204 250 218
f 250 204 251
f 253 251 204
f 250 253 294
f 250 294 170
f 170 218 250
f 246 215 209
f 245 209 244
f 209 181 244
f 262 243 239
f 242 239 192
f 173 170 256
f 253 256 170
f 252 256 253
f 177 204 256
f 178 177 254
f 284 178 254
f 255 177 256
f 256 246 255
f 246 256 284
f 255 254 177
f 178 257 179
f 257 181 179
f 258 257 178
f 258 178 284
f 257 262 181
f 260 257 258
f 260 258 259
f 257 259 262
f 270 189 261
f 261 259 270
f 262 261 189
f 219 192 191
f 191 189 219
f 219 189 270
f 261 262 259
f 254 246 284
f 204 173 256
f 294 253 170
f 250 251 253
f 245 209 258
f 209 245 178
f 258 178 245
f 178 258 209
f 259 257 244
f 260 259 244
f 257 260 244
f 262 322 261
f 262 261 322
f 254 255 246
f 248 249 256
f 247 248 256
f 249 247 256
f 240 239 219
f 241 240 219
f 242 241 219
f 239 242 219
f 264 266 263
f 220 264 263
f 263 266 221
f 221 220 263
f 326 219 265
f 219 266 265
f 265 266 264
f 267 266 219
f 268 219 270
f 270 266 268
f 267 268 266
f 268 267 219
f 266 273 269
f 269 273 223
f 270 272 266
f 272 270 259
f 223 273 271
f 271 273 272
f 223 271 275
f 224 223 274
f 278 275 271
f 275 274 223
f 274 278 224
f 271 272 276
f 276 272 259
f 224 278 277
f 277 278 276
f 224 277 280
f 280 277 279
f 279 224 280
f 277 259 282
f 282 259 258
f 282 258 281
f 281 277 282
f 279 277 283
f 283 285 279
f 283 281 284
f 284 285 283
f 284 281 258
f 225 279 285
f 285 284 286
f 284 256 286
f 225 285 288
f 288 287 225
f 288 286 290
f 289 256 252
f 286 256 289
f 252 290 289
f 290 286 289
f 290 293 227
f 290 227 287
f 293 290 252
f 293 291 292
f 227 293 292
f 292 291 227
f 252 253 293
f 293 253 294
f 293 294 291
f 227 225 287
f 286 288 285
f 281 283 277
f 259 277 276
f 276 278 271
f 272 273 266
f 269 223 266
f 228 291 295
f 295 291 296
f 296 294 253
f 253 295 296
f 296 291 294
f 297 231 228
f 297 228 295
f 298 247 295
f 298 295 253
f 299 297 295
f 247 300 295
f 300 302 301
f 301 299 300
f 247 302 300
f 303 304 301
f 304 231 301
f 304 305 231
f 303 301 302
f 247 246 302
f 308 234 305
f 305 303 307
f 307 308 305
f 307 303 285
f 309 306 310
f 285 309 307
f 303 306 285
f 309 310 307
f 309 285 306
f 310 246 245
f 307 310 245
f 312 311 308
f 313 312 307
f 245 244 314
f 314 307 245
f 315 314 244
f 314 315 307
f 316 313 315
f 313 316 317
f 316 315 244
f 319 311 317
f 317 316 318
f 318 316 244
f 320 317 322
f 317 318 322
f 321 319 320
f 320 322 324
f 237 321 238
f 323 321 324
f 323 238 321
f 240 323 324
f 322 240 324
f 325 238 323
f 220 325 264
f 325 323 264
f 325 220 238
f 264 323 240
f 237 224 321
f 321 320 324
f 319 321 224
f 317 320 319
f 224 311 319
f 313 317 311
f 307 315 313
f 311 234 308
f 307 312 308
f 310 306 246
f 306 302 246
f 302 306 303
f 299 301 231
f 295 300 299
f 247 298 253
f 293 294 296
f 294 293 296
f 286 284 302
f 284 286 306
f 306 302 284
f 302 306 286
f 247 300 289
f 300 247 289
f 290 287 297
f 288 290 299
f 287 288 299
f 299 231 287
f 297 299 290
f 231 297 287
f 271 273 320
f 273 271 320
f 277 278 313
f 278 277 316
f 316 313 278
f 313 316 277
f 281 283 307
f 283 281 307
f 285 284 309
f 285 309 284
f 301 299 286
f 299 301 286
f 323 238 266
f 238 323 266
f 265 264 240
f 240 326 265
f 325 220 263
f 220 325 263
f 313 311 280
f 312 313 280
f 311 312 280
f 267 268 324
f 268 267 324
f 247 298 293
f 298 247 293
f 291 228 292
f 228 291 292
f 303 305 285
f 304 303 285
f 305 304 285
f 278 274 319
f 275 278 319
f 274 275 319
f 272 276 318
f 276 272 318
f 270 272 320
f 272 270 322
f 322 320 272
f 320 322 270
f 319 321 269
f 321 319 269
f 307 308 283
f 308 307 283
f 284 281 310
f 281 284 310
f 306 310 284
f 310 306 284
f 314 315 282
f 315 314 282
f 391 328 327
f 483 391 327
f 483 480 391
f 328 392 329
f 329 368 328
f 329 330 368
f 330 329 331
f 334 335 333
f 331 333 330
f 333 338 334
f 392 328 391
f 336 335 337
f 368 332 328
f 334 337 335
f 333 331 338
f 337 391 336
f 371 336 391
f 371 391 480
f 480 339 371
f 371 339 336
f 332 336 435
f 336 340 366
f 340 336 339
f 435 366 342
f 366 435 336
f 366 487 342
f 366 340 487
f 341 435 342
f 342 487 388
f 341 347 343
f 343 406 341
f 432 341 406
f 343 344 406
f 344 343 345
f 348 349 346
f 347 373 349
f 345 346 344
f 373 432 406
f 347 341 342
f 347 342 373
f 346 345 348
f 406 349 373
f 348 347 349
f 373 342 389
f 342 388 389
f 409 389 388
f 350 432 373
f 373 351 350
f 409 351 373
f 351 409 491
f 456 350 375
f 351 456 375
f 375 350 351
f 491 353 351
f 351 355 352
f 355 456 352
f 352 456 351
f 353 355 351
f 353 356 355
f 354 355 394
f 394 403 456
f 354 394 456
f 354 456 355
f 469 403 394
f 355 356 469
f 356 358 469
f 403 357 402
f 357 403 469
f 358 359 357
f 358 357 469
f 359 360 402
f 357 359 402
f 364 365 360
f 359 361 364
f 362 360 365
f 363 362 365
f 363 365 387
f 384 381 363
f 363 381 362
f 384 364 381
f 363 387 384
f 382 381 364
f 382 401 381
f 401 364 377
f 377 361 401
f 401 382 364
f 360 359 364
f 360 403 402
f 394 355 469
f 456 432 350
f 432 435 341
f 328 376 327
f 414 327 376
f 336 332 368
f 335 336 368
f 333 335 368
f 330 333 368
f 340 336 369
f 336 340 369
f 371 339 372
f 349 406 407
f 346 349 407
f 344 346 407
f 406 344 407
f 374 355 354
f 405 374 354
f 354 355 405
f 378 375 351
f 375 378 351
f 383 377 364
f 364 361 383
f 409 351 378
f 351 409 378
f 380 379 363
f 381 380 363
f 400 381 363
f 384 383 364
f 386 385 387
f 383 387 365
f 384 387 385
f 365 364 383
f 366 369 340
f 366 340 369
f 390 408 347
f 343 347 408
f 345 343 408
f 348 345 408
f 331 329 392
f 338 331 392
f 334 338 337
f 403 404 357
f 403 357 404
f 355 395 394
f 396 356 355
f 398 399 357
f 358 357 399
f 357 358 398
f 381 383 384
f 380 381 385
f 386 379 380
f 385 386 380
f 386 387 379
f 400 363 387
f 384 385 381
f 363 379 387
f 382 401 377
f 401 361 377
f 382 383 381
f 377 383 382
f 387 402 427
f 397 387 383
f 397 383 361
f 404 458 397
f 402 397 458
f 358 404 467
f 404 397 467
f 404 403 458
f 469 404 398
f 399 398 404
f 358 399 404
f 398 358 469
f 455 403 405
f 374 395 355
f 394 395 374
f 394 374 405
f 405 403 394
f 355 403 404
f 469 356 396
f 356 469 470
f 355 356 470
f 396 355 469
f 393 355 404
f 393 469 355
f 469 393 404
f 375 405 355
f 471 355 470
f 375 355 471
f 378 406 375
f 378 375 471
f 407 406 378
f 409 407 378
f 450 406 408
f 348 406 407
f 390 407 342
f 407 347 348
f 348 408 406
f 408 390 342
f 390 347 407
f 389 407 373
f 389 342 407
f 409 388 389
f 409 373 407
f 389 388 342
f 342 448 408
f 448 342 366
f 367 366 342
f 367 342 388
f 447 448 366
f 369 366 367
f 370 366 411
f 411 410 370
f 410 447 370
f 370 447 366
f 339 411 369
f 411 366 369
f 368 411 337
f 391 412 392
f 368 337 338
f 368 410 411
f 368 338 410
f 410 338 392
f 391 337 411
f 392 412 410
f 372 339 480
f 480 411 371
f 480 371 372
f 339 371 411
f 411 480 391
f 412 391 444
f 413 391 480
f 391 414 376
f 376 444 391
f 414 391 413
f 412 447 410
f 448 450 408
f 406 405 375
f 355 394 403
f 455 458 403
f 458 427 402
f 397 402 387
f 401 382 381
f 387 427 400
f 400 362 381
f 362 400 464
f 416 417 418
f 417 419 418
f 420 421 422
f 422 416 420
f 419 417 424
f 418 420 416
f 423 425 464
f 420 460 421
f 424 425 419
f 423 419 425
f 426 460 362
f 426 362 464
f 426 461 460
f 362 460 360
f 461 421 460
f 463 423 464
f 463 430 427
f 427 360 463
f 403 427 430
f 429 428 430
f 428 429 453
f 428 453 456
f 431 453 429
f 456 431 518
f 433 456 518
f 433 570 434
f 570 432 434
f 434 432 433
f 570 436 438
f 439 570 438
f 435 432 450
f 438 437 439
f 439 432 570
f 438 435 437
f 435 438 436
f 439 450 432
f 450 437 435
f 558 435 436
f 440 435 558
f 441 332 440
f 536 328 441
f 376 442 443
f 443 442 536
f 443 538 376
f 376 328 442
f 328 332 441
f 332 435 440
f 432 456 433
f 456 403 428
f 430 428 403
f 403 360 427
f 376 538 539
f 539 444 376
f 412 444 445
f 445 551 446
f 446 412 445
f 447 446 551
f 449 437 438
f 438 451 449
f 437 450 438
f 448 438 450
f 434 406 450
f 587 406 434
f 434 450 449
f 452 406 587
f 452 405 433
f 405 406 433
f 452 433 406
f 428 456 453
f 428 455 456
f 453 452 454
f 455 453 454
f 405 456 455
f 455 428 453
f 453 405 452
f 608 458 457
f 455 454 457
f 455 457 458
f 608 459 458
f 427 458 459
f 400 427 462
f 423 464 424
f 424 461 423
f 426 400 462
f 460 423 461
f 462 427 459
f 461 462 460
f 464 400 426
f 461 426 462
f 423 459 464
f 463 462 459
f 448 447 551
f 447 412 446
f 445 412 441
f 412 445 441
f 551 447 440
f 447 551 440
f 587 406 433
f 406 587 433
f 457 455 430
f 455 457 430
f 428 429 455
f 428 455 429
f 536 442 444
f 328 536 444
f 442 328 444
f 463 360 462
f 418 419 423
f 420 418 460
f 360 460 462
f 423 460 418
f 463 459 423
f 439 437 449
f 449 450 439
f 438 435 448
f 438 448 435
f 448 451 438
f 431 456 453
f 405 453 456
f 422 421 461
f 416 422 461
f 417 416 461
f 424 417 461
f 424 464 425
f 502 397 361
f 465 466 501
f 465 500 466
f 500 397 502
f 502 466 500
f 500 465 397
f 465 501 507
f 467 397 465
f 358 467 468
f 493 469 468
f 469 493 494
f 469 494 470
f 470 494 471
f 378 585 490
f 585 378 471
f 472 378 490
f 409 490 488
f 472 409 378
f 409 473 388
f 476 474 475
f 476 473 409
f 474 476 488
f 476 409 488
f 475 473 476
f 473 474 367
f 369 367 557
f 369 557 477
f 480 339 478
f 479 339 477
f 478 479 480
f 481 480 479
f 480 482 413
f 484 482 480
f 543 482 484
f 484 480 481
f 543 541 482
f 414 482 541
f 414 413 482
f 477 339 369
f 367 388 473
f 468 469 358
f 361 401 502
f 482 414 541
f 483 327 484
f 485 483 484
f 484 327 482
f 480 483 485
f 534 480 485
f 339 480 478
f 478 480 534
f 478 486 339
f 486 340 339
f 527 340 369
f 486 369 340
f 369 486 527
f 527 487 340
f 487 527 489
f 488 409 388
f 388 487 488
f 489 490 488
f 475 489 488
f 487 475 488
f 490 409 488
f 491 409 490
f 353 491 471
f 353 471 494
f 492 358 356
f 356 353 492
f 492 353 494
f 494 468 493
f 492 493 468
f 493 492 494
f 358 492 468
f 495 358 468
f 465 359 358
f 495 465 358
f 502 401 361
f 361 359 502
f 498 497 496
f 496 499 498
f 497 500 496
f 501 499 465
f 501 498 499
f 500 497 466
f 500 502 359
f 466 502 500
f 465 507 501
f 465 500 359
f 327 414 482
f 495 465 468
f 465 495 468
f 339 479 478
f 478 486 477
f 486 478 477
f 585 378 491
f 378 585 491
f 469 493 492
f 492 493 469
f 409 472 490
f 500 465 499
f 499 496 500
f 474 473 487
f 475 474 489
f 475 487 473
f 487 489 474
f 527 487 367
f 487 527 367
f 557 369 486
f 369 557 486
f 501 466 498
f 497 498 466
f 464 415 503
f 621 505 504
f 503 415 621
f 415 505 621
f 618 621 504
f 618 503 621
f 622 506 501
f 501 507 622
f 506 504 505
f 622 504 506
f 503 508 463
f 508 503 504
f 504 507 465
f 508 465 509
f 509 465 495
f 509 495 508
f 510 430 508
f 508 495 511
f 511 468 510
f 510 508 511
f 511 495 468
f 429 510 431
f 598 510 514
f 598 514 513
f 514 431 513
f 512 598 513
f 513 431 512
f 512 431 510
f 515 468 494
f 515 514 510
f 510 468 515
f 515 494 514
f 518 514 593
f 518 431 514
f 593 494 471
f 514 494 593
f 516 433 518
f 517 471 491
f 593 471 517
f 517 491 518
f 518 593 517
f 516 570 433
f 521 570 516
f 516 518 521
f 586 491 490
f 518 491 586
f 586 490 521
f 521 518 586
f 573 521 519
f 566 573 519
f 436 570 520
f 566 519 520
f 566 520 570
f 519 436 520
f 573 570 521
f 523 489 522
f 522 583 521
f 521 523 522
f 583 581 521
f 523 521 490
f 523 490 489
f 581 519 521
f 581 489 519
f 581 522 489
f 519 524 525
f 524 558 436
f 525 436 519
f 436 525 524
f 526 489 527
f 519 489 526
f 526 527 524
f 524 519 526
f 524 440 558
f 527 486 524
f 528 441 440
f 440 524 529
f 529 528 440
f 529 486 478
f 524 486 529
f 528 532 441
f 530 529 533
f 528 530 553
f 530 531 553
f 533 529 545
f 530 533 531
f 528 553 532
f 530 528 529
f 532 533 545
f 555 545 535
f 529 478 535
f 535 545 529
f 535 478 534
f 534 555 535
f 545 534 485
f 441 532 536
f 536 545 485
f 537 443 536
f 540 536 485
f 540 484 482
f 485 484 540
f 537 540 541
f 540 482 541
f 538 537 541
f 538 443 537
f 540 537 536
f 545 536 532
f 598 512 510
f 429 430 510
f 430 463 508
f 465 508 504
f 503 463 464
f 541 540 539
f 543 540 541
f 444 539 542
f 542 539 540
f 540 484 542
f 444 544 445
f 545 544 444
f 545 444 542
f 481 545 542
f 481 542 484
f 445 544 551
f 544 531 546
f 546 547 544
f 546 549 548
f 549 546 550
f 531 530 552
f 544 547 528
f 550 552 549
f 546 548 547
f 531 544 545
f 552 553 531
f 554 530 531
f 531 545 554
f 528 551 544
f 552 550 553
f 545 555 535
f 555 479 535
f 545 535 554
f 481 479 555
f 555 545 481
f 558 551 556
f 556 551 554
f 554 558 556
f 529 477 557
f 477 558 554
f 477 557 558
f 448 551 559
f 448 558 563
f 558 559 551
f 367 563 558
f 367 558 557
f 448 560 451
f 560 448 561
f 562 561 448
f 563 562 448
f 564 367 474
f 474 561 563
f 563 564 474
f 564 563 367
f 560 570 449
f 570 434 449
f 560 561 565
f 565 566 560
f 565 568 567
f 568 565 569
f 569 571 572
f 519 573 571
f 569 572 568
f 565 567 566
f 574 573 519
f 566 570 560
f 571 569 519
f 519 561 574
f 523 488 490
f 577 561 575
f 490 574 523
f 561 577 521
f 575 576 577
f 579 580 576
f 576 583 579
f 578 582 474
f 578 580 582
f 521 574 561
f 581 561 474
f 579 582 580
f 576 575 583
f 474 488 523
f 523 578 474
f 516 587 570
f 516 570 574
f 584 490 585
f 586 516 574
f 586 585 516
f 586 574 490
f 584 586 490
f 587 516 589
f 588 585 471
f 471 587 588
f 589 588 587
f 589 516 585
f 588 589 585
f 587 590 452
f 591 590 587
f 593 591 587
f 592 471 494
f 494 591 593
f 593 592 494
f 594 587 471
f 594 593 587
f 590 595 454
f 595 457 454
f 597 598 599
f 596 595 590
f 590 513 600
f 599 603 597
f 600 601 590
f 600 602 601
f 513 590 591
f 597 513 598
f 512 596 590
f 600 599 602
f 513 591 598
f 598 591 604
f 599 600 603
f 601 512 590
f 596 604 595
f 515 591 514
f 605 514 606
f 515 604 591
f 514 605 515
f 514 591 494
f 494 493 605
f 606 494 605
f 607 493 468
f 604 607 468
f 608 595 604
f 604 610 608
f 468 610 609
f 610 604 609
f 609 604 468
f 610 459 608
f 611 610 468
f 468 467 611
f 611 467 610
f 612 459 613
f 620 612 613
f 613 459 610
f 620 610 614
f 507 620 614
f 614 610 467
f 467 465 614
f 465 507 614
f 464 459 612
f 415 612 616
f 612 503 615
f 615 617 612
f 612 617 616
f 615 619 617
f 505 415 616
f 620 621 618
f 621 620 505
f 618 617 619
f 503 612 620
f 506 620 622
f 620 506 505
f 623 506 624
f 624 501 623
f 624 507 501
f 622 624 506
f 616 621 505
f 612 415 464
f 613 610 620
f 608 457 595
f 607 605 493
f 454 452 590
f 592 594 471
f 587 434 570
f 449 451 560
f 541 539 538
f 448 559 558
f 564 563 526
f 563 564 526
f 530 528 548
f 528 530 551
f 554 551 530
f 549 552 530
f 548 549 530
f 547 548 528
f 557 477 529
f 477 554 535
f 479 477 535
f 523 521 577
f 523 574 521
f 580 578 523
f 576 580 523
f 577 576 523
f 573 566 567
f 570 573 574
f 572 571 573
f 568 572 573
f 567 568 573
f 516 587 518
f 587 516 518
f 603 600 513
f 597 603 513
f 594 592 593
f 588 589 517
f 589 588 517
f 540 539 537
f 539 540 537
f 543 484 540
f 507 504 620
f 622 620 504
f 507 624 622
f 584 585 586
f 617 618 621
f 616 617 621
f 506 623 501
f 618 504 620
f 503 618 619
f 619 615 503
f 503 620 504
f 583 522 579
f 575 561 581
f 583 575 581
f 582 579 522
f 474 582 522
f 581 474 522
f 525 436 563
f 436 525 561
f 563 561 525
f 562 563 436
f 561 562 436
f 367 558 527
f 558 367 527
f 519 520 561
f 565 561 520
f 569 565 520
f 519 569 520
f 534 545 555
f 533 532 531
f 546 531 532
f 550 546 532
f 553 550 532
f 607 604 515
f 605 607 515
f 512 598 596
f 604 596 598
f 602 599 598
f 601 602 598
f 512 601 598
f 494 606 514
f 467 611 509
f 611 467 509
f 689 626 625
f 781 689 625
f 781 778 689
f 626 690 627
f 627 666 626
f 627 628 666
f 628 627 629
f 632 633 631
f 629 631 628
f 631 636 632
f 690 626 689
f 634 633 635
f 666 630 626
f 632 635 633
f 631 629 636
f 635 689 634
f 669 634 689
f 669 689 778
f 778 637 669
f 669 637 634
f 630 634 733
f 634 638 664
f 638 634 637
f 733 664 640
f 664 733 634
f 664 785 640
f 664 638 785
f 639 733 640
f 640 785 686
f 639 645 641
f 641 704 639
f 730 639 704
f 641 642 704
f 642 641 643
f 646 647 644
f 645 671 647
f 643 644 642
f 671 730 704
f 645 639 640
f 645 640 671
f 644 643 646
f 704 647 671
f 646 645 647
f 671 640 687
f 640 686 687
f 707 687 686
f 648 730 671
f 671 649 648
f 707 649 671
f 649 707 789
f 754 648 673
f 649 754 673
f 673 648 649
f 789 651 649
f 649 653 650
f 653 754 650
f 650 754 649
f 651 653 649
f 651 654 653
f 652 653 692
f 692 701 754
f 652 692 754
f 652 754 653
f 767 701 692
f 653 654 767
f 654 656 767
f 701 655 700
f 655 701 767
f 656 657 655
f 656 655 767
f 657 658 700
f 655 657 700
f 662 663 658
f 657 659 662
f 660 658 663
f 661 660 663
f 661 663 685
f 682 679 661
f 661 679 660
f 682 662 679
f 661 685 682
f 680 679 662
f 680 699 679
f 699 662 675
f 675 659 699
f 699 680 662
f 658 657 662
f 658 701 700
f 692 653 767
f 754 730 648
f 730 733 639
f 626 674 625
f 712 625 674
f 634 630 666
f 633 634 666
f 631 633 666
f 628 631 666
f 638 634 667
f 634 638 667
f 669 637 670
f 647 704 705
f 644 647 705
f 642 644 705
f 704 642 705
f 672 653 652
f 703 672 652
f 652 653 703
f 676 673 649
f 673 676 649
f 681 675 662
f 662 659 681
f 707 649 676
f 649 707 676
f 678 677 661
f 679 678 661
f 698 679 661
f 682 681 662
f 684 683 685
f 681 685 663
f 682 685 683
f 663 662 681
f 664 667 638
f 664 638 667
f 688 706 645
f 641 645 706
f 643 641 706
f 646 643 706
f 629 627 690
f 636 629 690
f 632 636 635
f 701 702 655
f 701 655 702
f 653 693 692
f 694 654 653
f 696 697 655
f 656 655 697
f 655 656 696
f 679 681 682
f 678 679 683
f 684 677 678
f 683 684 678
f 684 685 677
f 698 661 685
f 682 683 679
f 661 677 685
f 680 699 675
f 699 659 675
f 680 681 679
f 675 681 680
f 685 700 725
f 695 685 681
f 695 681 659
f 702 756 695
f 700 695 756
f 656 702 765
f 702 695 765
f 702 701 756
f 767 702 696
f 697 696 702
f 656 697 702
f 696 656 767
f 753 701 703
f 672 693 653
f 692 693 672
f 692 672 703
f 703 701 692
f 653 701 702
f 767 654 694
f 654 767 768
f 653 654 768
f 694 653 767
f 691 653 702
f 691 767 653
f 767 691 702
f 673 703 653
f 769 653 768
f 673 653 769
f 676 704 673
f 676 673 769
f 705 704 676
f 707 705 676
f 748 704 706
f 646 704 705
f 688 705 640
f 705 645 646
f 646 706 704
f 706 688 640
f 688 645 705
f 687 705 671
f 687 640 705
f 707 686 687
f 707 671 705
f 687 686 640
f 640 746 706
f 746 640 664
f 665 664 640
f 665 640 686
f 745 746 664
f 667 664 665
f 668 664 709
f 709 708 668
f 708 745 668
f 668 745 664
f 637 709 667
f 709 664 667
f 666 709 635
f 689 710 690
f 666 635 636
f 666 708 709
f 666 636 708
f 708 636 690
f 689 635 709
f 690 710 708
f 670 637 778
f 778 709 669
f 778 669 670
f 637 669 709
f 709 778 689
f 710 689 742
f 711 689 778
f 689 712 674
f 674 742 689
f 712 689 711
f 710 745 708
f 746 748 706
f 704 703 673
f 653 692 701
f 753 756 701
f 756 725 700
f 695 700 685
f 699 680 679
f 685 725 698
f 698 660 679
f 660 698 762
f 714 715 716
f 715 717 716
f 718 719 720
f 720 714 718
f 717 715 722
f 716 718 714
f 721 723 762
f 718 758 719
f 722 723 717
f 721 717 723
f 724 758 660
f 724 660 762
f 724 759 758
f 660 758 658
f 759 719 758
f 761 721 762
f 761 728 725
f 725 658 761
f 701 725 728
f 727 726 728
f 726 727 751
f 726 751 754
f 729 751 727
f 754 729 816
f 731 754 816
f 731 868 732
f 868 730 732
f 732 730 731
f 868 734 736
f 737 868 736
f 733 730 748
f 736 735 737
f 737 730 868
f 736 733 735
f 733 736 734
f 737 748 730
f 748 735 733
f 856 733 734
f 738 733 856
f 739 630 738
f 834 626 739
f 674 740 741
f 741 740 834
f 741 836 674
f 674 626 740
f 626 630 739
f 630 733 738
f 730 754 731
f 754 701 726
f 728 726 701
f 701 658 725
f 674 836 837
f 837 742 674
f 710 742 743
f 743 849 744
f 744 710 743
f 745 744 849
f 747 735 736
f 736 749 747
f 735 748 736
f 746 736 748
f 732 704 748
f 885 704 732
f 732 748 747
f 750 704 885
f 750 703 731
f 703 704 731
f 750 731 704
f 726 754 751
f 726 753 754
f 751 750 752
f 753 751 752
f 703 754 753
f 753 726 751
f 751 703 750
f 906 756 755
f 753 752 755
f 753 755 756
f 906 757 756
f 725 756 757
f 698 725 760
f 721 762 722
f 722 759 721
f 724 698 760
f 758 721 759
f 760 725 757
f 759 760 758
f 762 698 724
f 759 724 760
f 721 757 762
f 761 760 757
f 746 745 849
f 745 710 744
f 743 710 739
f 710 743 739
f 849 745 738
f 745 849 738
f 885 704 731
f 704 885 731
f 755 753 728
f 753 755 728
f 726 727 753
f 726 753 727
f 834 740 742
f 626 834 742
f 740 626 742
f 761 658 760
f 716 717 721
f 718 716 758
f 658 758 760
f 721 758 716
f 761 757 721
f 737 735 747
f 747 748 737
f 736 733 746
f 736 746 733
f 746 749 736
f 729 754 751
f 703 751 754
f 720 719 759
f 714 720 759
f 715 714 759
f 722 715 759
f 722 762 723
f 800 695 659
f 763 764 799
f 763 798 764
f 798 695 800
f 800 764 798
f 798 763 695
f 763 799 805
f 765 695 763
f 656 765 766
f 791 767 766
f 767 791 792
f 767 792 768
f 768 792 769
f 676 883 788
f 883 676 769
f 770 676 788
f 707 788 786
f 770 707 676
f 707 771 686
f 774 772 773
f 774 771 707
f 772 774 786
f 774 707 786
f 773 771 774
f 771 772 665
f 667 665 855
f 667 855 775
f 778 637 776
f 777 637 775
f 776 777 778
f 779 778 777
f 778 780 711
f 782 780 778
f 841 780 782
f 782 778 779
f 841 839 780
f 712 780 839
f 712 711 780
f 775 637 667
f 665 686 771
f 766 767 656
f 659 699 800
f 780 712 839
f 781 625 782
f 783 781 782
f 782 625 780
f 778 781 783
f 832 778 783
f 637 778 776
f 776 778 832
f 776 784 637
f 784 638 637
f 825 638 667
f 784 667 638
f 667 784 825
f 825 785 638
f 785 825 787
f 786 707 686
f 686 785 786
f 787 788 786
f 773 787 786
f 785 773 786
f 788 707 786
f 789 707 788
f 651 789 769
f 651 769 792
f 790 656 654
f 654 651 790
f 790 651 792
f 792 766 791
f 790 791 766
f 791 790 792
f 656 790 766
f 793 656 766
f 763 657 656
f 793 763 656
f 800 699 659
f 659 657 800
f 796 795 794
f 794 797 796
f 795 798 794
f 799 797 763
f 799 796 797
f 798 795 764
f 798 800 657
f 764 800 798
f 763 805 799
f 763 798 657
f 625 712 780
f 793 763 766
f 763 793 766
f 637 777 776
f 776 784 775
f 784 776 775
f 883 676 789
f 676 883 789
f 767 791 790
f 790 791 767
f 707 770 788
f 798 763 797
f 797 794 798
f 772 771 785
f 773 772 787
f 773 785 771
f 785 787 772
f 825 785 665
f 785 825 665
f 855 667 784
f 667 855 784
f 799 764 796
f 795 796 764
f 762 713 801
f 919 803 802
f 801 713 919
f 713 803 919
f 916 919 802
f 916 801 919
f 920 804 799
f 799 805 920
f 804 802 803
f 920 802 804
f 801 806 761
f 806 801 802
f 802 805 763
f 806 763 807
f 807 763 793
f 807 793 806
f 808 728 806
f 806 793 809
f 809 766 808
f 808 806 809
f 809 793 766
f 727 808 729
f 896 808 812
f 896 812 811
f 812 729 811
f 810 896 811
f 811 729 810
f 810 729 808
f 813 766 792
f 813 812 808
f 808 766 813
f 813 792 812
f 816 812 891
f 816 729 812
f 891 792 769
f 812 792 891
f 814 731 816
f 815 769 789
f 891 769 815
f 815 789 816
f 816 891 815
f 814 868 731
f 819 868 814
f 814 816 819
f 884 789 788
f 816 789 884
f 884 788 819
f 819 816 884
f 871 819 817
f 864 871 817
f 734 868 818
f 864 817 818
f 864 818 868
f 817 734 818
f 871 868 819
f 821 787 820
f 820 881 819
f 819 821 820
f 881 879 819
f 821 819 788
f 821 788 787
f 879 817 819
f 879 787 817
f 879 820 787
f 817 822 823
f 822 856 734
f 823 734 817
f 734 823 822
f 824 787 825
f 817 787 824
f 824 825 822
f 822 817 824
f 822 738 856
f 825 784 822
f 826 739 738
f 738 822 827
f 827 826 738
f 827 784 776
f 822 784 827
f 826 830 739
f 828 827 831
f 826 828 851
f 828 829 851
f 831 827 843
f 828 831 829
f 826 851 830
f 828 826 827
f 830 831 843
f 853 843 833
f 827 776 833
f 833 843 827
f 833 776 832
f 832 853 833
f 843 832 783
f 739 830 834
f 834 843 783
f 835 741 834
f 838 834 783
f 838 782 780
f 783 782 838
f 835 838 839
f 838 780 839
f 836 835 839
f 836 741 835
f 838 835 834
f 843 834 830
f 896 810 808
f 727 728 808
f 728 761 806
f 763 806 802
f 801 761 762
f 839 838 837
f 841 838 839
f 742 837 840
f 840 837 838
f 838 782 840
f 742 842 743
f 843 842 742
f 843 742 840
f 779 843 840
f 779 840 782
f 743 842 849
f 842 829 844
f 844 845 842
f 844 847 846
f 847 844 848
f 829 828 850
f 842 845 826
f 848 850 847
f 844 846 845
f 829 842 843
f 850 851 829
f 852 828 829
f 829 843 852
f 826 849 842
f 850 848 851
f 843 853 833
f 853 777 833
f 843 833 852
f 779 777 853
f 853 843 779
f 856 849 854
f 854 849 852
f 852 856 854
f 827 775 855
f 775 856 852
f 775 855 856
f 746 849 857
f 746 856 861
f 856 857 849
f 665 861 856
f 665 856 855
f 746 858 749
f 858 746 859
f 860 859 746
f 861 860 746
f 862 665 772
f 772 859 861
f 861 862 772
f 862 861 665
f 858 868 747
f 868 732 747
f 858 859 863
f 863 864 858
f 863 866 865
f 866 863 867
f 867 869 870
f 817 871 869
f 867 870 866
f 863 865 864
f 872 871 817
f 864 868 858
f 869 867 817
f 817 859 872
f 821 786 788
f 875 859 873
f 788 872 821
f 859 875 819
f 873 874 875
f 877 878 874
f 874 881 877
f 876 880 772
f 876 878 880
f 819 872 859
f 879 859 772
f 877 880 878
f 874 873 881
f 772 786 821
f 821 876 772
f 814 885 868
f 814 868 872
f 882 788 883
f 884 814 872
f 884 883 814
f 884 872 788
f 882 884 788
f 885 814 887
f 886 883 769
f 769 885 886
f 887 886 885
f 887 814 883
f 886 887 883
f 885 888 750
f 889 888 885
f 891 889 885
f 890 769 792
f 792 889 891
f 891 890 792
f 892 885 769
f 892 891 885
f 888 893 752
f 893 755 752
f 895 896 897
f 894 893 888
f 888 811 898
f 897 901 895
f 898 899 888
f 898 900 899
f 811 888 889
f 895 811 896
f 810 894 888
f 898 897 900
f 811 889 896
f 896 889 902
f 897 898 901
f 899 810 888
f 894 902 893
f 813 889 812
f 903 812 904
f 813 902 889
f 812 903 813
f 812 889 792
f 792 791 903
f 904 792 903
f 905 791 766
f 902 905 766
f 906 893 902
f 902 908 906
f 766 908 907
f 908 902 907
f 907 902 766
f 908 757 906
f 909 908 766
f 766 765 909
f 909 765 908
f 910 757 911
f 918 910 911
f 911 757 908
f 918 908 912
f 805 918 912
f 912 908 765
f 765 763 912
f 763 805 912
f 762 757 910
f 713 910 914
f 910 801 913
f 913 915 910
f 910 915 914
f 913 917 915
f 803 713 914
f 918 919 916
f 919 918 803
f 916 915 917
f 801 910 918
f 804 918 920
f 918 804 803
f 921 804 922
f 922 799 921
f 922 805 799
f 920 922 804
f 914 919 803
f 910 713 762
f 911 908 918
f 906 755 893
f 905 903 791
f 752 750 888
f 890 892 769
f 885 732 868
f 747 749 858
f 839 837 836
f 746 857 856
f 862 861 824
f 861 862 824
f 828 826 846
f 826 828 849
f 852 849 828
f 847 850 828
f 846 847 828
f 845 846 826
f 855 775 827
f 775 852 833
f 777 775 833
f 821 819 875
f 821 872 819
f 878 876 821
f 874 878 821
f 875 874 821
f 871 864 865
f 868 871 872
f 870 869 871
f 866 870 871
f 865 866 871
f 814 885 816
f 885 814 816
f 901 898 811
f 895 901 811
f 892 890 891
f 886 887 815
f 887 886 815
f 838 837 835
f 837 838 835
f 841 782 838
f 805 802 918
f 920 918 802
f 805 922 920
f 882 883 884
f 915 916 919
f 914 915 919
f 804 921 799
f 916 802 918
f 801 916 917
f 917 913 801
f 801 918 802
f 881 820 877
f 873 859 879
f 881 873 879
f 880 877 820
f 772 880 820
f 879 772 820
f 823 734 861
f 734 823 859
f 861 859 823
f 860 861 734
f 859 860 734
f 665 856 825
f 856 665 825
f 817 818 859
f 863 859 818
f 867 863 818
f 817 867 818
f 832 843 853
f 831 830 829
f 844 829 830
f 848 844 830
f 851 848 830
f 905 902 813
f 903 905 813
f 810 896 894
f 902 894 896
f 900 897 896
f 899 900 896
f 810 899 896
f 792 904 812
f 765 909 807
f 909 765 807
f 925 924 923
f 926 925 923
f 927 929 925
f 957 928 926
f 928 948 930
f 929 928 969
f 969 928 930
f 961 933 969
f 961 932 935
f 969 932 952
f 952 961 969
f 967 961 935
f 959 933 967
f 935 934 939
f 934 935 932
f 936 939 934
f 937 959 939
f 936 1015 938
f 934 1015 936
f 940 937 941
f 941 937 938
f 938 1015 942
f 938 942 941
f 941 955 940
f 943 944 941
f 943 941 942
f 955 941 945
f 944 945 941
f 944 943 942
f 940 959 937
f 936 938 939
f 967 939 959
f 935 939 967
f 961 967 933
f 961 952 932
f 933 929 969
f 932 930 931
f 930 932 969
f 927 928 929
f 948 957 930
f 926 928 927
f 925 926 927
f 929 924 925
f 968 946 930
f 947 968 932
f 946 947 932
f 932 930 946
f 930 932 968
f 957 948 928
f 938 937 950
f 939 938 950
f 937 939 950
f 936 951 939
f 951 936 939
f 965 956 944
f 956 965 944
f 944 943 956
f 943 944 956
f 957 971 926
f 971 957 926
f 925 924 970
f 924 925 970
f 956 960 942
f 960 956 938
f 942 938 956
f 938 942 960
f 961 966 933
f 961 933 966
f 932 935 962
f 935 932 962
f 934 935 963
f 935 934 963
f 965 954 945
f 945 954 955
f 956 964 954
f 965 956 954
f 940 964 956
f 965 996 960
f 960 956 965
f 950 940 960
f 996 950 960
f 988 940 959
f 959 950 936
f 996 934 936
f 936 950 996
f 988 959 951
f 959 936 951
f 951 936 963
f 967 988 951
f 988 967 966
f 962 951 963
f 963 934 962
f 951 962 967
f 961 967 953
f 961 966 967
f 961 953 969
f 961 969 966
f 962 946 952
f 952 953 967
f 967 962 952
f 952 946 953
f 947 946 962
f 968 947 962
f 946 968 953
f 953 958 949
f 949 969 953
f 958 969 949
f 948 968 957
f 948 957 953
f 948 953 968
f 953 970 925
f 925 958 953
f 970 958 925
f 971 970 953
f 957 971 953
f 923 924 970
f 924 958 970
f 923 970 971
f 934 963 936
f 950 959 940
f 960 940 956
f 964 955 954
f 1079 945 972
f 974 955 973
f 974 975 955
f 976 940 974
f 976 974 1019
f 959 977 1032
f 1032 986 933
f 1032 978 986
f 978 929 986
f 924 978 979
f 1044 924 980
f 980 979 978
f 979 980 924
f 924 929 978
f 929 933 986
f 933 959 1032
f 959 940 977
f 976 977 940
f 975 940 955
f 982 924 1044
f 984 958 981
f 982 981 958
f 983 969 958
f 984 969 983
f 983 958 984
f 986 969 984
f 986 985 969
f 1058 986 984
f 988 966 985
f 988 985 1058
f 988 987 1064
f 987 988 1058
f 989 940 988
f 989 977 940
f 977 988 1064
f 977 989 988
f 990 940 977
f 940 990 964
f 991 955 964
f 991 964 990
f 973 955 991
f 966 969 985
f 958 924 982
f 1044 981 982
f 979 980 981
f 980 979 982
f 981 982 979
f 982 981 980
f 987 988 1032
f 988 987 1032
f 990 940 976
f 940 990 976
f 1058 985 986
f 974 940 991
f 975 974 991
f 940 975 991
f 945 992 965
f 994 995 945
f 992 993 1075
f 993 945 1079
f 993 994 945
f 996 965 992
f 1015 992 1075
f 996 1015 1075
f 934 996 997
f 997 1075 1071
f 997 996 1075
f 962 998 999
f 1000 968 999
f 957 968 1002
f 1006 957 1001
f 1000 1002 968
f 1001 1000 1006
f 1002 1001 957
f 957 1003 971
f 1003 957 1004
f 1006 1004 957
f 1003 1006 1047
f 1003 1047 923
f 923 971 1003
f 999 968 962
f 998 962 997
f 962 934 997
f 1015 996 992
f 995 992 945
f 926 923 1009
f 1006 1009 923
f 1005 1009 1006
f 930 957 1009
f 931 930 1007
f 1037 931 1007
f 1008 930 1009
f 1009 999 1008
f 999 1009 1037
f 1008 1007 930
f 931 1010 932
f 1010 934 932
f 1011 1010 931
f 1011 931 1037
f 1010 1015 934
f 1013 1010 1011
f 1013 1011 1012
f 1010 1012 1015
f 1023 942 1014
f 1014 1012 1023
f 1015 1014 942
f 972 945 944
f 944 942 972
f 972 942 1023
f 1014 1015 1012
f 1007 999 1037
f 957 926 1009
f 1047 1006 923
f 1003 1004 1006
f 998 962 1011
f 962 998 931
f 1011 931 998
f 931 1011 962
f 1012 1010 997
f 1013 1012 997
f 1010 1013 997
f 1015 1075 1014
f 1015 1014 1075
f 1007 1008 999
f 1001 1002 1009
f 1000 1001 1009
f 1002 1000 1009
f 993 992 972
f 994 993 972
f 995 994 972
f 992 995 972
f 1017 1019 1016
f 973 1017 1016
f 1016 1019 974
f 974 973 1016
f 1079 972 1018
f 972 1019 1018
f 1018 1019 1017
f 1020 1019 972
f 1021 972 1023
f 1023 1019 1021
f 1020 1021 1019
f 1021 1020 972
f 1019 1026 1022
f 1022 1026 976
f 1023 1025 1019
f 1025 1023 1012
f 976 1026 1024
f 1024 1026 1025
f 976 1024 1028
f 977 976 1027
f 1031 1028 1024
f 1028 1027 976
f 1027 1031 977
f 1024 1025 1029
f 1029 1025 1012
f 977 1031 1030
f 1030 1031 1029
f 977 1030 1033
f 1033 1030 1032
f 1032 977 1033
f 1030 1012 1035
f 1035 1012 1011
f 1035 1011 1034
f 1034 1030 1035
f 1032 1030 1036
f 1036 1038 1032
f 1036 1034 1037
f 1037 1038 1036
f 1037 1034 1011
f 978 1032 1038
f 1038 1037 1039
f 1037 1009 1039
f 978 1038 1041
f 1041 1040 978
f 1041 1039 1043
f 1042 1009 1005
f 1039 1009 1042
f 1005 1043 1042
f 1043 1039 1042
f 1043 1046 980
f 1043 980 1040
f 1046 1043 1005
f 1046 1044 1045
f 980 1046 1045
f 1045 1044 980
f 1005 1006 1046
f 1046 1006 1047
f 1046 1047 1044
f 980 978 1040
f 1039 1041 1038
f 1034 1036 1030
f 1012 1030 1029
f 1029 1031 1024
f 1025 1026 1019
f 1022 976 1019
f 981 1044 1048
f 1048 1044 1049
f 1049 1047 1006
f 1006 1048 1049
f 1049 1044 1047
f 1050 984 981
f 1050 981 1048
f 1051 1000 1048
f 1051 1048 1006
f 1052 1050 1048
f 1000 1053 1048
f 1053 1055 1054
f 1054 1052 1053
f 1000 1055 1053
f 1056 1057 1054
f 1057 984 1054
f 1057 1058 984
f 1056 1054 1055
f 1000 999 1055
f 1061 987 1058
f 1058 1056 1060
f 1060 1061 1058
f 1060 1056 1038
f 1062 1059 1063
f 1038 1062 1060
f 1056 1059 1038
f 1062 1063 1060
f 1062 1038 1059
f 1063 999 998
f 1060 1063 998
f 1065 1064 1061
f 1066 1065 1060
f 998 997 1067
f 1067 1060 998
f 1068 1067 997
f 1067 1068 1060
f 1069 1066 1068
f 1066 1069 1070
f 1069 1068 997
f 1072 1064 1070
f 1070 1069 1071
f 1071 1069 997
f 1073 1070 1075
f 1070 1071 1075
f 1074 1072 1073
f 1073 1075 1077
f 990 1074 991
f 1076 1074 1077
f 1076 991 1074
f 993 1076 1077
f 1075 993 1077
f 1078 991 1076
f 973 1078 1017
f 1078 1076 1017
f 1078 973 991
f 1017 1076 993
f 990 977 1074
f 1074 1073 1077
f 1072 1074 977
f 1070 1073 1072
f 977 1064 1072
f 1066 1070 1064
f 1060 1068 1066
f 1064 987 1061
f 1060 1065 1061
f 1063 1059 999
f 1059 1055 999
f 1055 1059 1056
f 1052 1054 984
f 1048 1053 1052
f 1000 1051 1006
f 1046 1047 1049
f 1047 1046 1049
f 1039 1037 1055
f 1037 1039 1059
f 1059 1055 1037
f 1055 1059 1039
f 1000 1053 1042
f 1053 1000 1042
f 1043 1040 1050
f 1041 1043 1052
f 1040 1041 1052
f 1052 984 1040
f 1050 1052 1043
f 984 1050 1040
f 1024 1026 1073
f 1026 1024 1073
f 1030 1031 1066
f 1031 1030 1069
f 1069 1066 1031
f 1066 1069 1030
f 1034 1036 1060
f 1036 1034 1060
f 1038 1037 1062
f 1038 1062 1037
f 1054 1052 1039
f 1052 1054 1039
f 1076 991 1019
f 991 1076 1019
f 1018 1017 993
f 993 1079 1018
f 1078 973 1016
f 973 1078 1016
f 1066 1064 1033
f 1065 1066 1033
f 1064 1065 1033
f 1020 1021 1077
f 1021 1020 1077
f 1000 1051 1046
f 1051 1000 1046
f 1044 981 1045
f 981 1044 1045
f 1056 1058 1038
f 1057 1056 1038
f 1058 1057 1038
f 1031 1027 1072
f 1028 1031 1072
f 1027 1028 1072
f 1025 1029 1071
f 1029 1025 1071
f 1023 1025 1073
f 1025 1023 1075
f 1075 1073 1025
f 1073 1075 1023
f 1072 1074 1022
f 1074 1072 1022
f 1060 1061 1036
f 1061 1060 1036
f 1037 1034 1063
f 1034 1037 1063
f 1059 1063 1037
f 1063 1059 1037
f 1067 1068 1035
f 1068 1067 1035
f 1080 1082 1098
f 1082 1080 1081
f 1088 1090 1082
f 1081 1088 1082
f 1098 1081 1080
f 1090 1098 1082
f 1097 1093 1086
f 1098 1089 1087
f 1085 1094 1084
f 1086 1093 1092
f 1087 1081 1098
f 1091 1094 1085
f 1093 1097 1115
f 1096 1085 1084
f 1089 1086 1092
f 1090 1100 1099
f 1082 1100 1090
f 1080 1082 1088
f 1101 1080 1081
f 1115 1101 1087
f 1112 1102 1097
f 1103 1112 1097
f 1096 1108 1103
f 1085 1096 1103
f 1097 1085 1103
f 1115 1097 1102
f 1081 1087 1101
f 1088 1081 1080
f 1090 1088 1082
f 1105 1094 1091
f 1102 1097 1086
f 1107 1086 1089
f 1083 1089 1098
f 1083 1098 1090
f 1090 1099 1106
f 1090 1106 1083
f 1089 1083 1107
f 1086 1107 1102
f 1097 1102 1091
f 1094 1105 1104
f 1083 1106 1082
f 1109 1108 1095
f 1108 1109 1103
f 1108 1096 1084
f 1110 1111 1108
f 1104 1110 1094
f 1111 1109 1108
f 1084 1094 1110
f 1108 1084 1110
f 1091 1102 1097
f 1112 1103 1085
f 1102 1112 1097
f 1085 1097 1112
f 1091 1085 1103
f 1103 1105 1091
f 1113 1102 1107
f 1103 1110 1105
f 1103 1109 1111
f 1104 1105 1110
f 1103 1111 1110
f 1095 1108 1109
f 1099 1100 1082
f 1114 1107 1083
f 1082 1080 1114
f 1082 1114 1083
f 1115 1102 1113
f 1106 1099 1082
f 1113 1080 1101
f 1080 1113 1114
f 1113 1101 1115
f 1089 1092 1087
f 1087 1093 1115
f 1107 1114 1087
f 1113 1107 1092
f 1114 1113 1087
f 1093 1087 1113
f 1092 1093 1113
f 1087 1092 1107
f 1116 1118 1134
f 1118 1116 1117
f 1124 1126 1118
f 1117 1124 1118
f 1134 1117 1116
f 1126 1134 1118
f 1133 1129 1122
f 1134 1125 1123
f 1121 1130 1120
f 1122 1129 1128
f 1123 1117 1134
f 1127 1130 1121
f 1129 1133 1151
f 1132 1121 1120
f 1125 1122 1128
f 1126 1136 1135
f 1118 1136 1126
f 1116 1118 1124
f 1137 1116 1117
f 1151 1137 1123
f 1148 1138 1133
f 1139 1148 1133
f 1132 1144 1139
f 1121 1132 1139
f 1133 1121 1139
f 1151 1133 1138
f 1117 1123 1137
f 1124 1117 1116
f 1126 1124 1118
f 1141 1130 1127
f 1138 1133 1122
f 1143 1122 1125
f 1119 1125 1134
f 1119 1134 1126
f 1126 1135 1142
f 1126 1142 1119
f 1125 1119 1143
f 1122 1143 1138
f 1133 1138 1127
f 1130 1141 1140
f 1119 1142 1118
f 1145 1144 1131
f 1144 1145 1139
f 1144 1132 1120
f 1146 1147 1144
f 1140 1146 1130
f 1147 1145 1144
f 1120 1130 1146
f 1144 1120 1146
f 1127 1138 1133
f 1148 1139 1121
f 1138 1148 1133
f 1121 1133 1148
f 1127 1121 1139
f 1139 1141 1127
f 1149 1138 1143
f 1139 1146 1141
f 1139 1145 1147
f 1140 1141 1146
f 1139 1147 1146
f 1131 1144 1145
f 1135 1136 1118
f 1150 1143 1119
f 1118 1116 1150
f 1118 1150 1119
f 1151 1138 1149
f 1142 1135 1118
f 1149 1116 1137
f 1116 1149 1150
f 1149 1137 1151
f 1125 1128 1123
f 1123 1129 1151
f 1143 1150 1123
f 1149 1143 1128
f 1150 1149 1123
f 1129 1123 1149
f 1128 1129 1149
f 1123 1128 1143
f 1154 1153 1152
f 1155 1154 1152
f 1156 1158 1154
f 1186 1157 1155
f 1157 1177 1159
f 1158 1157 1198
f 1198 1157 1159
f 1190 1162 1198
f 1190 1161 1164
f 1198 1161 1181
f 1181 1190 1198
f 1196 1190 1164
f 1188 1162 1196
f 1164 1163 1168
f 1163 1164 1161
f 1165 1168 1163
f 1166 1188 1168
f 1165 1244 1167
f 1163 1244 1165
f 1169 1166 1170
f 1170 1166 1167
f 1167 1244 1171
f 1167 1171 1170
f 1170 1184 1169
f 1172 1173 1170
f 1172 1170 1171
f 1184 1170 1174
f 1173 1174 1170
f 1173 1172 1171
f 1169 1188 1166
f 1165 1167 1168
f 1196 1168 1188
f 1164 1168 1196
f 1190 1196 1162
f 1190 1181 1161
f 1162 1158 1198
f 1161 1159 1160
f 1159 1161 1198
f 1156 1157 1158
f 1177 1186 1159
f 1155 1157 1156
f 1154 1155 1156
f 1158 1153 1154
f 1197 1175 1159
f 1176 1197 1161
f 1175 1176 1161
f 1161 1159 1175
f 1159 1161 1197
f 1186 1177 1157
f 1167 1166 1179
f 1168 1167 1179
f 1166 1168 1179
f 1165 1180 1168
f 1180 1165 1168
f 1194 1185 1173
f 1185 1194 1173
f 1173 1172 1185
f 1172 1173 1185
f 1186 1200 1155
f 1200 1186 1155
f 1154 1153 1199
f 1153 1154 1199
f 1185 1189 1171
f 1189 1185 1167
f 1171 1167 1185
f 1167 1171 1189
f 1190 1195 1162
f 1190 1162 1195
f 1161 1164 1191
f 1164 1161 1191
f 1163 1164 1192
f 1164 1163 1192
f 1194 1183 1174
f 1174 1183 1184
f 1185 1193 1183
f 1194 1185 1183
f 1169 1193 1185
f 1194 1225 1189
f 1189 1185 1194
f 1179 1169 1189
f 1225 1179 1189
f 1217 1169 1188
f 1188 1179 1165
f 1225 1163 1165
f 1165 1179 1225
f 1217 1188 1180
f 1188 1165 1180
f 1180 1165 1192
f 1196 1217 1180
f 1217 1196 1195
f 1191 1180 1192
f 1192 1163 1191
f 1180 1191 1196
f 1190 1196 1182
f 1190 1195 1196
f 1190 1182 1198
f 1190 1198 1195
f 1191 1175 1181
f 1181 1182 1196
f 1196 1191 1181
f 1181 1175 1182
f 1176 1175 1191
f 1197 1176 1191
f 1175 1197 1182
f 1182 1187 1178
f 1178 1198 1182
f 1187 1198 1178
f 1177 1197 1186
f 1177 1186 1182
f 1177 1182 1197
f 1182 1199 1154
f 1154 1187 1182
f 1199 1187 1154
f 1200 1199 1182
f 1186 1200 1182
f 1152 1153 1199
f 1153 1187 1199
f 1152 1199 1200
f 1163 1192 1165
f 1179 1188 1169
f 1189 1169 1185
f 1193 1184 1183
f 1308 1174 1201
f 1203 1184 1202
f 1203 1204 1184
f 1205 1169 1203
f 1205 1203 1248
f 1188 1206 1261
f 1261 1215 1162
f 1261 1207 1215
f 1207 1158 1215
f 1153 1207 1208
f 1273 1153 1209
f 1209 1208 1207
f 1208 1209 1153
f 1153 1158 1207
f 1158 1162 1215
f 1162 1188 1261
f 1188 1169 1206
f 1205 1206 1169
f 1204 1169 1184
f 1211 1153 1273
f 1213 1187 1210
f 1211 1210 1187
f 1212 1198 1187
f 1213 1198 1212
f 1212 1187 1213
f 1215 1198 1213
f 1215 1214 1198
f 1287 1215 1213
f 1217 1195 1214
f 1217 1214 1287
f 1217 1216 1293
f 1216 1217 1287
f 1218 1169 1217
f 1218 1206 1169
f 1206 1217 1293
f 1206 1218 1217
f 1219 1169 1206
f 1169 1219 1193
f 1220 1184 1193
f 1220 1193 1219
f 1202 1184 1220
f 1195 1198 1214
f 1187 1153 1211
f 1273 1210 1211
f 1208 1209 1210
f 1209 1208 1211
f 1210 1211 1208
f 1211 1210 1209
f 1216 1217 1261
f 1217 1216 1261
f 1219 1169 1205
f 1169 1219 1205
f 1287 1214 1215
f 1203 1169 1220
f 1204 1203 1220
f 1169 1204 1220
f 1174 1221 1194
f 1223 1224 1174
f 1221 1222 1304
f 1222 1174 1308
f 1222 1223 1174
f 1225 1194 1221
f 1244 1221 1304
f 1225 1244 1304
f 1163 1225 1226
f 1226 1304 1300
f 1226 1225 1304
f 1191 1227 1228
f 1229 1197 1228
f 1186 1197 1231
f 1235 1186 1230
f 1229 1231 1197
f 1230 1229 1235
f 1231 1230 1186
f 1186 1232 1200
f 1232 1186 1233
f 1235 1233 1186
f 1232 1235 1276
f 1232 1276 1152
f 1152 1200 1232
f 1228 1197 1191
f 1227 1191 1226
f 1191 1163 1226
f 1244 1225 1221
f 1224 1221 1174
f 1155 1152 1238
f 1235 1238 1152
f 1234 1238 1235
f 1159 1186 1238
f 1160 1159 1236
f 1266 1160 1236
f 1237 1159 1238
f 1238 1228 1237
f 1228 1238 1266
f 1237 1236 1159
f 1160 1239 1161
f 1239 1163 1161
f 1240 1239 1160
f 1240 1160 1266
f 1239 1244 1163
f 1242 1239 1240
f 1242 1240 1241
f 1239 1241 1244
f 1252 1171 1243
f 1243 1241 1252
f 1244 1243 1171
f 1201 1174 1173
f 1173 1171 1201
f 1201 1171 1252
f 1243 1244 1241
f 1236 1228 1266
f 1186 1155 1238
f 1276 1235 1152
f 1232 1233 1235
f 1227 1191 1240
f 1191 1227 1160
f 1240 1160 1227
f 1160 1240 1191
f 1241 1239 1226
f 1242 1241 1226
f 1239 1242 1226
f 1244 1304 1243
f 1244 1243 1304
f 1236 1237 1228
f 1230 1231 1238
f 1229 1230 1238
f 1231 1229 1238
f 1222 1221 1201
f 1223 1222 1201
f 1224 1223 1201
f 1221 1224 1201
f 1246 1248 1245
f 1202 1246 1245
f 1245 1248 1203
f 1203 1202 1245
f 1308 1201 1247
f 1201 1248 1247
f 1247 1248 1246
f 1249 1248 1201
f 1250 1201 1252
f 1252 1248 1250
f 1249 1250 1248
f 1250 1249 1201
f 1248 1255 1251
f 1251 1255 1205
f 1252 1254 1248
f 1254 1252 1241
f 1205 1255 1253
f 1253 1255 1254
f 1205 1253 1257
f 1206 1205 1256
f 1260 1257 1253
f 1257 1256 1205
f 1256 1260 1206
f 1253 1254 1258
f 1258 1254 1241
f 1206 1260 1259
f 1259 1260 1258
f 1206 1259 1262
f 1262 1259 1261
f 1261 1206 1262
f 1259 1241 1264
f 1264 1241 1240
f 1264 1240 1263
f 1263 1259 1264
f 1261 1259 1265
f 1265 1267 1261
f 1265 1263 1266
f 1266 1267 1265
f 1266 1263 1240
f 1207 1261 1267
f 1267 1266 1268
f 1266 1238 1268
f 1207 1267 1270
f 1270 1269 1207
f 1270 1268 1272
f 1271 1238 1234
f 1268 1238 1271
f 1234 1272 1271
f 1272 1268 1271
f 1272 1275 1209
f 1272 1209 1269
f 1275 1272 1234
f 1275 1273 1274
f 1209 1275 1274
f 1274 1273 1209
f 1234 1235 1275
f 1275 1235 1276
f 1275 1276 1273
f 1209 1207 1269
f 1268 1270 1267
f 1263 1265 1259
f 1241 1259 1258
f 1258 1260 1253
f 1254 1255 1248
f 1251 1205 1248
f 1210 1273 1277
f 1277 1273 1278
f 1278 1276 1235
f 1235 1277 1278
f 1278 1273 1276
f 1279 1213 1210
f 1279 1210 1277
f 1280 1229 1277
f 1280 1277 1235
f 1281 1279 1277
f 1229 1282 1277
f 1282 1284 1283
f 1283 1281 1282
f 1229 1284 1282
f 1285 1286 1283
f 1286 1213 1283
f 1286 1287 1213
f 1285 1283 1284
f 1229 1228 1284
f 1290 1216 1287
f 1287 1285 1289
f 1289 1290 1287
f 1289 1285 1267
f 1291 1288 1292
f 1267 1291 1289
f 1285 1288 1267
f 1291 1292 1289
f 1291 1267 1288
f 1292 1228 1227
f 1289 1292 1227
f 1294 1293 1290
f 1295 1294 1289
f 1227 1226 1296
f 1296 1289 1227
f 1297 1296 1226
f 1296 1297 1289
f 1298 1295 1297
f 1295 1298 1299
f 1298 1297 1226
f 1301 1293 1299
f 1299 1298 1300
f 1300 1298 1226
f 1302 1299 1304
f 1299 1300 1304
f 1303 1301 1302
f 1302 1304 1306
f 1219 1303 1220
f 1305 1303 1306
f 1305 1220 1303
f 1222 1305 1306
f 1304 1222 1306
f 1307 1220 1305
f 1202 1307 1246
f 1307 1305 1246
f 1307 1202 1220
f 1246 1305 1222
f 1219 1206 1303
f 1303 1302 1306
f 1301 1303 1206
f 1299 1302 1301
f 1206 1293 1301
f 1295 1299 1293
f 1289 1297 1295
f 1293 1216 1290
f 1289 1294 1290
f 1292 1288 1228
f 1288 1284 1228
f 1284 1288 1285
f 1281 1283 1213
f 1277 1282 1281
f 1229 1280 1235
f 1275 1276 1278
f 1276 1275 1278
f 1268 1266 1284
f 1266 1268 1288
f 1288 1284 1266
f 1284 1288 1268
f 1229 1282 1271
f 1282 1229 1271
f 1272 1269 1279
f 1270 1272 1281
f 1269 1270 1281
f 1281 1213 1269
f 1279 1281 1272
f 1213 1279 1269
f 1253 1255 1302
f 1255 1253 1302
f 1259 1260 1295
f 1260 1259 1298
f 1298 1295 1260
f 1295 1298 1259
f 1263 1265 1289
f 1265 1263 1289
f 1267 1266 1291
f 1267 1291 1266
f 1283 1281 1268
f 1281 1283 1268
f 1305 1220 1248
f 1220 1305 1248
f 1247 1246 1222
f 1222 1308 1247
f 1307 1202 1245
f 1202 1307 1245
f 1295 1293 1262
f 1294 1295 1262
f 1293 1294 1262
f 1249 1250 1306
f 1250 1249 1306
f 1229 1280 1275
f 1280 1229 1275
f 1273 1210 1274
f 1210 1273 1274
f 1285 1287 1267
f 1286 1285 1267
f 1287 1286 1267
f 1260 1256 1301
f 1257 1260 1301
f 1256 1257 1301
f 1254 1258 1300
f 1258 1254 1300
f 1252 1254 1302
f 1254 1252 1304
f 1304 1302 1254
f 1302 1304 1252
f 1301 1303 1251
f 1303 1301 1251
f 1289 1290 1265
f 1290 1289 1265
f 1266 1263 1292
f 1263 1266 1292
f 1288 1292 1266
f 1292 1288 1266
f 1296 1297 1264
f 1297 1296 1264
f 1373 1310 1309
f 1465 1373 1309
f 1465 1462 1373
f 1310 1374 1311
f 1311 1350 1310
f 1311 1312 1350
f 1312 1311 1313
f 1316 1317 1315
f 1313 1315 1312
f 1315 1320 1316
f 1374 1310 1373
f 1318 1317 1319
f 1350 1314 1310
f 1316 1319 1317
f 1315 1313 1320
f 1319 1373 1318
f 1353 1318 1373
f 1353 1373 1462
f 1462 1321 1353
f 1353 1321 1318
f 1314 1318 1417
f 1318 1322 1348
f 1322 1318 1321
f 1417 1348 1324
f 1348 1417 1318
f 1348 1469 1324
f 1348 1322 1469
f 1323 1417 1324
f 1324 1469 1370
f 1323 1329 1325
f 1325 1388 1323
f 1414 1323 1388
f 1325 1326 1388
f 1326 1325 1327
f 1330 1331 1328
f 1329 1355 1331
f 1327 1328 1326
f 1355 1414 1388
f 1329 1323 1324
f 1329 1324 1355
f 1328 1327 1330
f 1388 1331 1355
f 1330 1329 1331
f 1355 1324 1371
f 1324 1370 1371
f 1391 1371 1370
f 1332 1414 1355
f 1355 1333 1332
f 1391 1333 1355
f 1333 1391 1473
f 1438 1332 1357
f 1333 1438 1357
f 1357 1332 1333
f 1473 1335 1333
f 1333 1337 1334
f 1337 1438 1334
f 1334 1438 1333
f 1335 1337 1333
f 1335 1338 1337
f 1336 1337 1376
f 1376 1385 1438
f 1336 1376 1438
f 1336 1438 1337
f 1451 1385 1376
f 1337 1338 1451
f 1338 1340 1451
f 1385 1339 1384
f 1339 1385 1451
f 1340 1341 1339
f 1340 1339 1451
f 1341 1342 1384
f 1339 1341 1384
f 1346 1347 1342
f 1341 1343 1346
f 1344 1342 1347
f 1345 1344 1347
f 1345 1347 1369
f 1366 1363 1345
f 1345 1363 1344
f 1366 1346 1363
f 1345 1369 1366
f 1364 1363 1346
f 1364 1383 1363
f 1383 1346 1359
f 1359 1343 1383
f 1383 1364 1346
f 1342 1341 1346
f 1342 1385 1384
f 1376 1337 1451
f 1438 1414 1332
f 1414 1417 1323
f 1310 1358 1309
f 1396 1309 1358
f 1318 1314 1350
f 1317 1318 1350
f 1315 1317 1350
f 1312 1315 1350
f 1322 1318 1351
f 1318 1322 1351
f 1353 1321 1354
f 1331 1388 1389
f 1328 1331 1389
f 1326 1328 1389
f 1388 1326 1389
f 1356 1337 1336
f 1387 1356 1336
f 1336 1337 1387
f 1360 1357 1333
f 1357 1360 1333
f 1365 1359 1346
f 1346 1343 1365
f 1391 1333 1360
f 1333 1391 1360
f 1362 1361 1345
f 1363 1362 1345
f 1382 1363 1345
f 1366 1365 1346
f 1368 1367 1369
f 1365 1369 1347
f 1366 1369 1367
f 1347 1346 1365
f 1348 1351 1322
f 1348 1322 1351
f 1372 1390 1329
f 1325 1329 1390
f 1327 1325 1390
f 1330 1327 1390
f 1313 1311 1374
f 1320 1313 1374
f 1316 1320 1319
f 1385 1386 1339
f 1385 1339 1386
f 1337 1377 1376
f 1378 1338 1337
f 1380 1381 1339
f 1340 1339 1381
f 1339 1340 1380
f 1363 1365 1366
f 1362 1363 1367
f 1368 1361 1362
f 1367 1368 1362
f 1368 1369 1361
f 1382 1345 1369
f 1366 1367 1363
f 1345 1361 1369
f 1364 1383 1359
f 1383 1343 1359
f 1364 1365 1363
f 1359 1365 1364
f 1369 1384 1409
f 1379 1369 1365
f 1379 1365 1343
f 1386 1440 1379
f 1384 1379 1440
f 1340 1386 1449
f 1386 1379 1449
f 1386 1385 1440
f 1451 1386 1380
f 1381 1380 1386
f 1340 1381 1386
f 1380 1340 1451
f 1437 1385 1387
f 1356 1377 1337
f 1376 1377 1356
f 1376 1356 1387
f 1387 1385 1376
f 1337 1385 1386
f 1451 1338 1378
f 1338 1451 1452
f 1337 1338 1452
f 1378 1337 1451
f 1375 1337 1386
f 1375 1451 1337
f 1451 1375 1386
f 1357 1387 1337
f 1453 1337 1452
f 1357 1337 1453
f 1360 1388 1357
f 1360 1357 1453
f 1389 1388 1360
f 1391 1389 1360
f 1432 1388 1390
f 1330 1388 1389
f 1372 1389 1324
f 1389 1329 1330
f 1330 1390 1388
f 1390 1372 1324
f 1372 1329 1389
f 1371 1389 1355
f 1371 1324 1389
f 1391 1370 1371
f 1391 1355 1389
f 1371 1370 1324
f 1324 1430 1390
f 1430 1324 1348
f 1349 1348 1324
f 1349 1324 1370
f 1429 1430 1348
f 1351 1348 1349
f 1352 1348 1393
f 1393 1392 1352
f 1392 1429 1352
f 1352 1429 1348
f 1321 1393 1351
f 1393 1348 1351
f 1350 1393 1319
f 1373 1394 1374
f 1350 1319 1320
f 1350 1392 1393
f 1350 1320 1392
f 1392 1320 1374
f 1373 1319 1393
f 1374 1394 1392
f 1354 1321 1462
f 1462 1393 1353
f 1462 1353 1354
f 1321 1353 1393
f 1393 1462 1373
f 1394 1373 1426
f 1395 1373 1462
f 1373 1396 1358
f 1358 1426 1373
f 1396 1373 1395
f 1394 1429 1392
f 1430 1432 1390
f 1388 1387 1357
f 1337 1376 1385
f 1437 1440 1385
f 1440 1409 1384
f 1379 1384 1369
f 1383 1364 1363
f 1369 1409 1382
f 1382 1344 1363
f 1344 1382 1446
f 1398 1399 1400
f 1399 1401 1400
f 1402 1403 1404
f 1404 1398 1402
f 1401 1399 1406
f 1400 1402 1398
f 1405 1407 1446
f 1402 1442 1403
f 1406 1407 1401
f 1405 1401 1407
f 1408 1442 1344
f 1408 1344 1446
f 1408 1443 1442
f 1344 1442 1342
f 1443 1403 1442
f 1445 1405 1446
f 1445 1412 1409
f 1409 1342 1445
f 1385 1409 1412
f 1411 1410 1412
f 1410 1411 1435
f 1410 1435 1438
f 1413 1435 1411
f 1438 1413 1500
f 1415 1438 1500
f 1415 1552 1416
f 1552 1414 1416
f 1416 1414 1415
f 1552 1418 1420
f 1421 1552 1420
f 1417 1414 1432
f 1420 1419 1421
f 1421 1414 1552
f 1420 1417 1419
f 1417 1420 1418
f 1421 1432 1414
f 1432 1419 1417
f 1540 1417 1418
f 1422 1417 1540
f 1423 1314 1422
f 1518 1310 1423
f 1358 1424 1425
f 1425 1424 1518
f 1425 1520 1358
f 1358 1310 1424
f 1310 1314 1423
f 1314 1417 1422
f 1414 1438 1415
f 1438 1385 1410
f 1412 1410 1385
f 1385 1342 1409
f 1358 1520 1521
f 1521 1426 1358
f 1394 1426 1427
f 1427 1533 1428
f 1428 1394 1427
f 1429 1428 1533
f 1431 1419 1420
f 1420 1433 1431
f 1419 1432 1420
f 1430 1420 1432
f 1416 1388 1432
f 1569 1388 1416
f 1416 1432 1431
f 1434 1388 1569
f 1434 1387 1415
f 1387 1388 1415
f 1434 1415 1388
f 1410 1438 1435
f 1410 1437 1438
f 1435 1434 1436
f 1437 1435 1436
f 1387 1438 1437
f 1437 1410 1435
f 1435 1387 1434
f 1590 1440 1439
f 1437 1436 1439
f 1437 1439 1440
f 1590 1441 1440
f 1409 1440 1441
f 1382 1409 1444
f 1405 1446 1406
f 1406 1443 1405
f 1408 1382 1444
f 1442 1405 1443
f 1444 1409 1441
f 1443 1444 1442
f 1446 1382 1408
f 1443 1408 1444
f 1405 1441 1446
f 1445 1444 1441
f 1430 1429 1533
f 1429 1394 1428
f 1427 1394 1423
f 1394 1427 1423
f 1533 1429 1422
f 1429 1533 1422
f 1569 1388 1415
f 1388 1569 1415
f 1439 1437 1412
f 1437 1439 1412
f 1410 1411 1437
f 1410 1437 1411
f 1518 1424 1426
f 1310 1518 1426
f 1424 1310 1426
f 1445 1342 1444
f 1400 1401 1405
f 1402 1400 1442
f 1342 1442 1444
f 1405 1442 1400
f 1445 1441 1405
f 1421 1419 1431
f 1431 1432 1421
f 1420 1417 1430
f 1420 1430 1417
f 1430 1433 1420
f 1413 1438 1435
f 1387 1435 1438
f 1404 1403 1443
f 1398 1404 1443
f 1399 1398 1443
f 1406 1399 1443
f 1406 1446 1407
f 1484 1379 1343
f 1447 1448 1483
f 1447 1482 1448
f 1482 1379 1484
f 1484 1448 1482
f 1482 1447 1379
f 1447 1483 1489
f 1449 1379 1447
f 1340 1449 1450
f 1475 1451 1450
f 1451 1475 1476
f 1451 1476 1452
f 1452 1476 1453
f 1360 1567 1472
f 1567 1360 1453
f 1454 1360 1472
f 1391 1472 1470
f 1454 1391 1360
f 1391 1455 1370
f 1458 1456 1457
f 1458 1455 1391
f 1456 1458 1470
f 1458 1391 1470
f 1457 1455 1458
f 1455 1456 1349
f 1351 1349 1539
f 1351 1539 1459
f 1462 1321 1460
f 1461 1321 1459
f 1460 1461 1462
f 1463 1462 1461
f 1462 1464 1395
f 1466 1464 1462
f 1525 1464 1466
f 1466 1462 1463
f 1525 1523 1464
f 1396 1464 1523
f 1396 1395 1464
f 1459 1321 1351
f 1349 1370 1455
f 1450 1451 1340
f 1343 1383 1484
f 1464 1396 1523
f 1465 1309 1466
f 1467 1465 1466
f 1466 1309 1464
f 1462 1465 1467
f 1516 1462 1467
f 1321 1462 1460
f 1460 1462 1516
f 1460 1468 1321
f 1468 1322 1321
f 1509 1322 1351
f 1468 1351 1322
f 1351 1468 1509
f 1509 1469 1322
f 1469 1509 1471
f 1470 1391 1370
f 1370 1469 1470
f 1471 1472 1470
f 1457 1471 1470
f 1469 1457 1470
f 1472 1391 1470
f 1473 1391 1472
f 1335 1473 1453
f 1335 1453 1476
f 1474 1340 1338
f 1338 1335 1474
f 1474 1335 1476
f 1476 1450 1475
f 1474 1475 1450
f 1475 1474 1476
f 1340 1474 1450
f 1477 1340 1450
f 1447 1341 1340
f 1477 1447 1340
f 1484 1383 1343
f 1343 1341 1484
f 1480 1479 1478
f 1478 1481 1480
f 1479 1482 1478
f 1483 1481 1447
f 1483 1480 1481
f 1482 1479 1448
f 1482 1484 1341
f 1448 1484 1482
f 1447 1489 1483
f 1447 1482 1341
f 1309 1396 1464
f 1477 1447 1450
f 1447 1477 1450
f 1321 1461 1460
f 1460 1468 1459
f 1468 1460 1459
f 1567 1360 1473
f 1360 1567 1473
f 1451 1475 1474
f 1474 1475 1451
f 1391 1454 1472
f 1482 1447 1481
f 1481 1478 1482
f 1456 1455 1469
f 1457 1456 1471
f 1457 1469 1455
f 1469 1471 1456
f 1509 1469 1349
f 1469 1509 1349
f 1539 1351 1468
f 1351 1539 1468
f 1483 1448 1480
f 1479 1480 1448
f 1446 1397 1485
f 1603 1487 1486
f 1485 1397 1603
f 1397 1487 1603
f 1600 1603 1486
f 1600 1485 1603
f 1604 1488 1483
f 1483 1489 1604
f 1488 1486 1487
f 1604 1486 1488
f 1485 1490 1445
f 1490 1485 1486
f 1486 1489 1447
f 1490 1447 1491
f 1491 1447 1477
f 1491 1477 1490
f 1492 1412 1490
f 1490 1477 1493
f 1493 1450 1492
f 1492 1490 1493
f 1493 1477 1450
f 1411 1492 1413
f 1580 1492 1496
f 1580 1496 1495
f 1496 1413 1495
f 1494 1580 1495
f 1495 1413 1494
f 1494 1413 1492
f 1497 1450 1476
f 1497 1496 1492
f 1492 1450 1497
f 1497 1476 1496
f 1500 1496 1575
f 1500 1413 1496
f 1575 1476 1453
f 1496 1476 1575
f 1498 1415 1500
f 1499 1453 1473
f 1575 1453 1499
f 1499 1473 1500
f 1500 1575 1499
f 1498 1552 1415
f 1503 1552 1498
f 1498 1500 1503
f 1568 1473 1472
f 1500 1473 1568
f 1568 1472 1503
f 1503 1500 1568
f 1555 1503 1501
f 1548 1555 1501
f 1418 1552 1502
f 1548 1501 1502
f 1548 1502 1552
f 1501 1418 1502
f 1555 1552 1503
f 1505 1471 1504
f 1504 1565 1503
f 1503 1505 1504
f 1565 1563 1503
f 1505 1503 1472
f 1505 1472 1471
f 1563 1501 1503
f 1563 1471 1501
f 1563 1504 1471
f 1501 1506 1507
f 1506 1540 1418
f 1507 1418 1501
f 1418 1507 1506
f 1508 1471 1509
f 1501 1471 1508
f 1508 1509 1506
f 1506 1501 1508
f 1506 1422 1540
f 1509 1468 1506
f 1510 1423 1422
f 1422 1506 1511
f 1511 1510 1422
f 1511 1468 1460
f 1506 1468 1511
f 1510 1514 1423
f 1512 1511 1515
f 1510 1512 1535
f 1512 1513 1535
f 1515 1511 1527
f 1512 1515 1513
f 1510 1535 1514
f 1512 1510 1511
f 1514 1515 1527
f 1537 1527 1517
f 1511 1460 1517
f 1517 1527 1511
f 1517 1460 1516
f 1516 1537 1517
f 1527 1516 1467
f 1423 1514 1518
f 1518 1527 1467
f 1519 1425 1518
f 1522 1518 1467
f 1522 1466 1464
f 1467 1466 1522
f 1519 1522 1523
f 1522 1464 1523
f 1520 1519 1523
f 1520 1425 1519
f 1522 1519 1518
f 1527 1518 1514
f 1580 1494 1492
f 1411 1412 1492
f 1412 1445 1490
f 1447 1490 1486
f 1485 1445 1446
f 1523 1522 1521
f 1525 1522 1523
f 1426 1521 1524
f 1524 1521 1522
f 1522 1466 1524
f 1426 1526 1427
f 1527 1526 1426
f 1527 1426 1524
f 1463 1527 1524
f 1463 1524 1466
f 1427 1526 1533
f 1526 1513 1528
f 1528 1529 1526
f 1528 1531 1530
f 1531 1528 1532
f 1513 1512 1534
f 1526 1529 1510
f 1532 1534 1531
f 1528 1530 1529
f 1513 1526 1527
f 1534 1535 1513
f 1536 1512 1513
f 1513 1527 1536
f 1510 1533 1526
f 1534 1532 1535
f 1527 1537 1517
f 1537 1461 1517
f 1527 1517 1536
f 1463 1461 1537
f 1537 1527 1463
f 1540 1533 1538
f 1538 1533 1536
f 1536 1540 1538
f 1511 1459 1539
f 1459 1540 1536
f 1459 1539 1540
f 1430 1533 1541
f 1430 1540 1545
f 1540 1541 1533
f 1349 1545 1540
f 1349 1540 1539
f 1430 1542 1433
f 1542 1430 1543
f 1544 1543 1430
f 1545 1544 1430
f 1546 1349 1456
f 1456 1543 1545
f 1545 1546 1456
f 1546 1545 1349
f 1542 1552 1431
f 1552 1416 1431
f 1542 1543 1547
f 1547 1548 1542
f 1547 1550 1549
f 1550 1547 1551
f 1551 1553 1554
f 1501 1555 1553
f 1551 1554 1550
f 1547 1549 1548
f 1556 1555 1501
f 1548 1552 1542
f 1553 1551 1501
f 1501 1543 1556
f 1505 1470 1472
f 1559 1543 1557
f 1472 1556 1505
f 1543 1559 1503
f 1557 1558 1559
f 1561 1562 1558
f 1558 1565 1561
f 1560 1564 1456
f 1560 1562 1564
f 1503 1556 1543
f 1563 1543 1456
f 1561 1564 1562
f 1558 1557 1565
f 1456 1470 1505
f 1505 1560 1456
f 1498 1569 1552
f 1498 1552 1556
f 1566 1472 1567
f 1568 1498 1556
f 1568 1567 1498
f 1568 1556 1472
f 1566 1568 1472
f 1569 1498 1571
f 1570 1567 1453
f 1453 1569 1570
f 1571 1570 1569
f 1571 1498 1567
f 1570 1571 1567
f 1569 1572 1434
f 1573 1572 1569
f 1575 1573 1569
f 1574 1453 1476
f 1476 1573 1575
f 1575 1574 1476
f 1576 1569 1453
f 1576 1575 1569
f 1572 1577 1436
f 1577 1439 1436
f 1579 1580 1581
f 1578 1577 1572
f 1572 1495 1582
f 1581 1585 1579
f 1582 1583 1572
f 1582 1584 1583
f 1495 1572 1573
f 1579 1495 1580
f 1494 1578 1572
f 1582 1581 1584
f 1495 1573 1580
f 1580 1573 1586
f 1581 1582 1585
f 1583 1494 1572
f 1578 1586 1577
f 1497 1573 1496
f 1587 1496 1588
f 1497 1586 1573
f 1496 1587 1497
f 1496 1573 1476
f 1476 1475 1587
f 1588 1476 1587
f 1589 1475 1450
f 1586 1589 1450
f 1590 1577 1586
f 1586 1592 1590
f 1450 1592 1591
f 1592 1586 1591
f 1591 1586 1450
f 1592 1441 1590
f 1593 1592 1450
f 1450 1449 1593
f 1593 1449 1592
f 1594 1441 1595
f 1602 1594 1595
f 1595 1441 1592
f 1602 1592 1596
f 1489 1602 1596
f 1596 1592 1449
f 1449 1447 1596
f 1447 1489 1596
f 1446 1441 1594
f 1397 1594 1598
f 1594 1485 1597
f 1597 1599 1594
f 1594 1599 1598
f 1597 1601 1599
f 1487 1397 1598
f 1602 1603 1600
f 1603 1602 1487
f 1600 1599 1601
f 1485 1594 1602
f 1488 1602 1604
f 1602 1488 1487
f 1605 1488 1606
f 1606 1483 1605
f 1606 1489 1483
f 1604 1606 1488
f 1598 1603 1487
f 1594 1397 1446
f 1595 1592 1602
f 1590 1439 1577
f 1589 1587 1475
f 1436 1434 1572
f 1574 1576 1453
f 1569 1416 1552
f 1431 1433 1542
f 1523 1521 1520
f 1430 1541 1540
f 1546 1545 1508
f 1545 1546 1508
f 1512 1510 1530
f 1510 1512 1533
f 1536 1533 1512
f 1531 1534 1512
f 1530 1531 1512
f 1529 1530 1510
f 1539 1459 1511
f 1459 1536 1517
f 1461 1459 1517
f 1505 1503 1559
f 1505 1556 1503
f 1562 1560 1505
f 1558 1562 1505
f 1559 1558 1505
f 1555 1548 1549
f 1552 1555 1556
f 1554 1553 1555
f 1550 1554 1555
f 1549 1550 1555
f 1498 1569 1500
f 1569 1498 1500
f 1585 1582 1495
f 1579 1585 1495
f 1576 1574 1575
f 1570 1571 1499
f 1571 1570 1499
f 1522 1521 1519
f 1521 1522 1519
f 1525 1466 1522
f 1489 1486 1602
f 1604 1602 1486
f 1489 1606 1604
f 1566 1567 1568
f 1599 1600 1603
f 1598 1599 1603
f 1488 1605 1483
f 1600 1486 1602
f 1485 1600 1601
f 1601 1597 1485
f 1485 1602 1486
f 1565 1504 1561
f 1557 1543 1563
f 1565 1557 1563
f 1564 1561 1504
f 1456 1564 1504
f 1563 1456 1504
f 1507 1418 1545
f 1418 1507 1543
f 1545 1543 1507
f 1544 1545 1418
f 1543 1544 1418
f 1349 1540 1509
f 1540 1349 1509
f 1501 1502 1543
f 1547 1543 1502
f 1551 1547 1502
f 1501 1551 1502
f 1516 1527 1537
f 1515 1514 1513
f 1528 1513 1514
f 1532 1528 1514
f 1535 1532 1514
f 1589 1586 1497
f 1587 1589 1497
f 1494 1580 1578
f 1586 1578 1580
f 1584 1581 1580
f 1583 1584 1580
f 1494 1583 1580
f 1476 1588 1496
f 1449 1593 1491
f 1593 1449 1491
f 1608 1611 1610
f 1615 1608 1610
f 1608 1609 1611
f 1612 1611 1609
f 1613 1612 1609
f 1609 1651 1613
f 1610 1616 1614
f 1672 1615 1610
f 1610 1614 1672
f 1610 1611 1617
f 1617 1616 1610
f 1618 1616 1611
f 1611 1624 1618
f 1624 1616 1618
f 1611 1612 1619
f 1612 1628 1619
f 1628 1624 1619
f 1619 1624 1611
f 1678 1669 1613
f 1620 1614 1616
f 1670 1614 1620
f 1621 1620 1622
f 1620 1616 1622
f 1623 1622 1616
f 1616 1621 1623
f 1624 1621 1625
f 1616 1624 1625
f 1621 1616 1625
f 1624 1628 1626
f 1626 1627 1624
f 1627 1626 1628
f 1637 1627 1629
f 1629 1628 1613
f 1613 1637 1629
f 1628 1629 1627
f 1630 1637 1631
f 1669 1631 1613
f 1637 1613 1631
f 1669 1630 1631
f 1632 1670 1620
f 1632 1620 1640
f 1640 1620 1656
f 1620 1621 1633
f 1633 1656 1620
f 1621 1624 1634
f 1634 1624 1635
f 1624 1627 1635
f 1635 1627 1637
f 1662 1635 1636
f 1637 1636 1635
f 1662 1637 1638
f 1630 1638 1637
f 1621 1639 1640
f 1639 1621 1641
f 1641 1642 1639
f 1621 1634 1641
f 1634 1642 1641
f 1635 1642 1634
f 1654 1635 1643
f 1635 1662 1644
f 1644 1643 1635
f 1662 1643 1644
f 1645 1632 1647
f 1647 1632 1640
f 1647 1646 1639
f 1646 1647 1640
f 1615 1670 1648
f 1648 1608 1615
f 1651 1609 1649
f 1649 1650 1651
f 1678 1613 1690
f 1651 1690 1613
f 1689 1654 1662
f 1645 1670 1632
f 1646 1640 1639
f 1643 1662 1654
f 1642 1635 1654
f 1636 1637 1662
f 1640 1633 1621
f 1622 1623 1621
f 1628 1612 1613
f 1616 1617 1611
f 1615 1614 1670
f 1639 1652 1653
f 1652 1685 1653
f 1642 1659 1652
f 1639 1642 1652
f 1654 1659 1655
f 1642 1654 1655
f 1654 1661 1659
f 1656 1670 1685
f 1685 1652 1657
f 1656 1657 1652
f 1652 1659 1658
f 1659 1666 1658
f 1658 1656 1652
f 1666 1656 1658
f 1668 1659 1660
f 1660 1661 1668
f 1661 1662 1663
f 1630 1668 1663
f 1662 1630 1663
f 1663 1668 1661
f 1664 1670 1656
f 1672 1670 1664
f 1673 1664 1665
f 1665 1656 1673
f 1666 1673 1667
f 1656 1666 1667
f 1673 1656 1667
f 1666 1659 1677
f 1669 1668 1630
f 1668 1669 1677
f 1670 1672 1671
f 1672 1664 1673
f 1682 1672 1673
f 1674 1666 1682
f 1674 1673 1666
f 1673 1674 1682
f 1666 1677 1676
f 1682 1666 1676
f 1675 1676 1677
f 1675 1677 1684
f 1677 1669 1678
f 1684 1677 1678
f 1679 1671 1672
f 1671 1679 1648
f 1672 1682 1679
f 1679 1682 1680
f 1681 1680 1682
f 1681 1675 1683
f 1682 1675 1681
f 1683 1675 1684
f 1639 1685 1688
f 1647 1686 1688
f 1647 1645 1686
f 1645 1647 1687
f 1687 1688 1685
f 1689 1662 1607
f 1662 1661 1607
f 1607 1654 1689
f 1684 1678 1690
f 1683 1684 1690
f 1683 1690 1649
f 1679 1680 1608
f 1608 1648 1679
f 1607 1661 1654
f 1687 1685 1645
f 1683 1680 1681
f 1676 1675 1682
f 1671 1648 1670
f 1668 1677 1659
f 1665 1664 1656
f 1661 1660 1659
f 1657 1656 1685
f 1655 1659 1642
f 1653 1685 1639
f 1649 1609 1683
f 1680 1683 1609
f 1609 1608 1680
f 1639 1688 1647
f 1670 1645 1685
f 1647 1688 1686
f 1645 1647 1686
f 1650 1649 1690
f 1629 1628 1668
f 1628 1629 1668
f 1623 1622 1665
f 1622 1623 1665
f 1626 1627 1666
f 1627 1626 1666
f 1662 1638 1663
f 1630 1662 1663
f 1638 1630 1663
f 1669 1668 1631
f 1668 1669 1631
f 1634 1621 1658
f 1621 1634 1658
f 1661 1660 1637
f 1660 1661 1637
f 1636 1637 1661
f 1637 1636 1661
f 1657 1656 1640
f 1640 1656 1657
f 1633 1640 1656
f 1688 1687 1647
f 1646 1647 1688
f 1647 1646 1688
f 1651 1650 1690
f 1651 1609 1684
f 1609 1651 1684
f 1639 1640 1653
f 1640 1639 1653
f 1642 1641 1652
f 1641 1642 1652
f 1635 1642 1655
f 1642 1635 1655
f 1661 1654 1643
f 1654 1661 1643
f 1644 1643 1661
f 1643 1644 1661
f 1677 1675 1612
f 1675 1677 1612
f 1628 1612 1677
f 1612 1628 1677
f 1676 1675 1619
f 1675 1676 1619
f 1674 1673 1618
f 1673 1674 1618
f 1617 1616 1673
f 1616 1617 1673
f 1679 1671 1615
f 1671 1679 1615
f 1614 1615 1672
f 1692 1695 1694
f 1699 1692 1694
f 1692 1693 1695
f 1696 1695 1693
f 1697 1696 1693
f 1693 1735 1697
f 1694 1700 1698
f 1756 1699 1694
f 1694 1698 1756
f 1694 1695 1701
f 1701 1700 1694
f 1702 1700 1695
f 1695 1708 1702
f 1708 1700 1702
f 1695 1696 1703
f 1696 1712 1703
f 1712 1708 1703
f 1703 1708 1695
f 1762 1753 1697
f 1704 1698 1700
f 1754 1698 1704
f 1705 1704 1706
f 1704 1700 1706
f 1707 1706 1700
f 1700 1705 1707
f 1708 1705 1709
f 1700 1708 1709
f 1705 1700 1709
f 1708 1712 1710
f 1710 1711 1708
f 1711 1710 1712
f 1721 1711 1713
f 1713 1712 1697
f 1697 1721 1713
f 1712 1713 1711
f 1714 1721 1715
f 1753 1715 1697
f 1721 1697 1715
f 1753 1714 1715
f 1716 1754 1704
f 1716 1704 1724
f 1724 1704 1740
f 1704 1705 1717
f 1717 1740 1704
f 1705 1708 1718
f 1718 1708 1719
f 1708 1711 1719
f 1719 1711 1721
f 1746 1719 1720
f 1721 1720 1719
f 1746 1721 1722
f 1714 1722 1721
f 1705 1723 1724
f 1723 1705 1725
f 1725 1726 1723
f 1705 1718 1725
f 1718 1726 1725
f 1719 1726 1718
f 1738 1719 1727
f 1719 1746 1728
f 1728 1727 1719
f 1746 1727 1728
f 1729 1716 1731
f 1731 1716 1724
f 1731 1730 1723
f 1730 1731 1724
f 1699 1754 1732
f 1732 1692 1699
f 1735 1693 1733
f 1733 1734 1735
f 1762 1697 1774
f 1735 1774 1697
f 1773 1738 1746
f 1729 1754 1716
f 1730 1724 1723
f 1727 1746 1738
f 1726 1719 1738
f 1720 1721 1746
f 1724 1717 1705
f 1706 1707 1705
f 1712 1696 1697
f 1700 1701 1695
f 1699 1698 1754
f 1723 1736 1737
f 1736 1769 1737
f 1726 1743 1736
f 1723 1726 1736
f 1738 1743 1739
f 1726 1738 1739
f 1738 1745 1743
f 1740 1754 1769
f 1769 1736 1741
f 1740 1741 1736
f 1736 1743 1742
f 1743 1750 1742
f 1742 1740 1736
f 1750 1740 1742
f 1752 1743 1744
f 1744 1745 1752
f 1745 1746 1747
f 1714 1752 1747
f 1746 1714 1747
f 1747 1752 1745
f 1748 1754 1740
f 1756 1754 1748
f 1757 1748 1749
f 1749 1740 1757
f 1750 1757 1751
f 1740 1750 1751
f 1757 1740 1751
f 1750 1743 1761
f 1753 1752 1714
f 1752 1753 1761
f 1754 1756 1755
f 1756 1748 1757
f 1766 1756 1757
f 1758 1750 1766
f 1758 1757 1750
f 1757 1758 1766
f 1750 1761 1760
f 1766 1750 1760
f 1759 1760 1761
f 1759 1761 1768
f 1761 1753 1762
f 1768 1761 1762
f 1763 1755 1756
f 1755 1763 1732
f 1756 1766 1763
f 1763 1766 1764
f 1765 1764 1766
f 1765 1759 1767
f 1766 1759 1765
f 1767 1759 1768
f 1723 1769 1772
f 1731 1770 1772
f 1731 1729 1770
f 1729 1731 1771
f 1771 1772 1769
f 1773 1746 1691
f 1746 1745 1691
f 1691 1738 1773
f 1768 1762 1774
f 1767 1768 1774
f 1767 1774 1733
f 1763 1764 1692
f 1692 1732 1763
f 1691 1745 1738
f 1771 1769 1729
f 1767 1764 1765
f 1760 1759 1766
f 1755 1732 1754
f 1752 1761 1743
f 1749 1748 1740
f 1745 1744 1743
f 1741 1740 1769
f 1739 1743 1726
f 1737 1769 1723
f 1733 1693 1767
f 1764 1767 1693
f 1693 1692 1764
f 1723 1772 1731
f 1754 1729 1769
f 1731 1772 1770
f 1729 1731 1770
f 1734 1733 1774
f 1713 1712 1752
f 1712 1713 1752
f 1707 1706 1749
f 1706 1707 1749
f 1710 1711 1750
f 1711 1710 1750
f 1746 1722 1747
f 1714 1746 1747
f 1722 1714 1747
f 1753 1752 1715
f 1752 1753 1715
f 1718 1705 1742
f 1705 1718 1742
f 1745 1744 1721
f 1744 1745 1721
f 1720 1721 1745
f 1721 1720 1745
f 1741 1740 1724
f 1724 1740 1741
f 1717 1724 1740
f 1772 1771 1731
f 1730 1731 1772
f 1731 1730 1772
f 1735 1734 1774
f 1735 1693 1768
f 1693 1735 1768
f 1723 1724 1737
f 1724 1723 1737
f 1726 1725 1736
f 1725 1726 1736
f 1719 1726 1739
f 1726 1719 1739
f 1745 1738 1727
f 1738 1745 1727
f 1728 1727 1745
f 1727 1728 1745
f 1761 1759 1696
f 1759 1761 1696
f 1712 1696 1761
f 1696 1712 1761
f 1760 1759 1703
f 1759 1760 1703
f 1758 1757 1702
f 1757 1758 1702
f 1701 1700 1757
f 1700 1701 1757
f 1763 1755 1699
f 1755 1763 1699
f 1698 1699 1756
f 1800 1776 1775
f 1775 1777 1800
f 1778 1776 1805
f 1787 1822 1779
f 1789 1800 1822
f 1782 1780 1783
f 1780 1782 1781
f 1783 1785 1782
f 1789 1793 1800
f 1776 1784 1795
f 1783 1786 1785
f 1793 1776 1800
f 1779 1786 1787
f 1788 1785 1786
f 1786 1779 1788
f 1795 1805 1776
f 1776 1780 1784
f 1781 1784 1780
f 1787 1789 1822
f 1776 1778 1775
f 1791 1790 1789
f 1792 1791 1789
f 1793 1792 1789
f 1793 1789 1794
f 1780 1776 1793
f 1783 1780 1793
f 1786 1783 1793
f 1787 1786 1793
f 1789 1787 1793
f 1796 1795 1781
f 1797 1796 1782
f 1798 1797 1785
f 1799 1798 1788
f 1788 1779 1822
f 1785 1788 1798
f 1782 1785 1797
f 1781 1782 1796
f 1784 1781 1795
f 1797 1790 1791
f 1789 1799 1801
f 1793 1800 1805
f 1791 1796 1797
f 1801 1800 1794
f 1788 1822 1801
f 1801 1799 1788
f 1790 1797 1798
f 1795 1796 1792
f 1805 1792 1793
f 1791 1792 1796
f 1792 1805 1795
f 1793 1794 1800
f 1789 1790 1799
f 1798 1799 1790
f 1800 1801 1775
f 1801 1802 1775
f 1794 1789 1801
f 1802 1777 1775
f 1804 1777 1802
f 1804 1806 1808
f 1808 1777 1804
f 1808 1800 1777
f 1804 1812 1806
f 1812 1822 1806
f 1806 1800 1808
f 1806 1822 1800
f 1808 1802 1806
f 1808 1807 1804
f 1804 1802 1808
f 1806 1802 1801
f 1806 1801 1822
f 1806 1807 1808
f 1822 1807 1806
f 1809 1803 1811
f 1811 1800 1809
f 1775 1803 1809
f 1811 1803 1815
f 1800 1775 1809
f 1815 1800 1811
f 1805 1800 1815
f 1775 1778 1810
f 1810 1813 1775
f 1809 1811 1803
f 1809 1814 1811
f 1811 1778 1815
f 1813 1810 1814
f 1811 1812 1803
f 1803 1775 1813
f 1813 1809 1803
f 1815 1812 1811
f 1805 1815 1778
f 1815 1805 1812
f 1814 1810 1811
f 1810 1778 1811
f 1813 1814 1809
f 1823 1805 1816
f 1821 1812 1805
f 1821 1823 1812
f 1823 1816 1822
f 1823 1822 1812
f 1823 1821 1805
f 1812 1804 1817
f 1812 1817 1803
f 1803 1817 1815
f 1817 1804 1807
f 1812 1817 1807
f 1807 1815 1812
f 1812 1815 1817
f 1819 1818 1823
f 1823 1807 1822
f 1823 1822 1819
f 1821 1820 1815
f 1815 1820 1805
f 1821 1818 1820
f 1823 1815 1807
f 1819 1820 1818
f 1823 1821 1815
f 1823 1818 1821
f 1819 1822 1816
f 1820 1819 1816
f 1805 1820 1816
f 1849 1825 1824
f 1824 1826 1849
f 1827 1825 1854
f 1836 1871 1828
f 1838 1849 1871
f 1831 1829 1832
f 1829 1831 1830
f 1832 1834 1831
f 1838 1842 1849
f 1825 1833 1844
f 1832 1835 1834
f 1842 1825 1849
f 1828 1835 1836
f 1837 1834 1835
f 1835 1828 1837
f 1844 1854 1825
f 1825 1829 1833
f 1830 1833 1829
f 1836 1838 1871
f 1825 1827 1824
f 1840 1839 1838
f 1841 1840 1838
f 1842 1841 1838
f 1842 1838 1843
f 1829 1825 1842
f 1832 1829 1842
f 1835 1832 1842
f 1836 1835 1842
f 1838 1836 1842
f 1845 1844 1830
f 1846 1845 1831
f 1847 1846 1834
f 1848 1847 1837
f 1837 1828 1871
f 1834 1837 1847
f 1831 1834 1846
f 1830 1831 1845
f 1833 1830 1844
f 1846 1839 1840
f 1838 1848 1850
f 1842 1849 1854
f 1840 1845 1846
f 1850 1849 1843
f 1837 1871 1850
f 1850 1848 1837
f 1839 1846 1847
f 1844 1845 1841
f 1854 1841 1842
f 1840 1841 1845
f 1841 1854 1844
f 1842 1843 1849
f 1838 1839 1848
f 1847 1848 1839
f 1849 1850 1824
f 1850 1851 1824
f 1843 1838 1850
f 1851 1826 1824
f 1853 1826 1851
f 1853 1855 1857
f 1857 1826 1853
f 1857 1849 1826
f 1853 1861 1855
f 1861 1871 1855
f 1855 1849 1857
f 1855 1871 1849
f 1857 1851 1855
f 1857 1856 1853
f 1853 1851 1857
f 1855 1851 1850
f 1855 1850 1871
f 1855 1856 1857
f 1871 1856 1855
f 1858 1852 1860
f 1860 1849 1858
f 1824 1852 1858
f 1860 1852 1864
f 1849 1824 1858
f 1864 1849 1860
f 1854 1849 1864
f 1824 1827 1859
f 1859 1862 1824
f 1858 1860 1852
f 1858 1863 1860
f 1860 1827 1864
f 1862 1859 1863
f 1860 1861 1852
f 1852 1824 1862
f 1862 1858 1852
f 1864 1861 1860
f 1854 1864 1827
f 1864 1854 1861
f 1863 1859 1860
f 1859 1827 1860
f 1862 1863 1858
f 1872 1854 1865
f 1870 1861 1854
f 1870 1872 1861
f 1872 1865 1871
f 1872 1871 1861
f 1872 1870 1854
f 1861 1853 1866
f 1861 1866 1852
f 1852 1866 1864
f 1866 1853 1856
f 1861 1866 1856
f 1856 1864 1861
f 1861 1864 1866
f 1868 1867 1872
f 1872 1856 1871
f 1872 1871 1868
f 1870 1869 1864
f 1864 1869 1854
f 1870 1867 1869
f 1872 1864 1856
f 1868 1869 1867
f 1872 1870 1864
f 1872 1867 1870
f 1868 1871 1865
f 1869 1868 1865
f 1854 1869 1865
f 1898 1874 1873
f 1873 1875 1898
f 1876 1874 1903
f 1885 1920 1877
f 1887 1898 1920
f 1880 1878 1881
f 1878 1880 1879
f 1881 1883 1880
f 1887 1891 1898
f 1874 1882 1893
f 1881 1884 1883
f 1891 1874 1898
f 1877 1884 1885
f 1886 1883 1884
f 1884 1877 1886
f 1893 1903 1874
f 1874 1878 1882
f 1879 1882 1878
f 1885 1887 1920
f 1874 1876 1873
f 1889 1888 1887
f 1890 1889 1887
f 1891 1890 1887
f 1891 1887 1892
f 1878 1874 1891
f 1881 1878 1891
f 1884 1881 1891
f 1885 1884 1891
f 1887 1885 1891
f 1894 1893 1879
f 1895 1894 1880
f 1896 1895 1883
f 1897 1896 1886
f 1886 1877 1920
f 1883 1886 1896
f 1880 1883 1895
f 1879 1880 1894
f 1882 1879 1893
f 1895 1888 1889
f 1887 1897 1899
f 1891 1898 1903
f 1889 1894 1895
f 1899 1898 1892
f 1886 1920 1899
f 1899 1897 1886
f 1888 1895 1896
f 1893 1894 1890
f 1903 1890 1891
f 1889 1890 1894
f 1890 1903 1893
f 1891 1892 1898
f 1887 1888 1897
f 1896 1897 1888
f 1898 1899 1873
f 1899 1900 1873
f 1892 1887 1899
f 1900 1875 1873
f 1902 1875 1900
f 1902 1904 1906
f 1906 1875 1902
f 1906 1898 1875
f 1902 1910 1904
f 1910 1920 1904
f 1904 1898 1906
f 1904 1920 1898
f 1906 1900 1904
f 1906 1905 1902
f 1902 1900 1906
f 1904 1900 1899
f 1904 1899 1920
f 1904 1905 1906
f 1920 1905 1904
f 1907 1901 1909
f 1909 1898 1907
f 1873 1901 1907
f 1909 1901 1913
f 1898 1873 1907
f 1913 1898 1909
f 1903 1898 1913
f 1873 1876 1908
f 1908 1911 1873
f 1907 1909 1901
f 1907 1912 1909
f 1909 1876 1913
f 1911 1908 1912
f 1909 1910 1901
f 1901 1873 1911
f 1911 1907 1901
f 1913 1910 1909
f 1903 1913 1876
f 1913 1903 1910
f 1912 1908 1909
f 1908 1876 1909
f 1911 1912 1907
f 1921 1903 1914
f 1919 1910 1903
f 1919 1921 1910
f 1921 1914 1920
f 1921 1920 1910
f 1921 1919 1903
f 1910 1902 1915
f 1910 1915 1901
f 1901 1915 1913
f 1915 1902 1905
f 1910 1915 1905
f 1905 1913 1910
f 1910 1913 1915
f 1917 1916 1921
f 1921 1905 1920
f 1921 1920 1917
f 1919 1918 1913
f 1913 1918 1903
f 1919 1916 1918
f 1921 1913 1905
f 1917 1918 1916
f 1921 1919 1913
f 1921 1916 1919
f 1917 1920 1914
f 1918 1917 1914
f 1903 1918 1914
f 1986 1923 1922
f 2078 1986 1922
f 2078 2075 1986
f 1923 1987 1924
f 1924 1963 1923
f 1924 1925 1963
f 1925 1924 1926
f 1929 1930 1928
f 1926 1928 1925
f 1928 1933 1929
f 1987 1923 1986
f 1931 1930 1932
f 1963 1927 1923
f 1929 1932 1930
f 1928 1926 1933
f 1932 1986 1931
f 1966 1931 1986
f 1966 1986 2075
f 2075 1934 1966
f 1966 1934 1931
f 1927 1931 2030
f 1931 1935 1961
f 1935 1931 1934
f 2030 1961 1937
f 1961 2030 1931
f 1961 2082 1937
f 1961 1935 2082
f 1936 2030 1937
f 1937 2082 1983
f 1936 1942 1938
f 1938 2001 1936
f 2027 1936 2001
f 1938 1939 2001
f 1939 1938 1940
f 1943 1944 1941
f 1942 1968 1944
f 1940 1941 1939
f 1968 2027 2001
f 1942 1936 1937
f 1942 1937 1968
f 1941 1940 1943
f 2001 1944 1968
f 1943 1942 1944
f 1968 1937 1984
f 1937 1983 1984
f 2004 1984 1983
f 1945 2027 1968
f 1968 1946 1945
f 2004 1946 1968
f 1946 2004 2086
f 2051 1945 1970
f 1946 2051 1970
f 1970 1945 1946
f 2086 1948 1946
f 1946 1950 1947
f 1950 2051 1947
f 1947 2051 1946
f 1948 1950 1946
f 1948 1951 1950
f 1949 1950 1989
f 1989 1998 2051
f 1949 1989 2051
f 1949 2051 1950
f 2064 1998 1989
f 1950 1951 2064
f 1951 1953 2064
f 1998 1952 1997
f 1952 1998 2064
f 1953 1954 1952
f 1953 1952 2064
f 1954 1955 1997
f 1952 1954 1997
f 1959 1960 1955
f 1954 1956 1959
f 1957 1955 1960
f 1958 1957 1960
f 1958 1960 1982
f 1979 1976 1958
f 1958 1976 1957
f 1979 1959 1976
f 1958 1982 1979
f 1977 1976 1959
f 1977 1996 1976
f 1996 1959 1972
f 1972 1956 1996
f 1996 1977 1959
f 1955 1954 1959
f 1955 1998 1997
f 1989 1950 2064
f 2051 2027 1945
f 2027 2030 1936
f 1923 1971 1922
f 2009 1922 1971
f 1931 1927 1963
f 1930 1931 1963
f 1928 1930 1963
f 1925 1928 1963
f 1935 1931 1964
f 1931 1935 1964
f 1966 1934 1967
f 1944 2001 2002
f 1941 1944 2002
f 1939 1941 2002
f 2001 1939 2002
f 1969 1950 1949
f 2000 1969 1949
f 1949 1950 2000
f 1973 1970 1946
f 1970 1973 1946
f 1978 1972 1959
f 1959 1956 1978
f 2004 1946 1973
f 1946 2004 1973
f 1975 1974 1958
f 1976 1975 1958
f 1995 1976 1958
f 1979 1978 1959
f 1981 1980 1982
f 1978 1982 1960
f 1979 1982 1980
f 1960 1959 1978
f 1961 1964 1935
f 1961 1935 1964
f 1985 2003 1942
f 1938 1942 2003
f 1940 1938 2003
f 1943 1940 2003
f 1926 1924 1987
f 1933 1926 1987
f 1929 1933 1932
f 1998 1999 1952
f 1998 1952 1999
f 1950 1990 1989
f 1991 1951 1950
f 1993 1994 1952
f 1953 1952 1994
f 1952 1953 1993
f 1976 1978 1979
f 1975 1976 1980
f 1981 1974 1975
f 1980 1981 1975
f 1981 1982 1974
f 1995 1958 1982
f 1979 1980 1976
f 1958 1974 1982
f 1977 1996 1972
f 1996 1956 1972
f 1977 1978 1976
f 1972 1978 1977
f 1982 1997 2022
f 1992 1982 1978
f 1992 1978 1956
f 1999 2053 1992
f 1997 1992 2053
f 1953 1999 2062
f 1999 1992 2062
f 1999 1998 2053
f 2064 1999 1993
f 1994 1993 1999
f 1953 1994 1999
f 1993 1953 2064
f 2050 1998 2000
f 1969 1990 1950
f 1989 1990 1969
f 1989 1969 2000
f 2000 1998 1989
f 1950 1998 1999
f 2064 1951 1991
f 1951 2064 2065
f 1950 1951 2065
f 1991 1950 2064
f 1988 1950 1999
f 1988 2064 1950
f 2064 1988 1999
f 1970 2000 1950
f 2066 1950 2065
f 1970 1950 2066
f 1973 2001 1970
f 1973 1970 2066
f 2002 2001 1973
f 2004 2002 1973
f 2045 2001 2003
f 1943 2001 2002
f 1985 2002 1937
f 2002 1942 1943
f 1943 2003 2001
f 2003 1985 1937
f 1985 1942 2002
f 1984 2002 1968
f 1984 1937 2002
f 2004 1983 1984
f 2004 1968 2002
f 1984 1983 1937
f 1937 2043 2003
f 2043 1937 1961
f 1962 1961 1937
f 1962 1937 1983
f 2042 2043 1961
f 1964 1961 1962
f 1965 1961 2006
f 2006 2005 1965
f 2005 2042 1965
f 1965 2042 1961
f 1934 2006 1964
f 2006 1961 1964
f 1963 2006 1932
f 1986 2007 1987
f 1963 1932 1933
f 1963 2005 2006
f 1963 1933 2005
f 2005 1933 1987
f 1986 1932 2006
f 1987 2007 2005
f 1967 1934 2075
f 2075 2006 1966
f 2075 1966 1967
f 1934 1966 2006
f 2006 2075 1986
f 2007 1986 2039
f 2008 1986 2075
f 1986 2009 1971
f 1971 2039 1986
f 2009 1986 2008
f 2007 2042 2005
f 2043 2045 2003
f 2001 2000 1970
f 1950 1989 1998
f 2050 2053 1998
f 2053 2022 1997
f 1992 1997 1982
f 1996 1977 1976
f 1982 2022 1995
f 1995 1957 1976
f 1957 1995 2059
f 2011 2012 2013
f 2012 2014 2013
f 2015 2016 2017
f 2017 2011 2015
f 2014 2012 2019
f 2013 2015 2011
f 2018 2020 2059
f 2015 2055 2016
f 2019 2020 2014
f 2018 2014 2020
f 2021 2055 1957
f 2021 1957 2059
f 2021 2056 2055
f 1957 2055 1955
f 2056 2016 2055
f 2058 2018 2059
f 2058 2025 2022
f 2022 1955 2058
f 1998 2022 2025
f 2024 2023 2025
f 2023 2024 2048
f 2023 2048 2051
f 2026 2048 2024
f 2051 2026 2113
f 2028 2051 2113
f 2028 2165 2029
f 2165 2027 2029
f 2029 2027 2028
f 2165 2031 2033
f 2034 2165 2033
f 2030 2027 2045
f 2033 2032 2034
f 2034 2027 2165
f 2033 2030 2032
f 2030 2033 2031
f 2034 2045 2027
f 2045 2032 2030
f 2153 2030 2031
f 2035 2030 2153
f 2036 1927 2035
f 2131 1923 2036
f 1971 2037 2038
f 2038 2037 2131
f 2038 2133 1971
f 1971 1923 2037
f 1923 1927 2036
f 1927 2030 2035
f 2027 2051 2028
f 2051 1998 2023
f 2025 2023 1998
f 1998 1955 2022
f 1971 2133 2134
f 2134 2039 1971
f 2007 2039 2040
f 2040 2146 2041
f 2041 2007 2040
f 2042 2041 2146
f 2044 2032 2033
f 2033 2046 2044
f 2032 2045 2033
f 2043 2033 2045
f 2029 2001 2045
f 2182 2001 2029
f 2029 2045 2044
f 2047 2001 2182
f 2047 2000 2028
f 2000 2001 2028
f 2047 2028 2001
f 2023 2051 2048
f 2023 2050 2051
f 2048 2047 2049
f 2050 2048 2049
f 2000 2051 2050
f 2050 2023 2048
f 2048 2000 2047
f 2203 2053 2052
f 2050 2049 2052
f 2050 2052 2053
f 2203 2054 2053
f 2022 2053 2054
f 1995 2022 2057
f 2018 2059 2019
f 2019 2056 2018
f 2021 1995 2057
f 2055 2018 2056
f 2057 2022 2054
f 2056 2057 2055
f 2059 1995 2021
f 2056 2021 2057
f 2018 2054 2059
f 2058 2057 2054
f 2043 2042 2146
f 2042 2007 2041
f 2040 2007 2036
f 2007 2040 2036
f 2146 2042 2035
f 2042 2146 2035
f 2182 2001 2028
f 2001 2182 2028
f 2052 2050 2025
f 2050 2052 2025
f 2023 2024 2050
f 2023 2050 2024
f 2131 2037 2039
f 1923 2131 2039
f 2037 1923 2039
f 2058 1955 2057
f 2013 2014 2018
f 2015 2013 2055
f 1955 2055 2057
f 2018 2055 2013
f 2058 2054 2018
f 2034 2032 2044
f 2044 2045 2034
f 2033 2030 2043
f 2033 2043 2030
f 2043 2046 2033
f 2026 2051 2048
f 2000 2048 2051
f 2017 2016 2056
f 2011 2017 2056
f 2012 2011 2056
f 2019 2012 2056
f 2019 2059 2020
f 2097 1992 1956
f 2060 2061 2096
f 2060 2095 2061
f 2095 1992 2097
f 2097 2061 2095
f 2095 2060 1992
f 2060 2096 2102
f 2062 1992 2060
f 1953 2062 2063
f 2088 2064 2063
f 2064 2088 2089
f 2064 2089 2065
f 2065 2089 2066
f 1973 2180 2085
f 2180 1973 2066
f 2067 1973 2085
f 2004 2085 2083
f 2067 2004 1973
f 2004 2068 1983
f 2071 2069 2070
f 2071 2068 2004
f 2069 2071 2083
f 2071 2004 2083
f 2070 2068 2071
f 2068 2069 1962
f 1964 1962 2152
f 1964 2152 2072
f 2075 1934 2073
f 2074 1934 2072
f 2073 2074 2075
f 2076 2075 2074
f 2075 2077 2008
f 2079 2077 2075
f 2138 2077 2079
f 2079 2075 2076
f 2138 2136 2077
f 2009 2077 2136
f 2009 2008 2077
f 2072 1934 1964
f 1962 1983 2068
f 2063 2064 1953
f 1956 1996 2097
f 2077 2009 2136
f 2078 1922 2079
f 2080 2078 2079
f 2079 1922 2077
f 2075 2078 2080
f 2129 2075 2080
f 1934 2075 2073
f 2073 2075 2129
f 2073 2081 1934
f 2081 1935 1934
f 2122 1935 1964
f 2081 1964 1935
f 1964 2081 2122
f 2122 2082 1935
f 2082 2122 2084
f 2083 2004 1983
f 1983 2082 2083
f 2084 2085 2083
f 2070 2084 2083
f 2082 2070 2083
f 2085 2004 2083
f 2086 2004 2085
f 1948 2086 2066
f 1948 2066 2089
f 2087 1953 1951
f 1951 1948 2087
f 2087 1948 2089
f 2089 2063 2088
f 2087 2088 2063
f 2088 2087 2089
f 1953 2087 2063
f 2090 1953 2063
f 2060 1954 1953
f 2090 2060 1953
f 2097 1996 1956
f 1956 1954 2097
f 2093 2092 2091
f 2091 2094 2093
f 2092 2095 2091
f 2096 2094 2060
f 2096 2093 2094
f 2095 2092 2061
f 2095 2097 1954
f 2061 2097 2095
f 2060 2102 2096
f 2060 2095 1954
f 1922 2009 2077
f 2090 2060 2063
f 2060 2090 2063
f 1934 2074 2073
f 2073 2081 2072
f 2081 2073 2072
f 2180 1973 2086
f 1973 2180 2086
f 2064 2088 2087
f 2087 2088 2064
f 2004 2067 2085
f 2095 2060 2094
f 2094 2091 2095
f 2069 2068 2082
f 2070 2069 2084
f 2070 2082 2068
f 2082 2084 2069
f 2122 2082 1962
f 2082 2122 1962
f 2152 1964 2081
f 1964 2152 2081
f 2096 2061 2093
f 2092 2093 2061
f 2059 2010 2098
f 2216 2100 2099
f 2098 2010 2216
f 2010 2100 2216
f 2213 2216 2099
f 2213 2098 2216
f 2217 2101 2096
f 2096 2102 2217
f 2101 2099 2100
f 2217 2099 2101
f 2098 2103 2058
f 2103 2098 2099
f 2099 2102 2060
f 2103 2060 2104
f 2104 2060 2090
f 2104 2090 2103
f 2105 2025 2103
f 2103 2090 2106
f 2106 2063 2105
f 2105 2103 2106
f 2106 2090 2063
f 2024 2105 2026
f 2193 2105 2109
f 2193 2109 2108
f 2109 2026 2108
f 2107 2193 2108
f 2108 2026 2107
f 2107 2026 2105
f 2110 2063 2089
f 2110 2109 2105
f 2105 2063 2110
f 2110 2089 2109
f 2113 2109 2188
f 2113 2026 2109
f 2188 2089 2066
f 2109 2089 2188
f 2111 2028 2113
f 2112 2066 2086
f 2188 2066 2112
f 2112 2086 2113
f 2113 2188 2112
f 2111 2165 2028
f 2116 2165 2111
f 2111 2113 2116
f 2181 2086 2085
f 2113 2086 2181
f 2181 2085 2116
f 2116 2113 2181
f 2168 2116 2114
f 2161 2168 2114
f 2031 2165 2115
f 2161 2114 2115
f 2161 2115 2165
f 2114 2031 2115
f 2168 2165 2116
f 2118 2084 2117
f 2117 2178 2116
f 2116 2118 2117
f 2178 2176 2116
f 2118 2116 2085
f 2118 2085 2084
f 2176 2114 2116
f 2176 2084 2114
f 2176 2117 2084
f 2114 2119 2120
f 2119 2153 2031
f 2120 2031 2114
f 2031 2120 2119
f 2121 2084 2122
f 2114 2084 2121
f 2121 2122 2119
f 2119 2114 2121
f 2119 2035 2153
f 2122 2081 2119
f 2123 2036 2035
f 2035 2119 2124
f 2124 2123 2035
f 2124 2081 2073
f 2119 2081 2124
f 2123 2127 2036
f 2125 2124 2128
f 2123 2125 2148
f 2125 2126 2148
f 2128 2124 2140
f 2125 2128 2126
f 2123 2148 2127
f 2125 2123 2124
f 2127 2128 2140
f 2150 2140 2130
f 2124 2073 2130
f 2130 2140 2124
f 2130 2073 2129
f 2129 2150 2130
f 2140 2129 2080
f 2036 2127 2131
f 2131 2140 2080
f 2132 2038 2131
f 2135 2131 2080
f 2135 2079 2077
f 2080 2079 2135
f 2132 2135 2136
f 2135 2077 2136
f 2133 2132 2136
f 2133 2038 2132
f 2135 2132 2131
f 2140 2131 2127
f 2193 2107 2105
f 2024 2025 2105
f 2025 2058 2103
f 2060 2103 2099
f 2098 2058 2059
f 2136 2135 2134
f 2138 2135 2136
f 2039 2134 2137
f 2137 2134 2135
f 2135 2079 2137
f 2039 2139 2040
f 2140 2139 2039
f 2140 2039 2137
f 2076 2140 2137
f 2076 2137 2079
f 2040 2139 2146
f 2139 2126 2141
f 2141 2142 2139
f 2141 2144 2143
f 2144 2141 2145
f 2126 2125 2147
f 2139 2142 2123
f 2145 2147 2144
f 2141 2143 2142
f 2126 2139 2140
f 2147 2148 2126
f 2149 2125 2126
f 2126 2140 2149
f 2123 2146 2139
f 2147 2145 2148
f 2140 2150 2130
f 2150 2074 2130
f 2140 2130 2149
f 2076 2074 2150
f 2150 2140 2076
f 2153 2146 2151
f 2151 2146 2149
f 2149 2153 2151
f 2124 2072 2152
f 2072 2153 2149
f 2072 2152 2153
f 2043 2146 2154
f 2043 2153 2158
f 2153 2154 2146
f 1962 2158 2153
f 1962 2153 2152
f 2043 2155 2046
f 2155 2043 2156
f 2157 2156 2043
f 2158 2157 2043
f 2159 1962 2069
f 2069 2156 2158
f 2158 2159 2069
f 2159 2158 1962
f 2155 2165 2044
f 2165 2029 2044
f 2155 2156 2160
f 2160 2161 2155
f 2160 2163 2162
f 2163 2160 2164
f 2164 2166 2167
f 2114 2168 2166
f 2164 2167 2163
f 2160 2162 2161
f 2169 2168 2114
f 2161 2165 2155
f 2166 2164 2114
f 2114 2156 2169
f 2118 2083 2085
f 2172 2156 2170
f 2085 2169 2118
f 2156 2172 2116
f 2170 2171 2172
f 2174 2175 2171
f 2171 2178 2174
f 2173 2177 2069
f 2173 2175 2177
f 2116 2169 2156
f 2176 2156 2069
f 2174 2177 2175
f 2171 2170 2178
f 2069 2083 2118
f 2118 2173 2069
f 2111 2182 2165
f 2111 2165 2169
f 2179 2085 2180
f 2181 2111 2169
f 2181 2180 2111
f 2181 2169 2085
f 2179 2181 2085
f 2182 2111 2184
f 2183 2180 2066
f 2066 2182 2183
f 2184 2183 2182
f 2184 2111 2180
f 2183 2184 2180
f 2182 2185 2047
f 2186 2185 2182
f 2188 2186 2182
f 2187 2066 2089
f 2089 2186 2188
f 2188 2187 2089
f 2189 2182 2066
f 2189 2188 2182
f 2185 2190 2049
f 2190 2052 2049
f 2192 2193 2194
f 2191 2190 2185
f 2185 2108 2195
f 2194 2198 2192
f 2195 2196 2185
f 2195 2197 2196
f 2108 2185 2186
f 2192 2108 2193
f 2107 2191 2185
f 2195 2194 2197
f 2108 2186 2193
f 2193 2186 2199
f 2194 2195 2198
f 2196 2107 2185
f 2191 2199 2190
f 2110 2186 2109
f 2200 2109 2201
f 2110 2199 2186
f 2109 2200 2110
f 2109 2186 2089
f 2089 2088 2200
f 2201 2089 2200
f 2202 2088 2063
f 2199 2202 2063
f 2203 2190 2199
f 2199 2205 2203
f 2063 2205 2204
f 2205 2199 2204
f 2204 2199 2063
f 2205 2054 2203
f 2206 2205 2063
f 2063 2062 2206
f 2206 2062 2205
f 2207 2054 2208
f 2215 2207 2208
f 2208 2054 2205
f 2215 2205 2209
f 2102 2215 2209
f 2209 2205 2062
f 2062 2060 2209
f 2060 2102 2209
f 2059 2054 2207
f 2010 2207 2211
f 2207 2098 2210
f 2210 2212 2207
f 2207 2212 2211
f 2210 2214 2212
f 2100 2010 2211
f 2215 2216 2213
f 2216 2215 2100
f 2213 2212 2214
f 2098 2207 2215
f 2101 2215 2217
f 2215 2101 2100
f 2218 2101 2219
f 2219 2096 2218
f 2219 2102 2096
f 2217 2219 2101
f 2211 2216 2100
f 2207 2010 2059
f 2208 2205 2215
f 2203 2052 2190
f 2202 2200 2088
f 2049 2047 2185
f 2187 2189 2066
f 2182 2029 2165
f 2044 2046 2155
f 2136 2134 2133
f 2043 2154 2153
f 2159 2158 2121
f 2158 2159 2121
f 2125 2123 2143
f 2123 2125 2146
f 2149 2146 2125
f 2144 2147 2125
f 2143 2144 2125
f 2142 2143 2123
f 2152 2072 2124
f 2072 2149 2130
f 2074 2072 2130
f 2118 2116 2172
f 2118 2169 2116
f 2175 2173 2118
f 2171 2175 2118
f 2172 2171 2118
f 2168 2161 2162
f 2165 2168 2169
f 2167 2166 2168
f 2163 2167 2168
f 2162 2163 2168
f 2111 2182 2113
f 2182 2111 2113
f 2198 2195 2108
f 2192 2198 2108
f 2189 2187 2188
f 2183 2184 2112
f 2184 2183 2112
f 2135 2134 2132
f 2134 2135 2132
f 2138 2079 2135
f 2102 2099 2215
f 2217 2215 2099
f 2102 2219 2217
f 2179 2180 2181
f 2212 2213 2216
f 2211 2212 2216
f 2101 2218 2096
f 2213 2099 2215
f 2098 2213 2214
f 2214 2210 2098
f 2098 2215 2099
f 2178 2117 2174
f 2170 2156 2176
f 2178 2170 2176
f 2177 2174 2117
f 2069 2177 2117
f 2176 2069 2117
f 2120 2031 2158
f 2031 2120 2156
f 2158 2156 2120
f 2157 2158 2031
f 2156 2157 2031
f 1962 2153 2122
f 2153 1962 2122
f 2114 2115 2156
f 2160 2156 2115
f 2164 2160 2115
f 2114 2164 2115
f 2129 2140 2150
f 2128 2127 2126
f 2141 2126 2127
f 2145 2141 2127
f 2148 2145 2127
f 2202 2199 2110
f 2200 2202 2110
f 2107 2193 2191
f 2199 2191 2193
f 2197 2194 2193
f 2196 2197 2193
f 2107 2196 2193
f 2089 2201 2109
f 2062 2206 2104
f 2206 2062 2104
f 2221 2224 2223
f 2228 2221 2223
f 2221 2222 2224
f 2225 2224 2222
f 2226 2225 2222
f 2222 2264 2226
f 2223 2229 2227
f 2285 2228 2223
f 2223 2227 2285
f 2223 2224 2230
f 2230 2229 2223
f 2231 2229 2224
f 2224 2237 2231
f 2237 2229 2231
f 2224 2225 2232
f 2225 2241 2232
f 2241 2237 2232
f 2232 2237 2224
f 2291 2282 2226
f 2233 2227 2229
f 2283 2227 2233
f 2234 2233 2235
f 2233 2229 2235
f 2236 2235 2229
f 2229 2234 2236
f 2237 2234 2238
f 2229 2237 2238
f 2234 2229 2238
f 2237 2241 2239
f 2239 2240 2237
f 2240 2239 2241
f 2250 2240 2242
f 2242 2241 2226
f 2226 2250 2242
f 2241 2242 2240
f 2243 2250 2244
f 2282 2244 2226
f 2250 2226 2244
f 2282 2243 2244
f 2245 2283 2233
f 2245 2233 2253
f 2253 2233 2269
f 2233 2234 2246
f 2246 2269 2233
f 2234 2237 2247
f 2247 2237 2248
f 2237 2240 2248
f 2248 2240 2250
f 2275 2248 2249
f 2250 2249 2248
f 2275 2250 2251
f 2243 2251 2250
f 2234 2252 2253
f 2252 2234 2254
f 2254 2255 2252
f 2234 2247 2254
f 2247 2255 2254
f 2248 2255 2247
f 2267 2248 2256
f 2248 2275 2257
f 2257 2256 2248
f 2275 2256 2257
f 2258 2245 2260
f 2260 2245 2253
f 2260 2259 2252
f 2259 2260 2253
f 2228 2283 2261
f 2261 2221 2228
f 2264 2222 2262
f 2262 2263 2264
f 2291 2226 2303
f 2264 2303 2226
f 2302 2267 2275
f 2258 2283 2245
f 2259 2253 2252
f 2256 2275 2267
f 2255 2248 2267
f 2249 2250 2275
f 2253 2246 2234
f 2235 2236 2234
f 2241 2225 2226
f 2229 2230 2224
f 2228 2227 2283
f 2252 2265 2266
f 2265 2298 2266
f 2255 2272 2265
f 2252 2255 2265
f 2267 2272 2268
f 2255 2267 2268
f 2267 2274 2272
f 2269 2283 2298
f 2298 2265 2270
f 2269 2270 2265
f 2265 2272 2271
f 2272 2279 2271
f 2271 2269 2265
f 2279 2269 2271
f 2281 2272 2273
f 2273 2274 2281
f 2274 2275 2276
f 2243 2281 2276
f 2275 2243 2276
f 2276 2281 2274
f 2277 2283 2269
f 2285 2283 2277
f 2286 2277 2278
f 2278 2269 2286
f 2279 2286 2280
f 2269 2279 2280
f 2286 2269 2280
f 2279 2272 2290
f 2282 2281 2243
f 2281 2282 2290
f 2283 2285 2284
f 2285 2277 2286
f 2295 2285 2286
f 2287 2279 2295
f 2287 2286 2279
f 2286 2287 2295
f 2279 2290 2289
f 2295 2279 2289
f 2288 2289 2290
f 2288 2290 2297
f 2290 2282 2291
f 2297 2290 2291
f 2292 2284 2285
f 2284 2292 2261
f 2285 2295 2292
f 2292 2295 2293
f 2294 2293 2295
f 2294 2288 2296
f 2295 2288 2294
f 2296 2288 2297
f 2252 2298 2301
f 2260 2299 2301
f 2260 2258 2299
f 2258 2260 2300
f 2300 2301 2298
f 2302 2275 2220
f 2275 2274 2220
f 2220 2267 2302
f 2297 2291 2303
f 2296 2297 2303
f 2296 2303 2262
f 2292 2293 2221
f 2221 2261 2292
f 2220 2274 2267
f 2300 2298 2258
f 2296 2293 2294
f 2289 2288 2295
f 2284 2261 2283
f 2281 2290 2272
f 2278 2277 2269
f 2274 2273 2272
f 2270 2269 2298
f 2268 2272 2255
f 2266 2298 2252
f 2262 2222 2296
f 2293 2296 2222
f 2222 2221 2293
f 2252 2301 2260
f 2283 2258 2298
f 2260 2301 2299
f 2258 2260 2299
f 2263 2262 2303
f 2242 2241 2281
f 2241 2242 2281
f 2236 2235 2278
f 2235 2236 2278
f 2239 2240 2279
f 2240 2239 2279
f 2275 2251 2276
f 2243 2275 2276
f 2251 2243 2276
f 2282 2281 2244
f 2281 2282 2244
f 2247 2234 2271
f 2234 2247 2271
f 2274 2273 2250
f 2273 2274 2250
f 2249 2250 2274
f 2250 2249 2274
f 2270 2269 2253
f 2253 2269 2270
f 2246 2253 2269
f 2301 2300 2260
f 2259 2260 2301
f 2260 2259 2301
f 2264 2263 2303
f 2264 2222 2297
f 2222 2264 2297
f 2252 2253 2266
f 2253 2252 2266
f 2255 2254 2265
f 2254 2255 2265
f 2248 2255 2268
f 2255 2248 2268
f 2274 2267 2256
f 2267 2274 2256
f 2257 2256 2274
f 2256 2257 2274
f 2290 2288 2225
f 2288 2290 2225
f 2241 2225 2290
f 2225 2241 2290
f 2289 2288 2232
f 2288 2289 2232
f 2287 2286 2231
f 2286 2287 2231
f 2230 2229 2286
f 2229 2230 2286
f 2292 2284 2228
f 2284 2292 2228
f 2227 2228 2285
f 2306 2305 2304
f 2307 2306 2304
f 2308 2310 2306
f 2338 2309 2307
f 2309 2329 2311
f 2310 2309 2350
f 2350 2309 2311
f 2342 2314 2350
f 2342 2313 2316
f 2350 2313 2333
f 2333 2342 2350
f 2348 2342 2316
f 2340 2314 2348
f 2316 2315 2320
f 2315 2316 2313
f 2317 2320 2315
f 2318 2340 2320
f 2317 2396 2319
f 2315 2396 2317
f 2321 2318 2322
f 2322 2318 2319
f 2319 2396 2323
f 2319 2323 2322
f 2322 2336 2321
f 2324 2325 2322
f 2324 2322 2323
f 2336 2322 2326
f 2325 2326 2322
f 2325 2324 2323
f 2321 2340 2318
f 2317 2319 2320
f 2348 2320 2340
f 2316 2320 2348
f 2342 2348 2314
f 2342 2333 2313
f 2314 2310 2350
f 2313 2311 2312
f 2311 2313 2350
f 2308 2309 2310
f 2329 2338 2311
f 2307 2309 2308
f 2306 2307 2308
f 2310 2305 2306
f 2349 2327 2311
f 2328 2349 2313
f 2327 2328 2313
f 2313 2311 2327
f 2311 2313 2349
f 2338 2329 2309
f 2319 2318 2331
f 2320 2319 2331
f 2318 2320 2331
f 2317 2332 2320
f 2332 2317 2320
f 2346 2337 2325
f 2337 2346 2325
f 2325 2324 2337
f 2324 2325 2337
f 2338 2352 2307
f 2352 2338 2307
f 2306 2305 2351
f 2305 2306 2351
f 2337 2341 2323
f 2341 2337 2319
f 2323 2319 2337
f 2319 2323 2341
f 2342 2347 2314
f 2342 2314 2347
f 2313 2316 2343
f 2316 2313 2343
f 2315 2316 2344
f 2316 2315 2344
f 2346 2335 2326
f 2326 2335 2336
f 2337 2345 2335
f 2346 2337 2335
f 2321 2345 2337
f 2346 2377 2341
f 2341 2337 2346
f 2331 2321 2341
f 2377 2331 2341
f 2369 2321 2340
f 2340 2331 2317
f 2377 2315 2317
f 2317 2331 2377
f 2369 2340 2332
f 2340 2317 2332
f 2332 2317 2344
f 2348 2369 2332
f 2369 2348 2347
f 2343 2332 2344
f 2344 2315 2343
f 2332 2343 2348
f 2342 2348 2334
f 2342 2347 2348
f 2342 2334 2350
f 2342 2350 2347
f 2343 2327 2333
f 2333 2334 2348
f 2348 2343 2333
f 2333 2327 2334
f 2328 2327 2343
f 2349 2328 2343
f 2327 2349 2334
f 2334 2339 2330
f 2330 2350 2334
f 2339 2350 2330
f 2329 2349 2338
f 2329 2338 2334
f 2329 2334 2349
f 2334 2351 2306
f 2306 2339 2334
f 2351 2339 2306
f 2352 2351 2334
f 2338 2352 2334
f 2304 2305 2351
f 2305 2339 2351
f 2304 2351 2352
f 2315 2344 2317
f 2331 2340 2321
f 2341 2321 2337
f 2345 2336 2335
f 2460 2326 2353
f 2355 2336 2354
f 2355 2356 2336
f 2357 2321 2355
f 2357 2355 2400
f 2340 2358 2413
f 2413 2367 2314
f 2413 2359 2367
f 2359 2310 2367
f 2305 2359 2360
f 2425 2305 2361
f 2361 2360 2359
f 2360 2361 2305
f 2305 2310 2359
f 2310 2314 2367
f 2314 2340 2413
f 2340 2321 2358
f 2357 2358 2321
f 2356 2321 2336
f 2363 2305 2425
f 2365 2339 2362
f 2363 2362 2339
f 2364 2350 2339
f 2365 2350 2364
f 2364 2339 2365
f 2367 2350 2365
f 2367 2366 2350
f 2439 2367 2365
f 2369 2347 2366
f 2369 2366 2439
f 2369 2368 2445
f 2368 2369 2439
f 2370 2321 2369
f 2370 2358 2321
f 2358 2369 2445
f 2358 2370 2369
f 2371 2321 2358
f 2321 2371 2345
f 2372 2336 2345
f 2372 2345 2371
f 2354 2336 2372
f 2347 2350 2366
f 2339 2305 2363
f 2425 2362 2363
f 2360 2361 2362
f 2361 2360 2363
f 2362 2363 2360
f 2363 2362 2361
f 2368 2369 2413
f 2369 2368 2413
f 2371 2321 2357
f 2321 2371 2357
f 2439 2366 2367
f 2355 2321 2372
f 2356 2355 2372
f 2321 2356 2372
f 2326 2373 2346
f 2375 2376 2326
f 2373 2374 2456
f 2374 2326 2460
f 2374 2375 2326
f 2377 2346 2373
f 2396 2373 2456
f 2377 2396 2456
f 2315 2377 2378
f 2378 2456 2452
f 2378 2377 2456
f 2343 2379 2380
f 2381 2349 2380
f 2338 2349 2383
f 2387 2338 2382
f 2381 2383 2349
f 2382 2381 2387
f 2383 2382 2338
f 2338 2384 2352
f 2384 2338 2385
f 2387 2385 2338
f 2384 2387 2428
f 2384 2428 2304
f 2304 2352 2384
f 2380 2349 2343
f 2379 2343 2378
f 2343 2315 2378
f 2396 2377 2373
f 2376 2373 2326
f 2307 2304 2390
f 2387 2390 2304
f 2386 2390 2387
f 2311 2338 2390
f 2312 2311 2388
f 2418 2312 2388
f 2389 2311 2390
f 2390 2380 2389
f 2380 2390 2418
f 2389 2388 2311
f 2312 2391 2313
f 2391 2315 2313
f 2392 2391 2312
f 2392 2312 2418
f 2391 2396 2315
f 2394 2391 2392
f 2394 2392 2393
f 2391 2393 2396
f 2404 2323 2395
f 2395 2393 2404
f 2396 2395 2323
f 2353 2326 2325
f 2325 2323 2353
f 2353 2323 2404
f 2395 2396 2393
f 2388 2380 2418
f 2338 2307 2390
f 2428 2387 2304
f 2384 2385 2387
f 2379 2343 2392
f 2343 2379 2312
f 2392 2312 2379
f 2312 2392 2343
f 2393 2391 2378
f 2394 2393 2378
f 2391 2394 2378
f 2396 2456 2395
f 2396 2395 2456
f 2388 2389 2380
f 2382 2383 2390
f 2381 2382 2390
f 2383 2381 2390
f 2374 2373 2353
f 2375 2374 2353
f 2376 2375 2353
f 2373 2376 2353
f 2398 2400 2397
f 2354 2398 2397
f 2397 2400 2355
f 2355 2354 2397
f 2460 2353 2399
f 2353 2400 2399
f 2399 2400 2398
f 2401 2400 2353
f 2402 2353 2404
f 2404 2400 2402
f 2401 2402 2400
f 2402 2401 2353
f 2400 2407 2403
f 2403 2407 2357
f 2404 2406 2400
f 2406 2404 2393
f 2357 2407 2405
f 2405 2407 2406
f 2357 2405 2409
f 2358 2357 2408
f 2412 2409 2405
f 2409 2408 2357
f 2408 2412 2358
f 2405 2406 2410
f 2410 2406 2393
f 2358 2412 2411
f 2411 2412 2410
f 2358 2411 2414
f 2414 2411 2413
f 2413 2358 2414
f 2411 2393 2416
f 2416 2393 2392
f 2416 2392 2415
f 2415 2411 2416
f 2413 2411 2417
f 2417 2419 2413
f 2417 2415 2418
f 2418 2419 2417
f 2418 2415 2392
f 2359 2413 2419
f 2419 2418 2420
f 2418 2390 2420
f 2359 2419 2422
f 2422 2421 2359
f 2422 2420 2424
f 2423 2390 2386
f 2420 2390 2423
f 2386 2424 2423
f 2424 2420 2423
f 2424 2427 2361
f 2424 2361 2421
f 2427 2424 2386
f 2427 2425 2426
f 2361 2427 2426
f 2426 2425 2361
f 2386 2387 2427
f 2427 2387 2428
f 2427 2428 2425
f 2361 2359 2421
f 2420 2422 2419
f 2415 2417 2411
f 2393 2411 2410
f 2410 2412 2405
f 2406 2407 2400
f 2403 2357 2400
f 2362 2425 2429
f 2429 2425 2430
f 2430 2428 2387
f 2387 2429 2430
f 2430 2425 2428
f 2431 2365 2362
f 2431 2362 2429
f 2432 2381 2429
f 2432 2429 2387
f 2433 2431 2429
f 2381 2434 2429
f 2434 2436 2435
f 2435 2433 2434
f 2381 2436 2434
f 2437 2438 2435
f 2438 2365 2435
f 2438 2439 2365
f 2437 2435 2436
f 2381 2380 2436
f 2442 2368 2439
f 2439 2437 2441
f 2441 2442 2439
f 2441 2437 2419
f 2443 2440 2444
f 2419 2443 2441
f 2437 2440 2419
f 2443 2444 2441
f 2443 2419 2440
f 2444 2380 2379
f 2441 2444 2379
f 2446 2445 2442
f 2447 2446 2441
f 2379 2378 2448
f 2448 2441 2379
f 2449 2448 2378
f 2448 2449 2441
f 2450 2447 2449
f 2447 2450 2451
f 2450 2449 2378
f 2453 2445 2451
f 2451 2450 2452
f 2452 2450 2378
f 2454 2451 2456
f 2451 2452 2456
f 2455 2453 2454
f 2454 2456 2458
f 2371 2455 2372
f 2457 2455 2458
f 2457 2372 2455
f 2374 2457 2458
f 2456 2374 2458
f 2459 2372 2457
f 2354 2459 2398
f 2459 2457 2398
f 2459 2354 2372
f 2398 2457 2374
f 2371 2358 2455
f 2455 2454 2458
f 2453 2455 2358
f 2451 2454 2453
f 2358 2445 2453
f 2447 2451 2445
f 2441 2449 2447
f 2445 2368 2442
f 2441 2446 2442
f 2444 2440 2380
f 2440 2436 2380
f 2436 2440 2437
f 2433 2435 2365
f 2429 2434 2433
f 2381 2432 2387
f 2427 2428 2430
f 2428 2427 2430
f 2420 2418 2436
f 2418 2420 2440
f 2440 2436 2418
f 2436 2440 2420
f 2381 2434 2423
f 2434 2381 2423
f 2424 2421 2431
f 2422 2424 2433
f 2421 2422 2433
f 2433 2365 2421
f 2431 2433 2424
f 2365 2431 2421
f 2405 2407 2454
f 2407 2405 2454
f 2411 2412 2447
f 2412 2411 2450
f 2450 2447 2412
f 2447 2450 2411
f 2415 2417 2441
f 2417 2415 2441
f 2419 2418 2443
f 2419 2443 2418
f 2435 2433 2420
f 2433 2435 2420
f 2457 2372 2400
f 2372 2457 2400
f 2399 2398 2374
f 2374 2460 2399
f 2459 2354 2397
f 2354 2459 2397
f 2447 2445 2414
f 2446 2447 2414
f 2445 2446 2414
f 2401 2402 2458
f 2402 2401 2458
f 2381 2432 2427
f 2432 2381 2427
f 2425 2362 2426
f 2362 2425 2426
f 2437 2439 2419
f 2438 2437 2419
f 2439 2438 2419
f 2412 2408 2453
f 2409 2412 2453
f 2408 2409 2453
f 2406 2410 2452
f 2410 2406 2452
f 2404 2406 2454
f 2406 2404 2456
f 2456 2454 2406
f 2454 2456 2404
f 2453 2455 2403
f 2455 2453 2403
f 2441 2442 2417
f 2442 2441 2417
f 2418 2415 2444
f 2415 2418 2444
f 2440 2444 2418
f 2444 2440 2418
f 2448 2449 2416
f 2449 2448 2416
f 2465 2620 2463
f 2468 2463 2466
f 2468 2467 2465
f 2468 2501 2467
f 2501 2468 2466
f 2469 2499 2507
f 2505 2577 2469
f 2472 2473 2471
f 2477 2471 2475
f 2471 2473 2475
f 2475 2473 2476
f 2474 2471 2477
f 2475 2480 2477
f 2475 2476 2478
f 2478 2480 2475
f 2478 2479 2488
f 2479 2478 2476
f 2480 2481 2484
f 2482 2481 2480
f 2480 2478 2482
f 2482 2478 2488
f 2484 2481 2482
f 2485 2486 2480
f 2486 2496 2480
f 2495 2496 2485
f 2484 2487 2485
f 2487 2484 2575
f 2488 2479 2505
f 2493 2474 2490
f 2616 2498 2492
f 2474 2480 2494
f 2473 2472 2467
f 2501 2473 2467
f 2467 2472 2497
f 2465 2467 2497
f 2497 2502 2465
f 2499 2469 2577
f 2577 2473 2501
f 2530 2489 2503
f 2503 2494 2530
f 2503 2489 2474
f 2474 2494 2503
f 2498 2471 2474
f 2492 2618 2616
f 2479 2476 2505
f 2476 2473 2505
f 2505 2473 2577
f 2506 2499 2464
f 2508 2596 2507
f 2509 2510 2596
f 2509 2511 2510
f 2509 2515 2511
f 2596 2513 2509
f 2509 2588 2512
f 2509 2518 2588
f 2518 2509 2514
f 2514 2592 2518
f 2512 2515 2509
f 2518 2592 2517
f 2517 2592 2516
f 2517 2516 2518
f 2519 2529 2614
f 2520 2521 2530
f 2605 2561 2608
f 2561 2493 2608
f 2603 2525 2470
f 2525 2603 2602
f 2526 2525 2602
f 2526 2461 2525
f 2527 2532 2575
f 2500 2501 2466
f 2464 2500 2466
f 2461 2462 2528
f 2528 2620 2465
f 2483 2575 2482
f 2626 2529 2613
f 2524 2603 2470
f 2520 2522 2521
f 2596 2508 2513
f 2529 2488 2537
f 2504 2525 2470
f 2502 2528 2465
f 2461 2616 2618
f 2496 2494 2480
f 2494 2496 2530
f 2493 2561 2524
f 2491 2492 2498
f 2491 2498 2474
f 2493 2491 2474
f 2489 2490 2474
f 2521 2489 2530
f 2596 2469 2507
f 2505 2515 2488
f 2537 2518 2516
f 2529 2519 2613
f 2626 2613 2527
f 2575 2532 2487
f 2485 2487 2495
f 2496 2531 2530
f 2537 2614 2529
f 2485 2480 2484
f 2482 2575 2484
f 2488 2529 2483
f 2488 2483 2482
f 2477 2480 2474
f 2493 2522 2608
f 2472 2471 2498
f 2497 2472 2498
f 2524 2561 2523
f 2502 2498 2616
f 2470 2493 2524
f 2525 2618 2470
f 2506 2507 2499
f 2464 2499 2500
f 2463 2468 2465
f 2461 2618 2525
f 2533 2487 2539
f 2539 2487 2534
f 2534 2532 2483
f 2584 2614 2537
f 2540 2548 2536
f 2540 2483 2548
f 2540 2536 2483
f 2483 2629 2548
f 2629 2488 2548
f 2542 2538 2539
f 2543 2539 2536
f 2543 2542 2539
f 2545 2536 2544
f 2545 2544 2543
f 2545 2543 2536
f 2544 2536 2546
f 2536 2548 2546
f 2547 2546 2548
f 2546 2547 2544
f 2543 2554 2549
f 2549 2554 2542
f 2550 2554 2543
f 2543 2544 2550
f 2550 2544 2554
f 2544 2547 2476
f 2551 2476 2547
f 2553 2554 2555
f 2557 2544 2556
f 2555 2554 2557
f 2557 2556 2555
f 2554 2544 2557
f 2558 2473 2556
f 2558 2551 2473
f 2556 2544 2558
f 2558 2544 2551
f 2553 2555 2556
f 2562 2618 2565
f 2564 2560 2600
f 2571 2567 2568
f 2568 2569 2571
f 2569 2568 2570
f 2568 2577 2570
f 2566 2565 2619
f 2569 2570 2500
f 2573 2620 2571
f 2569 2463 2573
f 2573 2463 2620
f 2571 2569 2573
f 2569 2500 2466
f 2500 2572 2464
f 2559 2552 2505
f 2515 2505 2552
f 2560 2559 2505
f 2574 2538 2542
f 2542 2617 2491
f 2491 2490 2542
f 2532 2613 2576
f 2576 2575 2532
f 2627 2576 2613
f 2572 2564 2600
f 2572 2577 2564
f 2570 2577 2578
f 2611 2538 2579
f 2538 2609 2579
f 2542 2554 2580
f 2554 2553 2580
f 2581 2617 2542
f 2581 2563 2617
f 2581 2582 2563
f 2583 2537 2488
f 2583 2584 2537
f 2585 2488 2629
f 2559 2551 2552
f 2473 2551 2559
f 2559 2560 2473
f 2586 2518 2587
f 2537 2516 2587
f 2516 2592 2587
f 2518 2537 2587
f 2586 2587 2592
f 2514 2515 2588
f 2589 2514 2590
f 2586 2592 2589
f 2588 2590 2514
f 2590 2586 2589
f 2515 2514 2511
f 2593 2514 2594
f 2591 2594 2595
f 2594 2591 2593
f 2593 2511 2514
f 2596 2595 2513
f 2596 2513 2597
f 2513 2508 2597
f 2597 2508 2598
f 2597 2598 2596
f 2507 2600 2598
f 2600 2507 2599
f 2601 2464 2572
f 2601 2599 2464
f 2599 2601 2600
f 2619 2602 2566
f 2602 2619 2462
f 2604 2562 2566
f 2603 2604 2566
f 2562 2604 2561
f 2561 2541 2606
f 2541 2605 2608
f 2608 2606 2541
f 2609 2520 2610
f 2520 2609 2535
f 2530 2611 2610
f 2537 2614 2615
f 2563 2616 2617
f 2618 2616 2565
f 2618 2617 2616
f 2616 2619 2565
f 2620 2462 2619
f 2556 2621 2582
f 2567 2563 2621
f 2563 2582 2621
f 2568 2567 2622
f 2473 2577 2623
f 2623 2622 2473
f 2623 2577 2568
f 2624 2466 2500
f 2500 2464 2624
f 2624 2464 2466
f 2625 2495 2533
f 2625 2533 2538
f 2531 2625 2538
f 2584 2585 2629
f 2629 2626 2584
f 2628 2627 2626
f 2575 2483 2532
f 2627 2613 2626
f 2626 2613 2584
f 2495 2487 2533
f 2622 2623 2568
f 2621 2556 2567
f 2602 2603 2566
f 2600 2601 2572
f 2508 2507 2598
f 2596 2591 2595
f 2585 2583 2488
f 2580 2581 2542
f 2578 2500 2570
f 2577 2560 2564
f 2538 2611 2531
f 2490 2562 2561
f 2490 2561 2606
f 2609 2606 2607
f 2574 2609 2538
f 2490 2574 2542
f 2488 2552 2548
f 2466 2463 2569
f 2571 2563 2567
f 2598 2600 2560
f 2565 2566 2562
f 2560 2577 2473
f 2473 2622 2556
f 2556 2582 2553
f 2552 2551 2547
f 2549 2542 2543
f 2483 2536 2539
f 2483 2539 2534
f 2539 2538 2533
f 2579 2609 2611
f 2609 2607 2535
f 2611 2609 2610
f 2614 2584 2613
f 2532 2534 2487
f 2531 2611 2530
f 2489 2609 2574
f 2521 2522 2609
f 2489 2521 2609
f 2505 2469 2560
f 2598 2560 2469
f 2469 2596 2598
f 2524 2523 2561
f 2561 2604 2524
f 2522 2520 2607
f 2522 2607 2608
f 2605 2541 2561
f 2602 2462 2461
f 2464 2599 2506
f 2595 2592 2513
f 2493 2470 2562
f 2618 2562 2470
f 2618 2492 2617
f 2518 2586 2590
f 2588 2518 2590
f 2532 2527 2613
f 2612 2613 2519
f 2520 2530 2610
f 2614 2537 2615
f 2599 2507 2506
f 2619 2616 2461
f 2461 2528 2620
f 2620 2619 2461
f 2502 2616 2563
f 2571 2528 2502
f 2571 2620 2528
f 2502 2563 2571
f 2572 2499 2577
f 2572 2500 2499
f 2578 2577 2501
f 2500 2578 2501
f 2629 2483 2529
f 2626 2629 2529
f 2538 2496 2494
f 2538 2494 2496
f 2496 2533 2538
f 2496 2538 2533
f 2519 2614 2612
f 2604 2603 2524
f 2520 2535 2607
f 2515 2552 2488
f 2562 2490 2493
f 2491 2493 2490
f 2617 2492 2491
f 2606 2609 2522
f 2490 2606 2493
f 2522 2493 2606
f 2490 2489 2574
f 2510 2593 2591
f 2511 2593 2510
f 2591 2596 2510
f 2588 2515 2512
f 2581 2580 2498
f 2582 2581 2498
f 2498 2553 2582
f 2580 2553 2498
f 2617 2618 2492
f 2492 2618 2617
f 2566 2525 2504
f 2504 2470 2566
f 2470 2525 2566
f 2604 2562 2524
f 2562 2604 2524
f 2608 2561 2541
f 2541 2561 2608
f 2608 2607 2522
f 2606 2608 2522
f 2607 2606 2522
f 2521 2520 2609
f 2520 2521 2609
f 2509 2594 2514
f 2595 2594 2509
f 2592 2595 2513
f 2509 2513 2595
f 2592 2514 2589
f 2585 2584 2529
f 2583 2585 2488
f 2584 2583 2529
f 2488 2529 2583
f 2529 2488 2585
f 2600 2598 2507
f 2598 2600 2507
f 2537 2614 2615
f 2614 2537 2615
f 2564 2560 2469
f 2560 2564 2469
f 2547 2548 2478
f 2552 2547 2478
f 2548 2552 2479
f 2479 2478 2548
f 2478 2479 2552
f 2505 2559 2473
f 2505 2473 2559
f 2508 2596 2597
f 2596 2508 2597
f 2538 2579 2503
f 2579 2538 2503
f 2461 2526 2602
f 2619 2602 2461
f 2602 2619 2461
f 2527 2575 2576
f 2626 2527 2628
f 2627 2628 2527
f 2576 2627 2527
f 2468 2501 2570
f 2501 2468 2570
f 2568 2569 2468
f 2569 2568 2468
f 2498 2502 2621
f 2497 2498 2556
f 2502 2497 2621
f 2556 2621 2497
f 2621 2556 2498
f 2622 2567 2497
f 2556 2622 2497
f 2567 2556 2497
f 2622 2623 2467
f 2467 2623 2622
f 2600 2601 2506
f 2601 2600 2506
f 2614 2613 2519
f 2612 2614 2519
f 2613 2612 2519
f 2500 2464 2624
f 2500 2624 2464
f 2462 2620 2528
f 2496 2625 2531
f 2495 2625 2496
f 2549 2554 2471
f 2554 2549 2471
f 2546 2547 2478
f 2547 2546 2478
f 2480 2475 2545
f 2475 2480 2545
f 2543 2545 2480
f 2545 2543 2480
f 2543 2542 2477
f 2542 2543 2477
f 2551 2544 2476
f 2554 2555 2471
f 2555 2554 2471
f 2472 2471 2557
f 2471 2472 2557
f 2486 2485 2533
f 2496 2486 2533
f 2485 2496 2533
f 2481 2480 2536
f 2480 2481 2536
f 2630 2632 2648
f 2632 2630 2631
f 2638 2640 2632
f 2631 2638 2632
f 2648 2631 2630
f 2640 2648 2632
f 2647 2643 2636
f 2648 2639 2637
f 2635 2644 2634
f 2636 2643 2642
f 2637 2631 2648
f 2641 2644 2635
f 2643 2647 2665
f 2646 2635 2634
f 2639 2636 2642
f 2640 2650 2649
f 2632 2650 2640
f 2630 2632 2638
f 2651 2630 2631
f 2665 2651 2637
f 2662 2652 2647
f 2653 2662 2647
f 2646 2658 2653
f 2635 2646 2653
f 2647 2635 2653
f 2665 2647 2652
f 2631 2637 2651
f 2638 2631 2630
f 2640 2638 2632
f 2655 2644 2641
f 2652 2647 2636
f 2657 2636 2639
f 2633 2639 2648
f 2633 2648 2640
f 2640 2649 2656
f 2640 2656 2633
f 2639 2633 2657
f 2636 2657 2652
f 2647 2652 2641
f 2644 2655 2654
f 2633 2656 2632
f 2659 2658 2645
f 2658 2659 2653
f 2658 2646 2634
f 2660 2661 2658
f 2654 2660 2644
f 2661 2659 2658
f 2634 2644 2660
f 2658 2634 2660
f 2641 2652 2647
f 2662 2653 2635
f 2652 2662 2647
f 2635 2647 2662
f 2641 2635 2653
f 2653 2655 2641
f 2663 2652 2657
f 2653 2660 2655
f 2653 2659 2661
f 2654 2655 2660
f 2653 2661 2660
f 2645 2658 2659
f 2649 2650 2632
f 2664 2657 2633
f 2632 2630 2664
f 2632 2664 2633
f 2665 2652 2663
f 2656 2649 2632
f 2663 2630 2651
f 2630 2663 2664
f 2663 2651 2665
f 2639 2642 2637
f 2637 2643 2665
f 2657 2664 2637
f 2663 2657 2642
f 2664 2663 2637
f 2643 2637 2663
f 2642 2643 2663
f 2637 2642 2657
f 2666 2668 2684
f 2668 2666 2667
f 2674 2676 2668
f 2667 2674 2668
f 2684 2667 2666
f 2676 2684 2668
f 2683 2679 2672
f 2684 2675 2673
f 2671 2680 2670
f 2672 2679 2678
f 2673 2667 2684
f 2677 2680 2671
f 2679 2683 2701
f 2682 2671 2670
f 2675 2672 2678
f 2676 2686 2685
f 2668 2686 2676
f 2666 2668 2674
f 2687 2666 2667
f 2701 2687 2673
f 2698 2688 2683
f 2689 2698 2683
f 2682 2694 2689
f 2671 2682 2689
f 2683 2671 2689
f 2701 2683 2688
f 2667 2673 2687
f 2674 2667 2666
f 2676 2674 2668
f 2691 2680 2677
f 2688 2683 2672
f 2693 2672 2675
f 2669 2675 2684
f 2669 2684 2676
f 2676 2685 2692
f 2676 2692 2669
f 2675 2669 2693
f 2672 2693 2688
f 2683 2688 2677
f 2680 2691 2690
f 2669 2692 2668
f 2695 2694 2681
f 2694 2695 2689
f 2694 2682 2670
f 2696 2697 2694
f 2690 2696 2680
f 2697 2695 2694
f 2670 2680 2696
f 2694 2670 2696
f 2677 2688 2683
f 2698 2689 2671
f 2688 2698 2683
f 2671 2683 2698
f 2677 2671 2689
f 2689 2691 2677
f 2699 2688 2693
f 2689 2696 2691
f 2689 2695 2697
f 2690 2691 2696
f 2689 2697 2696
f 2681 2694 2695
f 2685 2686 2668
f 2700 2693 2669
f 2668 2666 2700
f 2668 2700 2669
f 2701 2688 2699
f 2692 2685 2668
f 2699 2666 2687
f 2666 2699 2700
f 2699 2687 2701
f 2675 2678 2673
f 2673 2679 2701
f 2693 2700 2673
f 2699 2693 2678
f 2700 2699 2673
f 2679 2673 2699
f 2678 2679 2699
f 2673 2678 2693
f 2703 2702 2706
f 2703 2706 2704
f 2704 2706 2707
f 2704 2707 2705
f 2706 2702 2708
f 2706 2708 2707
f 2707 2708 2709
f 2707 2709 2705
f 2708 2702 2710
f 2708 2710 2709
f 2709 2710 2711
f 2709 2711 2705
f 2710 2702 2712
f 2710 2712 2711
f 2711 2712 2713
f 2711 2713 2705
f 2712 2702 2714
f 2712 2714 2713
f 2713 2714 2715
f 2713 2715 2705
f 2714 2702 2716
f 2714 2716 2715
f 2715 2716 2717
f 2715 2717 2705
f 2716 2702 2718
f 2716 2718 2717
f 2717 2718 2719
f 2717 2719 2705
f 2718 2702 2720
f 2718 2720 2719
f 2719 2720 2721
f 2719 2721 2705
f 2720 2702 2722
f 2720 2722 2721
f 2721 2722 2723
f 2721 2723 2705
f 2722 2702 2724
f 2722 2724 2723
f 2723 2724 2725
f 2723 2725 2705
f 2724 2702 2726
f 2724 2726 2725
f 2725 2726 2727
f 2725 2727 2705
f 2726 2702 2728
f 2726 2728 2727
f 2727 2728 2729
f 2727 2729 2705
f 2728 2702 2730
f 2728 2730 2729
f 2729 2730 2731
f 2729 2731 2705
f 2730 2702 2732
f 2730 2732 2731
f 2731 2732 2733
f 2731 2733 2705
f 2732 2702 2734
f 2732 2734 2733
f 2733 2734 2735
f 2733 2735 2705
f 2734 2702 2736
f 2734 2736 2735
f 2735 2736 2737
f 2735 2737 2705
f 2736 2702 2738
f 2736 2738 2737
f 2737 2738 2739
f 2737 2739 2705
f 2738 2702 2740
f 2738 2740 2739
f 2739 2740 2741
f 2739 2741 2705
f 2740 2702 2742
f 2740 2742 2741
f 2741 2742 2743
f 2741 2743 2705
f 2742 2702 2744
f 2742 2744 2743
f 2743 2744 2745
f 2743 2745 2705
f 2744 2702 2746
f 2744 2746 2745
f 2745 2746 2747
f 2745 2747 2705
f 2746 2702 2748
f 2746 2748 2747
f 2747 2748 2749
f 2747 2749 2705
f 2748 2702 2750
f 2748 2750 2749
f 2749 2750 2751
f 2749 2751 2705
f 2750 2702 2752
f 2750 2752 2751
f 2751 2752 2753
f 2751 2753 2705
f 2752 2702 2754
f 2752 2754 2753
f 2753 2754 2755
f 2753 2755 2705
f 2754 2702 2756
f 2754 2756 2755
f 2755 2756 2757
f 2755 2757 2705
f 2756 2702 2758
f 2756 2758 2757
f 2757 2758 2759
f 2757 2759 2705
f 2758 2702 2760
f 2758 2760 2759
f 2759 2760 2761
f 2759 2761 2705
f 2760 2702 2762
f 2760 2762 2761
f 2761 2762 2763
f 2761 2763 2705
f 2762 2702 2764
f 2762 2764 2763
f 2763 2764 2765
f 2763 2765 2705
f 2764 2702 2766
f 2764 2766 2765
f 2765 2766 2767
f 2765 2767 2705
f 2766 2702 2703
f 2766 2703 2767
f 2767 2703 2704
f 2767 2704 2705
f 2768 2770 2786
f 2770 2768 2769
f 2776 2778 2770
f 2769 2776 2770
f 2786 2769 2768
f 2778 2786 2770
f 2785 2781 2774
f 2786 2777 2775
f 2773 2782 2772
f 2774 2781 2780
f 2775 2769 2786
f 2779 2782 2773
f 2781 2785 2803
f 2784 2773 2772
f 2777 2774 2780
f 2778 2788 2787
f 2770 2788 2778
f 2768 2770 2776
f 2789 2768 2769
f 2803 2789 2775
f 2800 2790 2785
f 2791 2800 2785
f 2784 2796 2791
f 2773 2784 2791
f 2785 2773 2791
f 2803 2785 2790
f 2769 2775 2789
f 2776 2769 2768
f 2778 2776 2770
f 2793 2782 2779
f 2790 2785 2774
f 2795 2774 2777
f 2771 2777 2786
f 2771 2786 2778
f 2778 2787 2794
f 2778 2794 2771
f 2777 2771 2795
f 2774 2795 2790
f 2785 2790 2779
f 2782 2793 2792
f 2771 2794 2770
f 2797 2796 2783
f 2796 2797 2791
f 2796 2784 2772
f 2798 2799 2796
f 2792 2798 2782
f 2799 2797 2796
f 2772 2782 2798
f 2796 2772 2798
f 2779 2790 2785
f 2800 2791 2773
f 2790 2800 2785
f 2773 2785 2800
f 2779 2773 2791
f 2791 2793 2779
f 2801 2790 2795
f 2791 2798 2793
f 2791 2797 2799
f 2792 2793 2798
f 2791 2799 2798
f 2783 2796 2797
f 2787 2788 2770
f 2802 2795 2771
f 2770 2768 2802
f 2770 2802 2771
f 2803 2790 2801
f 2794 2787 2770
f 2801 2768 2789
f 2768 2801 2802
f 2801 2789 2803
f 2777 2780 2775
f 2775 2781 2803
f 2795 2802 2775
f 2801 2795 2780
f 2802 2801 2775
f 2781 2775 2801
f 2780 2781 2801
f 2775 2780 2795
f 2805 2804 2808
f 2805 2808 2806
f 2806 2808 2809
f 2806 2809 2807
f 2808 2804 2810
f 2808 2810 2809
f 2809 2810 2811
f 2809 2811 2807
f 2810 2804 2812
f 2810 2812 2811
f 2811 2812 2813
f 2811 2813 2807
f 2812 2804 2814
f 2812 2814 2813
f 2813 2814 2815
f 2813 2815 2807
f 2814 2804 2816
f 2814 2816 2815
f 2815 2816 2817
f 2815 2817 2807
f 2816 2804 2818
f 2816 2818 2817
f 2817 2818 2819
f 2817 2819 2807
f 2818 2804 2820
f 2818 2820 2819
f 2819 2820 2821
f 2819 2821 2807
f 2820 2804 2822
f 2820 2822 2821
f 2821 2822 2823
f 2821 2823 2807
f 2822 2804 2824
f 2822 2824 2823
f 2823 2824 2825
f 2823 2825 2807
f 2824 2804 2826
f 2824 2826 2825
f 2825 2826 2827
f 2825 2827 2807
f 2826 2804 2828
f 2826 2828 2827
f 2827 2828 2829
f 2827 2829 2807
f 2828 2804 2830
f 2828 2830 2829
f 2829 2830 2831
f 2829 2831 2807
f 2830 2804 2832
f 2830 2832 2831
f 2831 2832 2833
f 2831 2833 2807
f 2832 2804 2834
f 2832 2834 2833
f 2833 2834 2835
f 2833 2835 2807
f 2834 2804 2836
f 2834 2836 2835
f 2835 2836 2837
f 2835 2837 2807
f 2836 2804 2838
f 2836 2838 2837
f 2837 2838 2839
f 2837 2839 2807
f 2838 2804 2840
f 2838 2840 2839
f 2839 2840 2841
f 2839 2841 2807
f 2840 2804 2842
f 2840 2842 2841
f 2841 2842 2843
f 2841 2843 2807
f 2842 2804 2844
f 2842 2844 2843
f 2843 2844 2845
f 2843 2845 2807
f 2844 2804 2846
f 2844 2846 2845
f 2845 2846 2847
f 2845 2847 2807
f 2846 2804 2848
f 2846 2848 2847
f 2847 2848 2849
f 2847 2849 2807
f 2848 2804 2850
f 2848 2850 2849
f 2849 2850 2851
f 2849 2851 2807
f 2850 2804 2852
f 2850 2852 2851
f 2851 2852 2853
f 2851 2853 2807
f 2852 2804 2854
f 2852 2854 2853
f 2853 2854 2855
f 2853 2855 2807
f 2854 2804 2856
f 2854 2856 2855
f 2855 2856 2857
f 2855 2857 2807
f 2856 2804 2858
f 2856 2858 2857
f 2857 2858 2859
f 2857 2859 2807
f 2858 2804 2860
f 2858 2860 2859
f 2859 2860 2861
f 2859 2861 2807
f 2860 2804 2862
f 2860 2862 2861
f 2861 2862 2863
f 2861 2863 2807
f 2862 2804 2864
f 2862 2864 2863
f 2863 2864 2865
f 2863 2865 2807
f 2864 2804 2866
f 2864 2866 2865
f 2865 2866 2867
f 2865 2867 2807
f 2866 2804 2868
f 2866 2868 2867
f 2867 2868 2869
f 2867 2869 2807
f 2868 2804 2805
f 2868 2805 2869
f 2869 2805 2806
f 2869 2806 2807
f 2870 2872 2888
f 2872 2870 2871
f 2878 2880 2872
f 2871 2878 2872
f 2888 2871 2870
f 2880 2888 2872
f 2887 2883 2876
f 2888 2879 2877
f 2875 2884 2874
f 2876 2883 2882
f 2877 2871 2888
f 2881 2884 2875
f 2883 2887 2905
f 2886 2875 2874
f 2879 2876 2882
f 2880 2890 2889
f 2872 2890 2880
f 2870 2872 2878
f 2891 2870 2871
f 2905 2891 2877
f 2902 2892 2887
f 2893 2902 2887
f 2886 2898 2893
f 2875 2886 2893
f 2887 2875 2893
f 2905 2887 2892
f 2871 2877 2891
f 2878 2871 2870
f 2880 2878 2872
f 2895 2884 2881
f 2892 2887 2876
f 2897 2876 2879
f 2873 2879 2888
f 2873 2888 2880
f 2880 2889 2896
f 2880 2896 2873
f 2879 2873 2897
f 2876 2897 2892
f 2887 2892 2881
f 2884 2895 2894
f 2873 2896 2872
f 2899 2898 2885
f 2898 2899 2893
f 2898 2886 2874
f 2900 2901 2898
f 2894 2900 2884
f 2901 2899 2898
f 2874 2884 2900
f 2898 2874 2900
f 2881 2892 2887
f 2902 2893 2875
f 2892 2902 2887
f 2875 2887 2902
f 2881 2875 2893
f 2893 2895 2881
f 2903 2892 2897
f 2893 2900 2895
f 2893 2899 2901
f 2894 2895 2900
f 2893 2901 2900
f 2885 2898 2899
f 2889 2890 2872
f 2904 2897 2873
f 2872 2870 2904
f 2872 2904 2873
f 2905 2892 2903
f 2896 2889 2872
f 2903 2870 2891
f 2870 2903 2904
f 2903 2891 2905
f 2879 2882 2877
f 2877 2883 2905
f 2897 2904 2877
f 2903 2897 2882
f 2904 2903 2877
f 2883 2877 2903
f 2882 2883 2903
f 2877 2882 2897
f 2931 2907 2906
f 2906 2908 2931
f 2909 2907 2936
f 2918 2953 2910
f 2920 2931 2953
f 2913 2911 2914
f 2911 2913 2912
f 2914 2916 2913
f 2920 2924 2931
f 2907 2915 2926
f 2914 2917 2916
f 2924 2907 2931
f 2910 2917 2918
f 2919 2916 2917
f 2917 2910 2919
f 2926 2936 2907
f 2907 2911 2915
f 2912 2915 2911
f 2918 2920 2953
f 2907 2909 2906
f 2922 2921 2920
f 2923 2922 2920
f 2924 2923 2920
f 2924 2920 2925
f 2911 2907 2924
f 2914 2911 2924
f 2917 2914 2924
f 2918 2917 2924
f 2920 2918 2924
f 2927 2926 2912
f 2928 2927 2913
f 2929 2928 2916
f 2930 2929 2919
f 2919 2910 2953
f 2916 2919 2929
f 2913 2916 2928
f 2912 2913 2927
f 2915 2912 2926
f 2928 2921 2922
f 2920 2930 2932
f 2924 2931 2936
f 2922 2927 2928
f 2932 2931 2925
f 2919 2953 2932
f 2932 2930 2919
f 2921 2928 2929
f 2926 2927 2923
f 2936 2923 2924
f 2922 2923 2927
f 2923 2936 2926
f 2924 2925 2931
f 2920 2921 2930
f 2929 2930 2921
f 2931 2932 2906
f 2932 2933 2906
f 2925 2920 2932
f 2933 2908 2906
f 2935 2908 2933
f 2935 2937 2939
f 2939 2908 2935
f 2939 2931 2908
f 2935 2943 2937
f 2943 2953 2937
f 2937 2931 2939
f 2937 2953 2931
f 2939 2933 2937
f 2939 2938 2935
f 2935 2933 2939
f 2937 2933 2932
f 2937 2932 2953
f 2937 2938 2939
f 2953 2938 2937
f 2940 2934 2942
f 2942 2931 2940
f 2906 2934 2940
f 2942 2934 2946
f 2931 2906 2940
f 2946 2931 2942
f 2936 2931 2946
f 2906 2909 2941
f 2941 2944 2906
f 2940 2942 2934
f 2940 2945 2942
f 2942 2909 2946
f 2944 2941 2945
f 2942 2943 2934
f 2934 2906 2944
f 2944 2940 2934
f 2946 2943 2942
f 2936 2946 2909
f 2946 2936 2943
f 2945 2941 2942
f 2941 2909 2942
f 2944 2945 2940
f 2954 2936 2947
f 2952 2943 2936
f 2952 2954 2943
f 2954 2947 2953
f 2954 2953 2943
f 2954 2952 2936
f 2943 2935 2948
f 2943 2948 2934
f 2934 2948 2946
f 2948 2935 2938
f 2943 2948 2938
f 2938 2946 2943
f 2943 2946 2948
f 2950 2949 2954
f 2954 2938 2953
f 2954 2953 2950
f 2952 2951 2946
f 2946 2951 2936
f 2952 2949 2951
f 2954 2946 2938
f 2950 2951 2949
f 2954 2952 2946
f 2954 2949 2952
f 2950 2953 2947
f 2951 2950 2947
f 2936 2951 2947
f 2956 2959 2958
f 2963 2956 2958
f 2956 2957 2959
f 2960 2959 2957
f 2961 2960 2957
f 2957 2999 2961
f 2958 2964 2962
f 3020 2963 2958
f 2958 2962 3020
f 2958 2959 2965
f 2965 2964 2958
f 2966 2964 2959
f 2959 2972 2966
f 2972 2964 2966
f 2959 2960 2967
f 2960 2976 2967
f 2976 2972 2967
f 2967 2972 2959
f 3026 3017 2961
f 2968 2962 2964
f 3018 2962 2968
f 2969 2968 2970
f 2968 2964 2970
f 2971 2970 2964
f 2964 2969 2971
f 2972 2969 2973
f 2964 2972 2973
f 2969 2964 2973
f 2972 2976 2974
f 2974 2975 2972
f 2975 2974 2976
f 2985 2975 2977
f 2977 2976 2961
f 2961 2985 2977
f 2976 2977 2975
f 2978 2985 2979
f 3017 2979 2961
f 2985 2961 2979
f 3017 2978 2979
f 2980 3018 2968
f 2980 2968 2988
f 2988 2968 3004
f 2968 2969 2981
f 2981 3004 2968
f 2969 2972 2982
f 2982 2972 2983
f 2972 2975 2983
f 2983 2975 2985
f 3010 2983 2984
f 2985 2984 2983
f 3010 2985 2986
f 2978 2986 2985
f 2969 2987 2988
f 2987 2969 2989
f 2989 2990 2987
f 2969 2982 2989
f 2982 2990 2989
f 2983 2990 2982
f 3002 2983 2991
f 2983 3010 2992
f 2992 2991 2983
f 3010 2991 2992
f 2993 2980 2995
f 2995 2980 2988
f 2995 2994 2987
f 2994 2995 2988
f 2963 3018 2996
f 2996 2956 2963
f 2999 2957 2997
f 2997 2998 2999
f 3026 2961 3038
f 2999 3038 2961
f 3037 3002 3010
f 2993 3018 2980
f 2994 2988 2987
f 2991 3010 3002
f 2990 2983 3002
f 2984 2985 3010
f 2988 2981 2969
f 2970 2971 2969
f 2976 2960 2961
f 2964 2965 2959
f 2963 2962 3018
f 2987 3000 3001
f 3000 3033 3001
f 2990 3007 3000
f 2987 2990 3000
f 3002 3007 3003
f 2990 3002 3003
f 3002 3009 3007
f 3004 3018 3033
f 3033 3000 3005
f 3004 3005 3000
f 3000 3007 3006
f 3007 3014 3006
f 3006 3004 3000
f 3014 3004 3006
f 3016 3007 3008
f 3008 3009 3016
f 3009 3010 3011
f 2978 3016 3011
f 3010 2978 3011
f 3011 3016 3009
f 3012 3018 3004
f 3020 3018 3012
f 3021 3012 3013
f 3013 3004 3021
f 3014 3021 3015
f 3004 3014 3015
f 3021 3004 3015
f 3014 3007 3025
f 3017 3016 2978
f 3016 3017 3025
f 3018 3020 3019
f 3020 3012 3021
f 3030 3020 3021
f 3022 3014 3030
f 3022 3021 3014
f 3021 3022 3030
f 3014 3025 3024
f 3030 3014 3024
f 3023 3024 3025
f 3023 3025 3032
f 3025 3017 3026
f 3032 3025 3026
f 3027 3019 3020
f 3019 3027 2996
f 3020 3030 3027
f 3027 3030 3028
f 3029 3028 3030
f 3029 3023 3031
f 3030 3023 3029
f 3031 3023 3032
f 2987 3033 3036
f 2995 3034 3036
f 2995 2993 3034
f 2993 2995 3035
f 3035 3036 3033
f 3037 3010 2955
f 3010 3009 2955
f 2955 3002 3037
f 3032 3026 3038
f 3031 3032 3038
f 3031 3038 2997
f 3027 3028 2956
f 2956 2996 3027
f 2955 3009 3002
f 3035 3033 2993
f 3031 3028 3029
f 3024 3023 3030
f 3019 2996 3018
f 3016 3025 3007
f 3013 3012 3004
f 3009 3008 3007
f 3005 3004 3033
f 3003 3007 2990
f 3001 3033 2987
f 2997 2957 3031
f 3028 3031 2957
f 2957 2956 3028
f 2987 3036 2995
f 3018 2993 3033
f 2995 3036 3034
f 2993 2995 3034
f 2998 2997 3038
f 2977 2976 3016
f 2976 2977 3016
f 2971 2970 3013
f 2970 2971 3013
f 2974 2975 3014
f 2975 2974 3014
f 3010 2986 3011
f 2978 3010 3011
f 2986 2978 3011
f 3017 3016 2979
f 3016 3017 2979
f 2982 2969 3006
f 2969 2982 3006
f 3009 3008 2985
f 3008 3009 2985
f 2984 2985 3009
f 2985 2984 3009
f 3005 3004 2988
f 2988 3004 3005
f 2981 2988 3004
f 3036 3035 2995
f 2994 2995 3036
f 2995 2994 3036
f 2999 2998 3038
f 2999 2957 3032
f 2957 2999 3032
f 2987 2988 3001
f 2988 2987 3001
f 2990 2989 3000
f 2989 2990 3000
f 2983 2990 3003
f 2990 2983 3003
f 3009 3002 2991
f 3002 3009 2991
f 2992 2991 3009
f 2991 2992 3009
f 3025 3023 2960
f 3023 3025 2960
f 2976 2960 3025
f 2960 2976 3025
f 3024 3023 2967
f 3023 3024 2967
f 3022 3021 2966
f 3021 3022 2966
f 2965 2964 3021
f 2964 2965 3021
f 3027 3019 2963
f 3019 3027 2963
f 2962 2963 3020
f 3040 3039 3043
f 3040 3043 3041
f 3041 3043 3044
f 3041 3044 3042
f 3043 3039 3045
f 3043 3045 3044
f 3044 3045 3046
f 3044 3046 3042
f 3045 3039 3047
f 3045 3047 3046
f 3046 3047 3048
f 3046 3048 3042
f 3047 3039 3049
f 3047 3049 3048
f 3048 3049 3050
f 3048 3050 3042
f 3049 3039 3051
f 3049 3051 3050
f 3050 3051 3052
f 3050 3052 3042
f 3051 3039 3053
f 3051 3053 3052
f 3052 3053 3054
f 3052 3054 3042
f 3053 3039 3055
f 3053 3055 3054
f 3054 3055 3056
f 3054 3056 3042
f 3055 3039 3057
f 3055 3057 3056
f 3056 3057 3058
f 3056 3058 3042
f 3057 3039 3059
f 3057 3059 3058
f 3058 3059 3060
f 3058 3060 3042
f 3059 3039 3061
f 3059 3061 3060
f 3060 3061 3062
f 3060 3062 3042
f 3061 3039 3063
f 3061 3063 3062
f 3062 3063 3064
f 3062 3064 3042
f 3063 3039 3065
f 3063 3065 3064
f 3064 3065 3066
f 3064 3066 3042
f 3065 3039 3067
f 3065 3067 3066
f 3066 3067 3068
f 3066 3068 3042
f 3067 3039 3069
f 3067 3069 3068
f 3068 3069 3070
f 3068 3070 3042
f 3069 3039 3071
f 3069 3071 3070
f 3070 3071 3072
f 3070 3072 3042
f 3071 3039 3073
f 3071 3073 3072
f 3072 3073 3074
f 3072 3074 3042
f 3073 3039 3075
f 3073 3075 3074
f 3074 3075 3076
f 3074 3076 3042
f 3075 3039 3077
f 3075 3077 3076
f 3076 3077 3078
f 3076 3078 3042
f 3077 3039 3079
f 3077 3079 3078
f 3078 3079 3080
f 3078 3080 3042
f 3079 3039 3081
f 3079 3081 3080
f 3080 3081 3082
f 3080 3082 3042
f 3081 3039 3083
f 3081 3083 3082
f 3082 3083 3084
f 3082 3084 3042
f 3083 3039 3085
f 3083 3085 3084
f 3084 3085 3086
f 3084 3086 3042
f 3085 3039 3087
f 3085 3087 3086
f 3086 3087 3088
f 3086 3088 3042
f 3087 3039 3089
f 3087 3089 3088
f 3088 3089 3090
f 3088 3090 3042
f 3089 3039 3091
f 3089 3091 3090
f 3090 3091 3092
f 3090 3092 3042
f 3091 3039 3093
f 3091 3093 3092
f 3092 3093 3094
f 3092 3094 3042
f 3093 3039 3095
f 3093 3095 3094
f 3094 3095 3096
f 3094 3096 3042
f 3095 3039 3097
f 3095 3097 3096
f 3096 3097 3098
f 3096 3098 3042
f 3097 3039 3099
f 3097 3099 3098
f 3098 3099 3100
f 3098 3100 3042
f 3099 3039 3101
f 3099 3101 3100
f 3100 3101 3102
f 3100 3102 3042
f 3101 3039 3103
f 3101 3103 3102
f 3102 3103 3104
f 3102 3104 3042
f 3103 3039 3040
f 3103 3040 3104
f 3104 3040 3041
f 3104 3041 3042
f 3105 3107 3123
f 3107 3105 3106
f 3113 3115 3107
f 3106 3113 3107
f 3123 3106 3105
f 3115 3123 3107
f 3122 3118 3111
f 3123 3114 3112
f 3110 3119 3109
f 3111 3118 3117
f 3112 3106 3123
f 3116 3119 3110
f 3118 3122 3140
f 3121 3110 3109
f 3114 3111 3117
f 3115 3125 3124
f 3107 3125 3115
f 3105 3107 3113
f 3126 3105 3106
f 3140 3126 3112
f 3137 3127 3122
f 3128 3137 3122
f 3121 3133 3128
f 3110 3121 3128
f 3122 3110 3128
f 3140 3122 3127
f 3106 3112 3126
f 3113 3106 3105
f 3115 3113 3107
f 3130 3119 3116
f 3127 3122 3111
f 3132 3111 3114
f 3108 3114 3123
f 3108 3123 3115
f 3115 3124 3131
f 3115 3131 3108
f 3114 3108 3132
f 3111 3132 3127
f 3122 3127 3116
f 3119 3130 3129
f 3108 3131 3107
f 3134 3133 3120
f 3133 3134 3128
f 3133 3121 3109
f 3135 3136 3133
f 3129 3135 3119
f 3136 3134 3133
f 3109 3119 3135
f 3133 3109 3135
f 3116 3127 3122
f 3137 3128 3110
f 3127 3137 3122
f 3110 3122 3137
f 3116 3110 3128
f 3128 3130 3116
f 3138 3127 3132
f 3128 3135 3130
f 3128 3134 3136
f 3129 3130 3135
f 3128 3136 3135
f 3120 3133 3134
f 3124 3125 3107
f 3139 3132 3108
f 3107 3105 3139
f 3107 3139 3108
f 3140 3127 3138
f 3131 3124 3107
f 3138 3105 3126
f 3105 3138 3139
f 3138 3126 3140
f 3114 3117 3112
f 3112 3118 3140
f 3132 3139 3112
f 3138 3132 3117
f 3139 3138 3112
f 3118 3112 3138
f 3117 3118 3138
f 3112 3117 3132
f 3142 3141 3145
f 3142 3145 3143
f 3143 3145 3146
f 3143 3146 3144
f 3145 3141 3147
f 3145 3147 3146
f 3146 3147 3148
f 3146 3148 3144
f 3147 3141 3149
f 3147 3149 3148
f 3148 3149 3150
f 3148 3150 3144
f 3149 3141 3151
f 3149 3151 3150
f 3150 3151 3152
f 3150 3152 3144
f 3151 3141 3153
f 3151 3153 3152
f 3152 3153 3154
f 3152 3154 3144
f 3153 3141 3155
f 3153 3155 3154
f 3154 3155 3156
f 3154 3156 3144
f 3155 3141 3157
f 3155 3157 3156
f 3156 3157 3158
f 3156 3158 3144
f 3157 3141 3159
f 3157 3159 3158
f 3158 3159 3160
f 3158 3160 3144
f 3159 3141 3161
f 3159 3161 3160
f 3160 3161 3162
f 3160 3162 3144
f 3161 3141 3163
f 3161 3163 3162
f 3162 3163 3164
f 3162 3164 3144
f 3163 3141 3165
f 3163 3165 3164
f 3164 3165 3166
f 3164 3166 3144
f 3165 3141 3167
f 3165 3167 3166
f 3166 3167 3168
f 3166 3168 3144
f 3167 3141 3169
f 3167 3169 3168
f 3168 3169 3170
f 3168 3170 3144
f 3169 3141 3171
f 3169 3171 3170
f 3170 3171 3172
f 3170 3172 3144
f 3171 3141 3173
f 3171 3173 3172
f 3172 3173 3174
f 3172 3174 3144
f 3173 3141 3175
f 3173 3175 3174
f 3174 3175 3176
f 3174 3176 3144
f 3175 3141 3177
f 3175 3177 3176
f 3176 3177 3178
f 3176 3178 3144
f 3177 3141 3179
f 3177 3179 3178
f 3178 3179 3180
f 3178 3180 3144
f 3179 3141 3181
f 3179 3181 3180
f 3180 3181 3182
f 3180 3182 3144
f 3181 3141 3183
f 3181 3183 3182
f 3182 3183 3184
f 3182 3184 3144
f 3183 3141 3185
f 3183 3185 3184
f 3184 3185 3186
f 3184 3186 3144
f 3185 3141 3187
f 3185 3187 3186
f 3186 3187 3188
f 3186 3188 3144
f 3187 3141 3189
f 3187 3189 3188
f 3188 3189 3190
f 3188 3190 3144
f 3189 3141 3191
f 3189 3191 3190
f 3190 3191 3192
f 3190 3192 3144
f 3191 3141 3193
f 3191 3193 3192
f 3192 3193 3194
f 3192 3194 3144
f 3193 3141 3195
f 3193 3195 3194
f 3194 3195 3196
f 3194 3196 3144
f 3195 3141 3197
f 3195 3197 3196
f 3196 3197 3198
f 3196 3198 3144
f 3197 3141 3199
f 3197 3199 3198
f 3198 3199 3200
f 3198 3200 3144
f 3199 3141 3201
f 3199 3201 3200
f 3200 3201 3202
f 3200 3202 3144
f 3201 3141 3203
f 3201 3203 3202
f 3202 3203 3204
f 3202 3204 3144
f 3203 3141 3205
f 3203 3205 3204
f 3204 3205 3206
f 3204 3206 3144
f 3205 3141 3142
f 3205 3142 3206
f 3206 3142 3143
f 3206 3143 3144
f 3207 3209 3225
f 3209 3207 3208
f 3215 3217 3209
f 3208 3215 3209
f 3225 3208 3207
f 3217 3225 3209
f 3224 3220 3213
f 3225 3216 3214
f 3212 3221 3211
f 3213 3220 3219
f 3214 3208 3225
f 3218 3221 3212
f 3220 3224 3242
f 3223 3212 3211
f 3216 3213 3219
f 3217 3227 3226
f 3209 3227 3217
f 3207 3209 3215
f 3228 3207 3208
f 3242 3228 3214
f 3239 3229 3224
f 3230 3239 3224
f 3223 3235 3230
f 3212 3223 3230
f 3224 3212 3230
f 3242 3224 3229
f 3208 3214 3228
f 3215 3208 3207
f 3217 3215 3209
f 3232 3221 3218
f 3229 3224 3213
f 3234 3213 3216
f 3210 3216 3225
f 3210 3225 3217
f 3217 3226 3233
f 3217 3233 3210
f 3216 3210 3234
f 3213 3234 3229
f 3224 3229 3218
f 3221 3232 3231
f 3210 3233 3209
f 3236 3235 3222
f 3235 3236 3230
f 3235 3223 3211
f 3237 3238 3235
f 3231 3237 3221
f 3238 3236 3235
f 3211 3221 3237
f 3235 3211 3237
f 3218 3229 3224
f 3239 3230 3212
f 3229 3239 3224
f 3212 3224 3239
f 3218 3212 3230
f 3230 3232 3218
f 3240 3229 3234
f 3230 3237 3232
f 3230 3236 3238
f 3231 3232 3237
f 3230 3238 3237
f 3222 3235 3236
f 3226 3227 3209
f 3241 3234 3210
f 3209 3207 3241
f 3209 3241 3210
f 3242 3229 3240
f 3233 3226 3209
f 3240 3207 3228
f 3207 3240 3241
f 3240 3228 3242
f 3216 3219 3214
f 3214 3220 3242
f 3234 3241 3214
f 3240 3234 3219
f 3241 3240 3214
f 3220 3214 3240
f 3219 3220 3240
f 3214 3219 3234

