# https://github.com/mikedh/trimesh
v -0.01350002 0.04399978 0.00666666
v -0.01050002 0.04849978 0.00675004
v -0.01526584 0.04849978 0.00687344
v 0.01350004 0.04849992 -0.00749987
v 0.00449996 0.04849975 0.01200010
v 0.00599997 0.04849978 0.00900010
v 0.00749997 0.04849977 0.01050011
v 0.00749995 0.04849974 0.01350011
v 0.00749996 0.04849976 0.01200011
v 0.00750006 0.04849995 -0.01199989
v 0.00750005 0.04849994 -0.01049989
v 0.00300006 0.04849995 -0.01274991
v 0.00450004 0.04849992 -0.00899990
v 0.00600006 0.04849995 -0.01199990
v -0.00862501 0.04849981 0.00375005
v -0.00750004 0.04849974 0.01200005
v -0.01424996 0.04849990 -0.00749998
v -0.01100000 0.04849983 0.00150004
v -0.00400004 0.04849974 0.01300006
v -0.00562503 0.04849978 0.00825006
v -0.00600004 0.04849974 0.01200006
v 0.01349999 0.04849982 0.00450013
v 0.01169999 0.04849983 0.00330013
v 0.01125002 0.04849988 -0.00269988
v -0.00779996 0.04849991 -0.00824995
v -0.00449994 0.04849994 -0.01199994
v -0.00449996 0.04849992 -0.00899994
v -0.00599996 0.04849992 -0.00899994
v -0.00749994 0.04849994 -0.01199995
v 0.00449999 0.04849981 0.00450010
v 0.00299999 0.04849981 0.00525009
v -0.00037502 0.04849980 0.00600008
v -0.00300001 0.04849981 0.00450007
v -0.00599999 0.04849984 0.00037506
v -0.00487501 0.04849981 0.00360006
v -0.00524998 0.04849987 -0.00299994
v -0.00449997 0.04849988 -0.00449994
v 0.00037503 0.04849990 -0.00599992
v -0.00299997 0.04849989 -0.00524993
v 0.00300003 0.04849989 -0.00524991
v 0.00450003 0.04849989 -0.00449990
v 0.00587500 0.04849983 0.00300010
v 0.00525002 0.04849988 -0.00299990
v -0.00924998 0.04849987 -0.00349996
v 0.01200004 0.04849992 -0.00749987
v 0.00825004 0.04849992 -0.00824989
v 0.00900003 0.04849989 -0.00449988
v 0.01200003 0.04849991 -0.00599987
v -0.00150003 0.04849976 0.01050007
v -0.00150004 0.04849975 0.01200007
v -0.00000003 0.04849976 0.01050008
v 0.00149996 0.04849975 0.01150009
v 0.01049998 0.04849980 0.00750012
v 0.01349998 0.04849981 0.00600013
v 0.01349998 0.04849980 0.00750013
v 0.01775003 0.04849990 -0.00474985
v 0.01560004 0.04849993 -0.00877486
v 0.00775722 0.04849999 -0.01709989
v -0.00268597 0.04849998 -0.01625574
v 0.00150008 0.04849999 -0.01799991
v 0.00150007 0.04849997 -0.01499991
v -0.00149992 0.04849999 -0.01799993
v 0.00000006 0.04849996 -0.01349992
v -0.00862493 0.04849997 -0.01612495
v -0.01049993 0.04849996 -0.01499996
v -0.01499995 0.04849992 -0.01024998
v -0.01199997 0.04849987 -0.00449997
v -0.01749997 0.04849987 -0.00499999
v -0.01800001 0.04849980 0.00450001
v -0.01349999 0.04849985 -0.00149997
v -0.01050001 0.04849980 0.00450004
v -0.01500003 0.04849975 0.01050002
v -0.01575003 0.04849976 0.00900002
v -0.01050005 0.04849972 0.01500004
v -0.00900005 0.04849972 0.01500004
v -0.00777279 0.04849971 0.01636369
v -0.00018756 0.04849972 0.01575008
v 0.00516660 0.04849971 0.01733343
v 0.01242852 0.04849974 0.01392870
v 0.01692856 0.04849982 0.00557158
v 0.01574997 0.04849979 0.00900014
v 0.01800001 0.04849987 -0.00037485
v 0.01350001 0.04849986 0.00000013
v -0.01050002 0.04399977 0.00900000
v -0.01050001 0.04399980 0.00450000
v -0.00899997 0.04399988 -0.00449999
v -0.00862502 0.04399978 0.00787501
v -0.00524998 0.04399987 -0.00299998
v 0.00037504 0.04399990 -0.00599996
v 0.00749996 0.04399974 0.01350007
v 0.00449996 0.04399975 0.01200006
v 0.00299999 0.04399981 0.00525006
v 0.00449998 0.04399978 0.00900006
v 0.00825004 0.04399992 -0.00824992
v 0.00450005 0.04399992 -0.00899994
v 0.00750006 0.04399995 -0.01199993
v 0.01250003 0.04399989 -0.00349991
v -0.00750002 0.04399977 0.00900001
v -0.00812691 0.04399972 0.01459703
v -0.00300001 0.04399980 0.00525003
v -0.00450004 0.04399975 0.01200003
v 0.01349998 0.04399980 0.00675010
v 0.01250001 0.04399985 0.00150009
v 0.01050002 0.04399987 -0.00149991
v -0.00792853 0.04399991 -0.00824999
v -0.00749994 0.04399994 -0.01199999
v -0.00449994 0.04399994 -0.01199997
v -0.00449995 0.04399992 -0.00899997
v 0.00300003 0.04399989 -0.00524994
v 0.00450003 0.04399989 -0.00449994
v 0.00525002 0.04399988 -0.00299994
v -0.00299996 0.04399989 -0.00599997
v -0.00449997 0.04399988 -0.00449997
v -0.00299997 0.04399988 -0.00449997
v -0.00567857 0.04399981 0.00337502
v 0.00037499 0.04399980 0.00600004
v 0.00487500 0.04399982 0.00360006
v 0.00600001 0.04399986 -0.00037493
v -0.01124997 0.04399987 -0.00390000
v 0.01200004 0.04399992 -0.00749991
v 0.00900003 0.04399989 -0.00449992
v -0.00107147 0.04399975 0.01213640
v 0.00149997 0.04399976 0.01050005
v 0.01049998 0.04399980 0.00700009
v 0.01199999 0.04399981 0.00600009
v 0.00749997 0.04399977 0.01050007
v 0.01574998 0.04399979 0.00900011
v 0.01499997 0.04399977 0.01050010
v 0.00899995 0.04399972 0.01650008
v 0.00599995 0.04399972 0.01650007
v 0.00449994 0.04399970 0.01800006
v 0.00224994 0.04399970 0.01800005
v -0.00225006 0.04399970 0.01800003
v -0.00711633 0.04399971 0.01663955
v -0.01200004 0.04399973 0.01350000
v -0.01500003 0.04399975 0.01049998
v -0.01800001 0.04399980 0.00449997
v -0.01650001 0.04399978 0.00599998
v -0.01575002 0.04399976 0.00899998
v -0.01650002 0.04399977 0.00749998
v -0.01149999 0.04399983 0.00150000
v -0.01349998 0.04399985 -0.00150001
v -0.01799999 0.04399984 -0.00075003
v -0.01774997 0.04399987 -0.00475003
v -0.01199996 0.04399989 -0.00600000
v -0.01649996 0.04399989 -0.00750002
v -0.01199996 0.04399990 -0.00750000
v -0.01499995 0.04399992 -0.01000002
v -0.01049993 0.04399996 -0.01500000
v -0.00839993 0.04399997 -0.01589999
v -0.00449992 0.04399999 -0.01799997
v 0.00150008 0.04399999 -0.01799995
v 0.00150007 0.04399996 -0.01424995
v -0.00149993 0.04399997 -0.01499996
v -0.00149993 0.04399996 -0.01349996
v 0.00300008 0.04400000 -0.01799994
v 0.00600008 0.04399999 -0.01649993
v 0.00900008 0.04399999 -0.01649992
v 0.00450008 0.04400000 -0.01799994
v 0.01162507 0.04399997 -0.01387491
v 0.01500005 0.04399994 -0.00999990
v 0.01650004 0.04399992 -0.00674989
v 0.01800003 0.04399990 -0.00449988
v 0.01800001 0.04399987 -0.00074988
v 0.01724999 0.04399982 0.00525011
v 0.01800002 0.04399989 -0.00299988
v 0.00150004 0.04849980 0.01350010
v 0.00300004 0.04849981 0.01170010
v 0.00000004 0.05299981 0.01200013
v -0.00899991 0.04850055 -0.12549990
v 0.00000008 0.04850049 -0.11249990
v 0.00900009 0.04850057 -0.12524989
v -0.01499992 0.04850051 -0.11849990
v 0.00811964 0.04850037 -0.08998359
v -0.01049992 0.04850043 -0.10349990
v -0.01199993 0.04850037 -0.09199990
v -0.01599992 0.04850037 -0.09399990
v 0.01050007 0.04850037 -0.08849989
v 0.01650008 0.04850045 -0.10349989
v 0.01200008 0.04850040 -0.09449989
v 0.01200007 0.04850039 -0.09149989
v 0.01500008 0.04850039 -0.09283323
v -0.01499994 0.04850008 -0.03899990
v 0.01050006 0.04850013 -0.04499989
v -0.01049993 0.04850027 -0.07349990
v -0.01049994 0.04850003 -0.02999990
v -0.01307137 0.04850008 -0.04022717
v 0.01443756 0.04850011 -0.04162489
v 0.01200006 0.04850010 -0.03974989
v 0.01500006 0.04850010 -0.03899989
v -0.01199995 0.04849991 -0.00749990
v -0.01049995 0.04849999 -0.02249990
v 0.00000005 0.04849992 -0.00749990
v -0.00316662 0.04849994 -0.01299990
v -0.00899995 0.04849992 -0.00974990
v -0.00449995 0.04849992 -0.00899990
v 0.00750005 0.04849994 -0.01033323
v 0.01150005 0.04849993 -0.00749989
v -0.00899996 0.04849985 0.00300010
v 0.00975004 0.04849987 0.00300011
v -0.01049996 0.04849982 0.00900010
v -0.00449996 0.04849983 0.00810010
v -0.00149996 0.04849981 0.01100010
v 0.00000004 0.04849983 0.00750010
v 0.00650004 0.04849983 0.00900011
v 0.01050004 0.04849984 0.00750011
v 0.01131979 0.04850058 -0.12789302
v 0.01050009 0.04850057 -0.12599989
v 0.01813492 0.04850071 -0.14989877
v 0.01616507 0.04850071 -0.15052527
v 0.00900005 0.04850001 -0.02399989
v 0.00900005 0.04850000 -0.02099989
v -0.00149993 0.04850023 -0.06524990
v -0.00754106 0.04850020 -0.05999948
v -0.01049994 0.04850019 -0.05999990
v -0.00899995 0.04849998 -0.02149990
v 0.00900008 0.04850048 -0.10949989
v 0.00900008 0.04850049 -0.11099989
v 0.00750008 0.04850049 -0.11149989
v -0.00899992 0.04850048 -0.11224990
v -0.01049992 0.04850046 -0.10949990
v -0.01049992 0.04850047 -0.11099990
v -0.00899993 0.04850027 -0.07299990
v -0.00749993 0.04850026 -0.07199990
v 0.00900007 0.04850037 -0.08849989
v -0.00171053 0.04850028 -0.07503566
v 0.00300008 0.04850040 -0.09637490
v -0.00149993 0.04850022 -0.06299990
v 0.00300006 0.04850007 -0.03599990
v 0.00818484 0.04850012 -0.04382598
v 0.01846600 0.04850048 -0.10825939
v 0.01350008 0.04850053 -0.11849989
v 0.01350008 0.04850055 -0.12149989
v 0.01650008 0.04850054 -0.11899989
v 0.00250005 0.04849994 -0.01166656
v 0.00150005 0.04849996 -0.01499990
v 0.00112505 0.04849999 -0.02099990
v -0.01049996 0.04849983 0.00600010
v -0.01349996 0.04849983 0.00600010
v 0.01050004 0.04849985 0.00600011
v 0.01050004 0.04849983 0.00900011
v 0.01650004 0.04849985 0.00675011
v 0.01150005 0.04849989 -0.00149989
v 0.01264290 0.04849986 0.00375011
v 0.01620005 0.04849988 0.00150011
v -0.00449995 0.04849990 -0.00449990
v -0.00299995 0.04849990 -0.00524990
v -0.00524995 0.04849989 -0.00299990
v -0.00599995 0.04849987 0.00037510
v -0.00524996 0.04849985 0.00300010
v 0.00037504 0.04849984 0.00600010
v -0.00299996 0.04849984 0.00525010
v 0.00450004 0.04849985 0.00450010
v 0.00300004 0.04849985 0.00525010
v 0.00600005 0.04849988 0.00037511
v 0.00600005 0.04849990 -0.00299989
v 0.00525004 0.04849986 0.00300010
v 0.00300005 0.04849991 -0.00524990
v -0.00037495 0.04849991 -0.00599990
v -0.01349995 0.04849987 -0.00149990
v -0.01124995 0.04849986 0.00107153
v 0.00771433 0.04849991 -0.00449989
v 0.00450005 0.04849989 -0.00299990
v 0.01200005 0.04849991 -0.00449989
v -0.00824995 0.04849991 -0.00824990
v -0.00899995 0.04849989 -0.00449990
v -0.01199995 0.04849989 -0.00449990
v -0.01939718 0.04850052 -0.12113004
v -0.01849990 0.04850079 -0.17099990
v -0.01717232 0.04850068 -0.15046542
v -0.01078718 0.04850055 -0.12611136
v -0.01839596 0.04850050 -0.11729295
v -0.01349992 0.04850052 -0.11949990
v -0.01499992 0.04850053 -0.12149990
v 0.02216534 0.04850058 -0.12543897
v 0.02797675 0.04850073 -0.15188273
v 0.01800007 0.04850031 -0.07649989
v 0.01800005 0.04850001 -0.02174989
v 0.01800005 0.04849992 -0.00524989
v 0.01800004 0.04849987 0.00450011
v 0.01425004 0.04849984 0.00900011
v 0.01297504 0.04849981 0.01297511
v 0.00780004 0.04849981 0.01350011
v 0.00818186 0.04849979 0.01595465
v 0.00450004 0.04849978 0.01800010
v -0.00479996 0.04849977 0.01770010
v -0.00749996 0.04849979 0.01425010
v -0.00449996 0.04849981 0.01200010
v -0.00899996 0.04849978 0.01650010
v -0.01499996 0.04849980 0.01050010
v -0.01649996 0.04849982 0.00675010
v -0.01349996 0.04849981 0.00900010
v -0.01799996 0.04849983 0.00450010
v -0.01799995 0.04849990 -0.00674990
v -0.01799993 0.04850023 -0.06749990
v -0.01799992 0.04850041 -0.10049990
v -0.02249991 0.04850054 -0.12599990
v -0.02485126 0.04850063 -0.14217558
v -0.02999990 0.04850073 -0.16049991
v -0.02999990 0.04850070 -0.15599991
v -0.03928987 0.04850086 -0.18613216
v -0.02474990 0.04850079 -0.17137490
v -0.03374989 0.04850091 -0.19537491
v -0.03524989 0.04850093 -0.19762491
v -0.03749989 0.04850092 -0.19649991
v -0.03749989 0.04850089 -0.19199991
v -0.03312564 0.04850090 -0.19217955
v -0.03899989 0.04850091 -0.19574991
v -0.03599989 0.04850091 -0.19499991
v -0.02297061 0.04850081 -0.17384928
v -0.02707884 0.04850085 -0.18284201
v -0.00937196 0.04850073 -0.15774884
v -0.01013627 0.04850067 -0.14695445
v -0.00749991 0.04850066 -0.14549990
v -0.00449991 0.04850057 -0.12749990
v -0.00549144 0.04850064 -0.14135583
v -0.00449991 0.04850071 -0.15359990
v -0.00749991 0.04850072 -0.15524990
v -0.00749991 0.04850055 -0.12449990
v -0.00149991 0.04850070 -0.15149990
v 0.00175009 0.04850071 -0.15174990
v 0.00700009 0.04850073 -0.15449989
v 0.00900009 0.04850069 -0.14699989
v 0.00533161 0.04850066 -0.14205968
v 0.00450009 0.04850058 -0.12749990
v 0.00750009 0.04850056 -0.12449989
v 0.00900010 0.04850074 -0.15674989
v 0.01045955 0.04850069 -0.14712152
v 0.01109521 0.04850076 -0.16023087
v 0.01350010 0.04850079 -0.16499989
v 0.02220773 0.04850085 -0.17515667
v 0.03407153 0.04850084 -0.17142846
v 0.02727283 0.04850090 -0.18272716
v 0.02550010 0.04850083 -0.17124989
v 0.02300010 0.04850084 -0.17299989
v 0.03937511 0.04850098 -0.19518738
v 0.03450011 0.04850098 -0.19649989
v 0.03675011 0.04850099 -0.19762489
v 0.03750011 0.04850096 -0.19349988
v 0.03999011 0.04850096 -0.19196988
v 0.03150011 0.04850097 -0.19499989
v 0.03372011 0.04850096 -0.19283989
v 0.03300011 0.04850097 -0.19574989
v 0.03600011 0.04850097 -0.19499989
v -0.00899996 0.05299982 0.00900013
v -0.00449996 0.05299981 0.01200013
v 0.00300004 0.05299983 0.00900013
v 0.00000004 0.05299983 0.00750013
v 0.00810004 0.05299983 0.00900013
v 0.01050004 0.05299985 0.00600013
v -0.01349995 0.05299992 -0.01049988
v -0.00749995 0.05299994 -0.01349987
v 0.00000004 0.05299992 -0.00749987
v -0.00824996 0.05299991 -0.00824987
v -0.00749995 0.05299993 -0.01199987
v -0.00599996 0.05299992 -0.00899987
v -0.00449995 0.05299993 -0.01149987
v 0.00792862 0.05299992 -0.00779987
v 0.00900005 0.05300000 -0.02099987
v 0.00360005 0.05299995 -0.01336351
v 0.00450004 0.05299993 -0.00899987
v 0.01800005 0.05299996 -0.01349987
v 0.01200004 0.05299993 -0.00749987
v -0.01799995 0.05299992 -0.01049988
v -0.01049995 0.05299999 -0.02249988
v 0.01200005 0.05300010 -0.03899987
v -0.01499995 0.05300008 -0.03999988
v -0.01274995 0.05300008 -0.04016654
v 0.01200005 0.05300011 -0.04049987
v 0.01500005 0.05300011 -0.03999987
v 0.01350005 0.05300011 -0.04099987
v 0.01050006 0.05300024 -0.06599987
v -0.01799993 0.05300034 -0.08849988
v -0.01199993 0.05300038 -0.09399988
v -0.01618107 0.05300036 -0.09200512
v 0.01200007 0.05300045 -0.10349987
v 0.01200007 0.05300040 -0.09449987
v 0.01350007 0.05300039 -0.09149987
v 0.01500007 0.05300040 -0.09399987
v -0.01049992 0.05300047 -0.11099988
v 0.00900008 0.05300049 -0.11099987
v 0.01350008 0.05300054 -0.11899987
v 0.01850008 0.05300047 -0.10649987
v 0.00450008 0.05300058 -0.12749987
v 0.00900008 0.05300053 -0.11924987
v 0.01115740 0.05300076 -0.16058414
v 0.01725822 0.05300072 -0.15119408
v 0.01650009 0.05300067 -0.14249987
v 0.01650009 0.05300071 -0.14999987
v 0.01053580 0.05300058 -0.12674987
v 0.00450007 0.05300042 -0.09974987
v -0.00149994 0.05300026 -0.07049987
v -0.00199993 0.05300034 -0.08499987
v -0.00749994 0.05300023 -0.06599987
v -0.00899994 0.05300026 -0.07249987
v -0.01049993 0.05300027 -0.07349988
v -0.00749994 0.05300026 -0.07199987
v -0.00899992 0.05300048 -0.11216654
v 0.00750008 0.05300049 -0.11224987
v 0.01650008 0.05300054 -0.11849987
v 0.01963523 0.05300055 -0.12133802
v -0.01813474 0.05300068 -0.14989875
v -0.01649991 0.05300064 -0.14249988
v -0.01615675 0.05300068 -0.15054115
v -0.00862492 0.05300052 -0.12018737
v -0.00891168 0.05300055 -0.12494105
v -0.01049992 0.05300056 -0.12749988
v -0.00049995 0.05299994 -0.01199987
v -0.01649996 0.05299984 0.00300012
v -0.01649996 0.05299982 0.00750012
v -0.01049996 0.05299983 0.00600012
v -0.01349996 0.05299983 0.00600012
v 0.01350004 0.05299984 0.00900013
v 0.01612504 0.05299985 0.00712513
v 0.01200004 0.05299986 0.00375013
v -0.00449996 0.05299983 0.00771441
v 0.00450004 0.05299983 0.00810013
v 0.00900004 0.05299988 0.00000013
v 0.01080004 0.05299991 -0.00407130
v 0.01350004 0.05299989 -0.00099987
v 0.00600004 0.05299988 -0.00037487
v 0.00525004 0.05299990 -0.00299987
v 0.00525004 0.05299986 0.00300013
v 0.00300004 0.05299985 0.00525013
v -0.00037496 0.05299984 0.00600013
v -0.00299996 0.05299984 0.00525013
v -0.00749996 0.05299987 0.00000013
v -0.00599996 0.05299987 -0.00037487
v -0.00524996 0.05299985 0.00300013
v -0.00524996 0.05299989 -0.00299987
v -0.00449996 0.05299990 -0.00449987
v -0.00299996 0.05299990 -0.00524987
v 0.00037504 0.05299991 -0.00599987
v -0.01049996 0.05299987 -0.00016654
v -0.01289996 0.05299987 -0.00149988
v 0.00300004 0.05299991 -0.00524987
v 0.00900004 0.05299992 -0.00599987
v 0.00450004 0.05299990 -0.00449987
v -0.00899996 0.05299989 -0.00449987
v -0.01199996 0.05299991 -0.00749988
v -0.01769053 0.05300052 -0.12032207
v -0.01349992 0.05300052 -0.11949988
v 0.00821596 0.05300012 -0.04407941
v 0.01050006 0.05300013 -0.04499987
v 0.00900007 0.05300037 -0.08849987
v 0.00797290 0.05300037 -0.08993465
v 0.01125007 0.05300038 -0.08999987
v 0.00300005 0.05299999 -0.02099987
v -0.00149995 0.05299996 -0.01499987
v -0.00899995 0.05299998 -0.02116654
v -0.00756591 0.05300020 -0.05999934
v -0.01049994 0.05300019 -0.05999988
v 0.00300005 0.05300007 -0.03599987
v -0.00149994 0.05300022 -0.06299987
v 0.00900005 0.05300001 -0.02399987
v 0.00750005 0.05300000 -0.02099987
v 0.03630010 0.05300099 -0.19778557
v 0.03675010 0.05300098 -0.19612486
v 0.03375010 0.05300097 -0.19537486
v 0.03942867 0.05300096 -0.19164272
v 0.04050010 0.05300098 -0.19499986
v 0.03336497 0.05300095 -0.19220256
v 0.02717153 0.05300089 -0.18216415
v 0.03600010 0.05300097 -0.19499986
v 0.02475010 0.05300083 -0.17137486
v 0.02218003 0.05300085 -0.17481197
v 0.03268674 0.05300080 -0.16426014
v 0.02400010 0.05300084 -0.17349986
v 0.01050009 0.05300075 -0.15899987
v 0.01050009 0.05300069 -0.14699987
v 0.00900009 0.05300069 -0.14699987
v 0.00528270 0.05300065 -0.14191291
v 0.00900009 0.05300074 -0.15674987
v 0.00750009 0.05300073 -0.15549987
v 0.00400009 0.05300072 -0.15324987
v 0.00750008 0.05300056 -0.12449987
v 0.00900008 0.05300057 -0.12524987
v -0.00149991 0.05300070 -0.15149987
v -0.00449991 0.05300071 -0.15337487
v -0.00449992 0.05300057 -0.12749987
v -0.00551604 0.05300064 -0.14162891
v -0.00749991 0.05300066 -0.14549987
v -0.00749991 0.05300072 -0.15524987
v -0.00974148 0.05300067 -0.14693246
v -0.00987491 0.05300073 -0.15712488
v -0.01349991 0.05300077 -0.16499988
v -0.02705032 0.05300085 -0.18178980
v -0.02192451 0.05300081 -0.17378956
v -0.02399990 0.05300081 -0.17399988
v -0.02512490 0.05300079 -0.17156238
v -0.03569990 0.05300093 -0.19778560
v -0.03524990 0.05300092 -0.19612488
v -0.03937490 0.05300091 -0.19518738
v -0.03149990 0.05300091 -0.19499988
v -0.03356240 0.05300090 -0.19331238
v -0.03749990 0.05300090 -0.19349988
v -0.04005418 0.05300089 -0.19194846
v -0.03749990 0.05300084 -0.18299988
v -0.03599990 0.05300091 -0.19499988
v -0.03233078 0.05300074 -0.16246074
v -0.03449990 0.05300080 -0.17399988
v -0.02999991 0.05300070 -0.15599988
v -0.02308227 0.05300058 -0.13310576
v -0.01949992 0.05300047 -0.11249988
v -0.01799996 0.05299988 -0.00299988
v -0.01799996 0.05299986 0.00075012
v -0.01649996 0.05299983 0.00600012
v -0.01799996 0.05299983 0.00450012
v -0.01499996 0.05299981 0.00900012
v -0.01349996 0.05299981 0.00900012
v -0.01499996 0.05299980 0.01050012
v -0.01199996 0.05299979 0.01350012
v -0.00899996 0.05299978 0.01650013
v -0.00749996 0.05299978 0.01650013
v -0.00749996 0.05299980 0.01200013
v -0.00492854 0.05299977 0.01757155
v -0.00599996 0.05299980 0.01200013
v 0.00500004 0.05299978 0.01750013
v 0.00150004 0.05299978 0.01800013
v -0.00149996 0.05299977 0.01800013
v 0.00450004 0.05299981 0.01200013
v 0.00914520 0.05299980 0.01548400
v 0.00750004 0.05299982 0.01200013
v 0.01500004 0.05299983 0.01050013
v 0.01800004 0.05299987 0.00450013
v 0.01800004 0.05299992 -0.00524987
v 0.01800006 0.05300026 -0.06824987
v 0.01800007 0.05300044 -0.10049987
v 0.03016873 0.05300076 -0.15757087
v 0.02234530 0.05300059 -0.12695671
v -0.01799994 0.05300012 -0.04799988
v 0.00000016 0.03960097 -0.20000020
v -0.03915708 0.03960082 -0.19730327
v -0.03915725 0.08500082 -0.19730319
v -0.00000002 0.08500097 -0.20000011
v -0.03787854 0.03960081 -0.18971589
v -0.03787871 0.08500081 -0.18971581
v -0.03514434 0.03960080 -0.18252374
v -0.03514451 0.08500080 -0.18252365
v -0.03105956 0.03960081 -0.17600319
v -0.03105973 0.08500081 -0.17600311
v -0.02578118 0.03960082 -0.17040483
v -0.02578135 0.08500082 -0.17040475
v -0.01951203 0.03960083 -0.16594381
v -0.01951220 0.08500083 -0.16594373
v -0.01249303 0.03960085 -0.16279156
v -0.01249321 0.08500085 -0.16279148
v -0.00499394 0.03960088 -0.16106921
v -0.00499411 0.08500088 -0.16106913
v 0.00269708 0.03960091 -0.16084296
v 0.00269691 0.08500091 -0.16084288
v 0.01028446 0.03960094 -0.16212150
v 0.01028429 0.08500094 -0.16212142
v 0.01747662 0.03960097 -0.16485570
v 0.01747645 0.08500097 -0.16485562
v 0.02399716 0.03960100 -0.16894048
v 0.02399699 0.08500100 -0.16894040
v 0.02959552 0.03960103 -0.17421886
v 0.02959535 0.08500103 -0.17421878
v 0.03405654 0.03960106 -0.18048801
v 0.03405637 0.08500106 -0.18048793
v 0.03720879 0.03960109 -0.18750701
v 0.03720862 0.08500109 -0.18750692
v 0.03893114 0.03960111 -0.19500610
v 0.03893097 0.08500111 -0.19500602
v 0.03915739 0.03960112 -0.20269712
v 0.03915722 0.08500112 -0.20269704
v 0.03787885 0.03960113 -0.21028450
v 0.03787868 0.08500113 -0.21028442
v 0.03514465 0.03960113 -0.21747666
v 0.03514448 0.08500113 -0.21747657
v 0.03105987 0.03960113 -0.22399720
v 0.03105970 0.08500113 -0.22399712
v 0.02578149 0.03960112 -0.22959556
v 0.02578132 0.08500112 -0.22959548
v 0.01951234 0.03960110 -0.23405658
v 0.01951217 0.08500110 -0.23405650
v 0.01249335 0.03960108 -0.23720883
v 0.01249318 0.08500108 -0.23720875
v 0.00499425 0.03960106 -0.23893118
v 0.00499408 0.08500106 -0.23893110
v -0.00269677 0.03960103 -0.23915743
v -0.00269694 0.08500103 -0.23915735
v -0.01028415 0.03960100 -0.23787889
v -0.01028432 0.08500100 -0.23787881
v -0.01747630 0.03960097 -0.23514470
v -0.01747648 0.08500097 -0.23514461
v -0.02399685 0.03960093 -0.23105992
v -0.02399702 0.08500093 -0.23105983
v -0.02959521 0.03960090 -0.22578153
v -0.02959538 0.08500090 -0.22578145
v -0.03405623 0.03960088 -0.21951238
v -0.03405640 0.08500088 -0.21951230
v -0.03720848 0.03960085 -0.21249339
v -0.03720865 0.08500085 -0.21249330
v -0.03893083 0.03960083 -0.20499429
v -0.03893100 0.08500083 -0.20499421
v -0.00000003 0.08549974 0.01350038
v -0.00000002 0.08099975 0.01200034
v -0.00150003 0.08549974 0.01250038
v 0.01050005 0.08550176 -0.23399962
v 0.01200005 0.08550175 -0.23249962
v 0.01350005 0.08550175 -0.23249962
v 0.00750005 0.08550177 -0.23549962
v -0.01049995 0.08550175 -0.23549962
v 0.00300005 0.08550174 -0.23249962
v -0.00299995 0.08550173 -0.23249962
v -0.01349995 0.08550172 -0.23249962
v -0.01454646 0.08550175 -0.23616241
v -0.01049995 0.08550173 -0.23249962
v 0.02880598 0.08550111 -0.15229954
v 0.01875003 0.08550121 -0.16649961
v 0.01050003 0.08550112 -0.15599962
v 0.00150003 0.08550117 -0.16299962
v -0.00149997 0.08550118 -0.16399962
v -0.00749997 0.08550120 -0.16799962
v 0.00300003 0.08550115 -0.16049962
v -0.01687497 0.08550118 -0.16649962
v -0.01649997 0.08550114 -0.16049962
v -0.03299997 0.08550117 -0.16649963
v 0.00872370 0.08550087 -0.12493383
v 0.01050000 0.08550059 -0.08999962
v 0.01200001 0.08550060 -0.09199962
v 0.01600001 0.08550062 -0.09399961
v -0.01199999 0.08550059 -0.09316629
v -0.01661538 0.08550058 -0.09249962
v -0.00899999 0.08550074 -0.11099962
v -0.00900000 0.08550057 -0.08999962
v 0.01499999 0.08550020 -0.04199961
v 0.01050000 0.08550045 -0.07349962
v 0.01049998 0.08550004 -0.02249962
v 0.01499999 0.08550018 -0.03899961
v 0.01237499 0.08550018 -0.03956212
v 0.01199999 0.08550020 -0.04199962
v -0.00900001 0.08550018 -0.04199962
v -0.01707693 0.08550015 -0.03899963
v -0.01500001 0.08550018 -0.04199962
v -0.01260001 0.08550016 -0.03964248
v -0.01350001 0.08550018 -0.04199962
v -0.00525002 0.08550001 -0.02099962
v 0.00299998 0.08549989 -0.00524962
v 0.00316665 0.08549996 -0.01366629
v 0.00749998 0.08549993 -0.00899962
v 0.00749998 0.08549995 -0.01199962
v 0.00449998 0.08549992 -0.00899962
v -0.01350002 0.08549984 -0.00049962
v -0.00900002 0.08549984 0.00000038
v -0.01050002 0.08549983 0.00050038
v 0.00899998 0.08549983 0.00300038
v 0.01049997 0.08549978 0.00900038
v 0.00149997 0.08549976 0.01100038
v -0.00000003 0.08549979 0.00750038
v -0.01349999 0.08550082 -0.12099962
v 0.02100003 0.08550114 -0.15749961
v 0.01650001 0.08550085 -0.12149961
v 0.02100001 0.08550086 -0.12299961
v 0.02025003 0.08550116 -0.15974961
v 0.01950003 0.08325115 -0.15899963
v 0.01650003 0.08550116 -0.16049961
v 0.01650003 0.08325115 -0.15899963
v 0.01037067 0.08550088 -0.12619653
v 0.00576925 0.08550109 -0.15192269
v 0.00450002 0.08550089 -0.12749962
v 0.00840003 0.08550111 -0.15509962
v -0.01297503 0.08549973 0.01297538
v -0.01537503 0.08549977 0.00787538
v 0.01499997 0.08549977 0.01050039
v 0.01649997 0.08549981 0.00600039
v 0.01799997 0.08549983 0.00450039
v 0.01349998 0.08549987 -0.00149962
v 0.01199998 0.08549992 -0.00749962
v 0.01799998 0.08549999 -0.01574961
v 0.01800000 0.08550043 -0.07049961
v 0.01850001 0.08550071 -0.10449961
v 0.02225115 0.08550089 -0.12629239
v 0.04196857 0.08550142 -0.18956604
v 0.03750004 0.08550144 -0.19199961
v 0.03450004 0.08550155 -0.20549961
v 0.03450004 0.08550145 -0.19349961
v 0.04233798 0.08550147 -0.19547984
v 0.03600004 0.08550144 -0.19199961
v 0.03900003 0.08550137 -0.18299961
v 0.03896595 0.08550164 -0.21721836
v 0.02242095 0.08550179 -0.23642832
v 0.01514696 0.08550178 -0.23706920
v 0.01225447 0.08550182 -0.24108089
v -0.01572110 0.08550178 -0.24028809
v -0.00068899 0.08550182 -0.24285121
v -0.02201402 0.08550175 -0.23663917
v -0.02486693 0.08550097 -0.14041547
v -0.02099999 0.08550083 -0.12299963
v -0.01842965 0.08550080 -0.11877489
v -0.01800000 0.08550037 -0.06599963
v -0.01650002 0.08549992 -0.01049962
v -0.01800003 0.08549980 0.00450037
v 0.00974998 0.08549990 -0.00492819
v 0.01049998 0.08549992 -0.00749962
v -0.00300002 0.08549991 -0.00749962
v -0.00450002 0.08549994 -0.01149962
v -0.00771431 0.08549991 -0.00859053
v -0.01125002 0.08549988 -0.00492819
v 0.01124998 0.08549985 0.00107181
v 0.00449998 0.08549989 -0.00449962
v 0.00599998 0.08549985 0.00037538
v 0.00524998 0.08549983 0.00300038
v 0.00524998 0.08549988 -0.00299962
v -0.00037503 0.08549980 0.00600038
v 0.00299997 0.08549981 0.00525038
v -0.00450002 0.08549982 0.00300038
v -0.00300003 0.08549980 0.00525038
v -0.00600002 0.08549984 0.00037538
v -0.00600002 0.08549982 0.00300038
v -0.00900002 0.08549989 -0.00599962
v -0.00450002 0.08549988 -0.00449962
v -0.00525002 0.08549987 -0.00299962
v -0.00300002 0.08549989 -0.00524962
v 0.00037498 0.08549990 -0.00599962
v 0.01252079 0.08550173 -0.23027582
v 0.02550005 0.08550166 -0.22049961
v 0.02850004 0.08550161 -0.21449961
v 0.02948471 0.08550164 -0.21717752
v 0.03450005 0.08325171 -0.22574963
v 0.03254037 0.08550165 -0.21892703
v 0.03000004 0.08550159 -0.21149961
v 0.03150004 0.08550159 -0.21149961
v 0.03150005 0.08550174 -0.22949961
v 0.03346757 0.08550151 -0.20068792
v 0.03096180 0.08550142 -0.18989961
v 0.02444857 0.08550130 -0.17577113
v 0.03375003 0.08550123 -0.16649961
v 0.02550003 0.08550126 -0.17149961
v 0.02156900 0.08550128 -0.17399961
v 0.02250003 0.08550130 -0.17699961
v 0.00750003 0.08550122 -0.16799962
v 0.00150003 0.08550121 -0.16799962
v -0.00915787 0.08550122 -0.16942068
v -0.01949997 0.08550124 -0.17399963
v -0.02699997 0.08550131 -0.18299963
v -0.02192854 0.08550124 -0.17414248
v -0.02399997 0.08550123 -0.17299963
v -0.02549997 0.08550122 -0.17124963
v -0.02610423 0.08550128 -0.17938825
v -0.03749996 0.08550140 -0.19499963
v -0.03383347 0.08550138 -0.19216029
v -0.04037551 0.08550135 -0.18992104
v -0.03220746 0.08550140 -0.19511575
v -0.03599996 0.08550138 -0.19199963
v -0.03299996 0.08550146 -0.20249963
v -0.03528495 0.08550165 -0.22517311
v -0.03323072 0.08550159 -0.21807655
v -0.04199996 0.08550150 -0.20849963
v -0.02549995 0.08550162 -0.22049963
v -0.03149996 0.08550159 -0.21749963
v -0.03105878 0.08550160 -0.21908786
v -0.03149996 0.08550157 -0.21599963
v -0.03149996 0.08550150 -0.20699963
v -0.01949995 0.08550167 -0.22649963
v -0.01032085 0.08550171 -0.23095485
v 0.00000005 0.08325174 -0.23249964
v -0.00700003 0.08549978 0.00750038
v -0.00825003 0.08549974 0.01285752
v -0.00818185 0.08549971 0.01595492
v 0.00209997 0.08549970 0.01830038
v -0.00450003 0.08549976 0.01000038
v 0.00749997 0.08549974 0.01425038
v 0.00449997 0.08549975 0.01200038
v 0.00599997 0.08549975 0.01200038
v 0.00449997 0.08549979 0.00810038
v -0.01350003 0.08549979 0.00600038
v -0.01200003 0.08549976 0.00900038
v -0.01050003 0.08549977 0.00900038
v -0.01050003 0.08549979 0.00600038
v 0.01462497 0.08549979 0.00862538
v 0.01049997 0.08549981 0.00600038
v 0.01349997 0.08549981 0.00600038
v -0.00075002 0.08549995 -0.01242819
v 0.01767758 0.08550082 -0.11805102
v 0.01500001 0.08550085 -0.12149961
v 0.01350001 0.08550082 -0.11899962
v -0.00974999 0.08325056 -0.08849964
v -0.00764634 0.08550057 -0.08988987
v -0.00882448 0.08550020 -0.04397835
v 0.00171060 0.08550046 -0.07503538
v -0.00079603 0.08550059 -0.09147289
v -0.00899999 0.08550073 -0.10949962
v -0.00749999 0.08550075 -0.11149962
v 0.00000001 0.08550076 -0.11249962
v 0.00900001 0.08550077 -0.11224962
v 0.01050002 0.08100076 -0.11099965
v 0.01050001 0.08550076 -0.11099962
v 0.00900000 0.08550045 -0.07299962
v 0.00524998 0.08550002 -0.02099962
v -0.00900002 0.08550003 -0.02399962
v -0.00900002 0.08550001 -0.02099962
v 0.00742327 0.08550034 -0.05999824
v 0.00150000 0.08550036 -0.06299962
v 0.01049999 0.08550033 -0.05849962
v 0.00899998 0.08550003 -0.02199962
v -0.00449998 0.08550105 -0.14849962
v -0.00899997 0.08550110 -0.15524962
v -0.00599998 0.08550106 -0.14999962
v -0.00599998 0.08550108 -0.15299962
v -0.00749998 0.08550109 -0.15399962
v -0.00578570 0.08550086 -0.12578534
v -0.00899998 0.08550086 -0.12524962
v -0.01042909 0.08550086 -0.12607798
v -0.02099997 0.08550110 -0.15599963
v -0.01799997 0.08550114 -0.16049963
v -0.01949997 0.08550112 -0.15899963
v -0.02024997 0.08550113 -0.15974963
v -0.01649997 0.08550112 -0.15899962
v -0.00300001 0.08550014 -0.03599962
v 0.00899998 0.08099978 0.00900035
v 0.00299998 0.08099978 0.00900034
v -0.00000002 0.08099979 0.00750034
v 0.00749998 0.08099985 0.00000035
v -0.01650002 0.08099981 0.00300034
v -0.00900002 0.08099986 -0.00299966
v -0.01500002 0.08099984 -0.00049966
v -0.00525002 0.08099982 0.00300034
v -0.01050002 0.08099984 0.00016701
v 0.00299998 0.08099991 -0.00749966
v 0.00749998 0.08099996 -0.01349965
v 0.00749998 0.08099993 -0.00899965
v 0.00749998 0.08099995 -0.01199965
v 0.00599998 0.08099993 -0.00899965
v 0.00449998 0.08099994 -0.01149965
v 0.01799998 0.08099997 -0.01349965
v -0.00000001 0.08099999 -0.01799966
v -0.00900001 0.08100001 -0.02099966
v 0.01237499 0.08100020 -0.04199965
v 0.01649999 0.08100020 -0.04199965
v 0.01366666 0.08100018 -0.03949965
v -0.01425001 0.08100018 -0.04199966
v -0.00900001 0.08100018 -0.04199966
v -0.01237501 0.08100016 -0.03956216
v 0.01799999 0.08100015 -0.03599965
v 0.01650001 0.08100061 -0.09199965
v 0.01200001 0.08100062 -0.09399965
v -0.01499998 0.08100080 -0.11849966
v -0.01599999 0.08100059 -0.09349966
v -0.00899999 0.08100057 -0.08999966
v -0.01199999 0.08100059 -0.09283299
v -0.00749998 0.08100075 -0.11237466
v 0.00000002 0.08100085 -0.12299966
v -0.00899998 0.08100085 -0.12449966
v 0.01650003 0.08100116 -0.16049965
v 0.00937503 0.08100120 -0.16574965
v 0.00000003 0.08100116 -0.16199966
v -0.00149997 0.08100119 -0.16499966
v -0.00149997 0.08100116 -0.16199966
v 0.00150003 0.08100118 -0.16399966
v -0.01649997 0.08100114 -0.16049966
v -0.02099997 0.08100118 -0.16649966
v 0.01050005 0.08100176 -0.23399965
v 0.01350005 0.08100175 -0.23249965
v 0.01481151 0.08100179 -0.23785440
v 0.00000005 0.08100174 -0.23249966
v -0.01049994 0.08100177 -0.23807109
v -0.01349995 0.08100172 -0.23249966
v -0.01049995 0.08100173 -0.23249966
v 0.00899999 0.08100003 -0.02116632
v 0.01049999 0.08100004 -0.02249965
v 0.00750000 0.08100034 -0.05999965
v 0.00750000 0.08100039 -0.06599965
v 0.01050000 0.08325034 -0.05999963
v 0.00300000 0.08100039 -0.06599966
v -0.00525001 0.08100001 -0.02099966
v -0.00966667 0.08100020 -0.04424966
v -0.00750001 0.08100021 -0.04499966
v -0.00009593 0.08167519 -0.04182714
v 0.00150000 0.08100036 -0.06299966
v -0.00779999 0.08100057 -0.08954966
v -0.01349998 0.08100081 -0.12049966
v -0.01759475 0.08100081 -0.12031579
v 0.01537498 0.08099980 0.00787535
v 0.01649998 0.08099984 0.00300035
v 0.01499998 0.08099977 0.01050035
v 0.00899997 0.08324972 0.01650036
v -0.00500003 0.08099970 0.01750034
v -0.00150003 0.08099970 0.01800034
v 0.00149997 0.08099970 0.01800034
v -0.01050002 0.08099977 0.00900034
v -0.01102069 0.08099972 0.01490117
v -0.01650002 0.08099978 0.00600034
v -0.01800002 0.08099980 0.00450034
v -0.01800002 0.08099996 -0.01574966
v -0.01612501 0.08100015 -0.03899966
v -0.01800000 0.08100045 -0.07649966
v -0.01849999 0.08100068 -0.10449966
v -0.02099998 0.08100083 -0.12299966
v -0.02290060 0.08100090 -0.13192979
v -0.02849997 0.08100105 -0.15149967
v -0.02444445 0.08100174 -0.23536481
v -0.01504374 0.08100176 -0.23772229
v -0.01399994 0.08100179 -0.24049966
v -0.00749994 0.08100180 -0.24149966
v 0.00039669 0.08100182 -0.24333860
v 0.01200006 0.08100182 -0.24149965
v 0.02145005 0.08100179 -0.23678965
v 0.04066197 0.08100162 -0.21386814
v 0.03450004 0.08100144 -0.19199965
v 0.03450004 0.08100146 -0.19499965
v 0.04057562 0.08100143 -0.19108421
v 0.03750004 0.08100146 -0.19499964
v 0.04200004 0.08100152 -0.20193714
v 0.03375003 0.08100123 -0.16649965
v 0.02461964 0.08100100 -0.14000710
v 0.02100002 0.08100086 -0.12299965
v 0.01869723 0.08100085 -0.12114019
v 0.01799998 0.08099992 -0.00749965
v 0.01799998 0.08099983 0.00450035
v 0.00899998 0.08099992 -0.00749965
v 0.01099998 0.08099989 -0.00449965
v 0.01199998 0.08099992 -0.00749965
v -0.01200002 0.08099987 -0.00449966
v -0.00675002 0.08099988 -0.00449966
v -0.00300002 0.08099989 -0.00524966
v -0.00825002 0.08099991 -0.00824966
v -0.00492859 0.08099993 -0.01063602
v -0.01457145 0.08099990 -0.00749966
v 0.01049998 0.08099986 -0.00016632
v 0.01499998 0.08099986 0.00050035
v -0.00600002 0.08099984 -0.00037466
v -0.00525002 0.08099987 -0.00299966
v -0.00300002 0.08099980 0.00525034
v 0.00037498 0.08099980 0.00600034
v 0.00299998 0.08099981 0.00525034
v 0.00599998 0.08099986 -0.00037465
v 0.00524998 0.08099983 0.00300035
v 0.00599998 0.08099988 -0.00299965
v 0.00449998 0.08099988 -0.00299965
v 0.00449998 0.08099989 -0.00449965
v 0.00299998 0.08099989 -0.00524966
v -0.00037502 0.08099990 -0.00599966
v -0.00749995 0.08100172 -0.23099966
v -0.01206043 0.08100171 -0.23067305
v -0.02549995 0.08100162 -0.22049966
v -0.04146760 0.08100154 -0.21255675
v -0.02924995 0.08100155 -0.21299967
v -0.02948461 0.08100159 -0.21717758
v -0.03254027 0.08100160 -0.21892709
v -0.03149996 0.08100149 -0.20549967
v -0.03149995 0.08100154 -0.21224967
v -0.03328444 0.08100141 -0.19546518
v -0.03206984 0.08100138 -0.19207982
v -0.02679996 0.08100130 -0.18139966
v -0.03862496 0.08100139 -0.19399967
v -0.03299996 0.08100146 -0.20249967
v -0.04159345 0.08100136 -0.19050227
v -0.02123073 0.08100124 -0.17319197
v -0.02489997 0.08100122 -0.17212466
v -0.02399997 0.08100124 -0.17399966
v -0.01949997 0.08100124 -0.17399966
v -0.00832891 0.08100121 -0.16859176
v 0.00000003 0.08100121 -0.16799966
v 0.00750003 0.08100122 -0.16799965
v 0.01050003 0.08100123 -0.16949965
v 0.01350003 0.08100125 -0.17099965
v 0.02100004 0.08100128 -0.17474965
v 0.02250003 0.08100125 -0.17099965
v 0.02475003 0.08100126 -0.17183298
v 0.02470216 0.08100132 -0.17834007
v 0.02833788 0.08100137 -0.18408411
v 0.03295950 0.08100149 -0.19908411
v 0.02852600 0.08100164 -0.21732837
v 0.03323082 0.08100165 -0.21807657
v 0.03150005 0.08100164 -0.21749965
v 0.03150005 0.08100163 -0.21599965
v 0.03150005 0.08100155 -0.20699965
v 0.03008960 0.08100173 -0.22840263
v 0.01950005 0.08100170 -0.22649965
v 0.02550005 0.08100166 -0.22049965
v 0.01051146 0.08100173 -0.23090840
v -0.00550002 0.08099974 0.01200034
v -0.00750002 0.08099977 0.00900034
v 0.00749997 0.08099972 0.01650035
v 0.00749998 0.08099976 0.01200035
v 0.00515851 0.08099974 0.01404913
v 0.00449997 0.08099970 0.01800035
v 0.00449998 0.08099979 0.00771463
v -0.00707145 0.08099978 0.00810034
v -0.01462502 0.08099976 0.00862534
v -0.01250002 0.08099979 0.00600034
v 0.01349998 0.08099981 0.00600035
v 0.01199998 0.08099978 0.00900035
v 0.01049998 0.08099981 0.00600035
v 0.00049998 0.08099994 -0.01199966
v -0.00050002 0.08099997 -0.01499966
v 0.01650002 0.08100102 -0.14249965
v 0.02025003 0.08100116 -0.15974965
v 0.00533336 0.08100106 -0.14933299
v 0.00790877 0.08100111 -0.15453050
v 0.00650002 0.08100087 -0.12499965
v 0.00990002 0.08100088 -0.12599965
v 0.01400002 0.08100082 -0.11849965
v 0.01350002 0.08100085 -0.12149965
v 0.00161099 0.08100052 -0.08329001
v 0.00900000 0.08100044 -0.07249965
v 0.01050000 0.08100045 -0.07349965
v 0.00750000 0.08325044 -0.07199964
v 0.00900002 0.08100076 -0.11149965
v -0.00899998 0.08100074 -0.11099966
v -0.00899997 0.08100110 -0.15524966
v -0.01649997 0.08100112 -0.15899966
v -0.02024997 0.08100113 -0.15974966
v -0.02099997 0.08100110 -0.15599966
v -0.01949997 0.08100112 -0.15899966
v -0.01037064 0.08100086 -0.12619657
v -0.00899998 0.08100086 -0.12599966
v -0.00615481 0.08100108 -0.15249643
v -0.00562498 0.08100086 -0.12562466
v -0.00299999 0.08100062 -0.09599966
v -0.01500001 0.08050011 -0.03899966
v -0.01499991 0.05350011 -0.03899988
v -0.01449991 0.05350014 -0.04199988
v -0.01443751 0.08050013 -0.04162466
v -0.01349991 0.05350013 -0.04049988
v -0.01199991 0.05350013 -0.04049988
v -0.01199991 0.05350012 -0.03899988
v -0.01200001 0.08050013 -0.03949966
v -0.01200001 0.08050015 -0.04199966
v -0.01650001 0.08050011 -0.03974967
v -0.01500001 0.08050010 -0.03749966
v -0.01649991 0.05350011 -0.03974988
v 0.00975002 0.08050092 -0.12749966
v 0.00300002 0.08050089 -0.12749966
v -0.00824998 0.08050087 -0.12899966
v -0.01349998 0.08050079 -0.12149966
v 0.00975002 0.08050082 -0.11549966
v 0.00650002 0.08050078 -0.11199966
v -0.00299998 0.08050082 -0.12074966
v -0.00974998 0.08050075 -0.11549966
v 0.01350002 0.08050086 -0.11849966
v -0.01049999 0.08050065 -0.10349966
v 0.01050000 0.08050042 -0.06599966
v -0.01050000 0.08050024 -0.05249966
v -0.00975000 0.08050036 -0.06749966
v 0.01274998 0.08049996 -0.00899966
v 0.00974999 0.08050000 -0.01499966
v -0.00637501 0.08049996 -0.01649966
v -0.01500001 0.08049992 -0.01499967
v 0.01349998 0.08049992 -0.00274966
v 0.00374998 0.08049993 -0.00824966
v -0.00825002 0.08049989 -0.00824966
v -0.01500002 0.08049987 -0.00899967
v -0.00975000 0.08050042 -0.07424966
v -0.00974999 0.08050070 -0.10874966
v -0.00699998 0.08050073 -0.11149966
v -0.00449998 0.08050074 -0.11249966
v -0.00899998 0.08050072 -0.11099966
v 0.00900002 0.08050078 -0.11099966
v 0.01050001 0.08050072 -0.10349966
v 0.00975001 0.08050076 -0.10874966
v 0.00975000 0.08050048 -0.07424966
v 0.00900000 0.08050044 -0.06899966
v 0.00750000 0.08050046 -0.07199966
v 0.00450000 0.08050043 -0.06937466
v -0.00187500 0.08050040 -0.06937466
v -0.00750000 0.08050041 -0.07199966
v 0.01050000 0.08050036 -0.05849966
v 0.01050000 0.08050031 -0.05249966
v 0.00840000 0.08050036 -0.05962466
v 0.01049999 0.08050008 -0.02399966
v 0.00299999 0.08050000 -0.01799966
v -0.00000001 0.08050002 -0.02099966
v -0.00600001 0.08050000 -0.02099966
v -0.00825001 0.08050000 -0.02224966
v -0.01050001 0.08050001 -0.02399966
v -0.01050000 0.08050029 -0.05849966
v -0.00750000 0.08050032 -0.06149966
v -0.00375000 0.08050033 -0.06149966
v 0.00375000 0.08050036 -0.06149966
v 0.00750000 0.08050037 -0.06149966
v 0.01650002 0.08050089 -0.12149966
v 0.01800002 0.08050095 -0.12849965
v 0.01350002 0.08050088 -0.12149966
v -0.01349998 0.08050076 -0.11849966
v 0.01349999 0.08050024 -0.04199966
v 0.01499999 0.08050022 -0.03899966
v 0.01500001 0.08050067 -0.09449966
v 0.01200001 0.08050064 -0.09199966
v -0.01499999 0.08050054 -0.09149966
v -0.01199999 0.08050056 -0.09349966
v -0.01500000 0.08050028 -0.05924966
v -0.00964288 0.08049983 -0.00209966
v -0.00975002 0.08049979 0.00225034
v -0.01050002 0.08049980 0.00150034
v -0.01200002 0.08049977 0.00450034
v -0.01500002 0.08049981 -0.00149967
v -0.01350002 0.08049982 -0.00299966
v -0.01350002 0.08049981 -0.00149966
v -0.01500002 0.08049979 0.00000033
v -0.01500002 0.08049978 0.00150033
v -0.01350002 0.08049978 0.00275034
v -0.00300002 0.08049992 -0.01049966
v -0.00900002 0.08049990 -0.01049966
v -0.00450002 0.08049994 -0.01299966
v -0.00300002 0.08049993 -0.01199966
v -0.00600002 0.08049994 -0.01349966
v -0.00900002 0.08049991 -0.01199966
v -0.00750002 0.08049992 -0.01249966
v -0.00375002 0.08049990 -0.00824966
v -0.00600002 0.08049989 -0.00749966
v -0.01462502 0.08049975 0.00562534
v -0.01050002 0.08049976 0.00600034
v 0.00899998 0.08049996 -0.01049966
v 0.00899998 0.08049998 -0.01199966
v 0.00299998 0.08049994 -0.01049966
v 0.00299998 0.08049995 -0.01199966
v 0.00629998 0.08049998 -0.01328537
v 0.00449998 0.08049996 -0.01199966
v 0.00824998 0.08049994 -0.00824966
v 0.00599998 0.08049993 -0.00749966
v 0.00964284 0.08049986 0.00210034
v 0.01049998 0.08049991 -0.00299966
v 0.00949998 0.08049989 -0.00149966
v 0.01499998 0.08049990 0.00000034
v 0.01499998 0.08049991 -0.00149966
v 0.01499998 0.08049989 0.00150034
v 0.01349998 0.08049987 0.00250034
v -0.00000001 0.08049998 -0.01649966
v 0.00149998 0.08049997 -0.01399966
v -0.00150002 0.08049994 -0.01249966
v 0.01049998 0.08049984 0.00600034
v 0.01237498 0.08049984 0.00600034
v 0.01199998 0.08049985 0.00450034
v 0.01462498 0.08049985 0.00562534
v 0.01724998 0.08049997 -0.00824965
v 0.01799999 0.08050003 -0.01499965
v 0.01800000 0.08050034 -0.05249965
v 0.01800000 0.08050045 -0.06599965
v 0.01800001 0.08050075 -0.10349965
v 0.01500001 0.08050064 -0.09149966
v 0.01500001 0.08050065 -0.09299966
v 0.01800002 0.08050082 -0.11249965
v 0.01706252 0.08050087 -0.11849965
v 0.01875002 0.08050091 -0.12224965
v 0.01575002 0.08050096 -0.12974966
v 0.01500002 0.08050095 -0.12899966
v -0.01949998 0.08050080 -0.12599967
v -0.01649998 0.08050075 -0.11849967
v -0.01796248 0.08050077 -0.12138717
v -0.01799998 0.08050072 -0.11549967
v -0.01799998 0.08050070 -0.11249967
v -0.01800000 0.08050027 -0.05924967
v -0.01799999 0.08050062 -0.10349967
v -0.01499999 0.08050056 -0.09449966
v -0.01649999 0.08050054 -0.09224967
v -0.01800002 0.08049988 -0.01199967
v -0.01800002 0.08049977 0.00150033
v -0.01800002 0.08049978 0.00000033
v -0.01687502 0.08049974 0.00622533
v -0.01275002 0.08049970 0.01275034
v -0.01456581 0.08049972 0.00903981
v -0.01050002 0.08049974 0.00900034
v -0.01050002 0.08049969 0.01500034
v -0.00300003 0.08049969 0.01800034
v -0.00900002 0.08049973 0.01050034
v -0.00300002 0.08049974 0.01200034
v -0.00300002 0.08049976 0.00900034
v -0.00750002 0.08049976 0.00750034
v -0.00771431 0.08049970 0.01457177
v -0.00450002 0.08049977 0.00750034
v -0.00450002 0.08049973 0.01300034
v -0.00750002 0.08049972 0.01200034
v -0.00600002 0.08049977 0.00750034
v -0.00000003 0.08049970 0.01800034
v 0.00299997 0.08049971 0.01800034
v 0.00899998 0.08049979 0.01050034
v 0.00299998 0.08049978 0.00900034
v 0.00749998 0.08049981 0.00750034
v 0.00299998 0.08049976 0.01200034
v 0.00449998 0.08049976 0.01325034
v 0.00749998 0.08049977 0.01250034
v 0.00449998 0.08049980 0.00750034
v 0.00599998 0.08049981 0.00750034
v 0.01049998 0.08049981 0.00900034
v 0.01049998 0.08049976 0.01500034
v 0.01199998 0.08049982 0.00900034
v 0.01199998 0.08049978 0.01350034
v 0.01349998 0.08049982 0.00900034
v 0.01612498 0.08049984 0.00727534
v 0.01799998 0.08049987 0.00450035
v 0.01799998 0.08049990 0.00150035
v 0.01799998 0.08049991 0.00000035
v -0.00450002 0.08049979 0.00450034
v -0.00600002 0.08049982 0.00075034
v -0.00525002 0.08049986 -0.00412466
v -0.00300002 0.08049989 -0.00599966
v 0.00599998 0.08049986 0.00075034
v 0.00299998 0.08049990 -0.00549966
v 0.00299998 0.08049981 0.00550034
v 0.00449998 0.08049983 0.00450034
v -0.00300002 0.08049979 0.00583367
v 0.00037502 0.08050076 -0.11249966
v 0.00900000 0.08050049 -0.07499966
v 0.00450000 0.08050045 -0.07199966
v 0.01050010 0.05350051 -0.07649988
v 0.00878582 0.05350077 -0.11035702
v 0.00600011 0.05350078 -0.11249988
v 0.00450011 0.05350078 -0.11249988
v -0.00450000 0.08050042 -0.07199966
v 0.01050010 0.05350049 -0.07499988
v 0.00900010 0.05350049 -0.07499988
v 0.00819653 0.05350046 -0.07216059
v 0.01050010 0.05350054 -0.08099988
v 0.00750011 0.05350077 -0.11099988
v 0.01050011 0.05350076 -0.10799988
v -0.00900000 0.08050042 -0.07499966
v -0.01049997 0.07375055 -0.09149972
v -0.00917637 0.05350042 -0.07473518
v -0.00749990 0.05350041 -0.07199988
v -0.00599990 0.05350041 -0.07199988
v 0.00000010 0.05350043 -0.07199988
v -0.01049989 0.05350069 -0.10799988
v -0.00882342 0.05350072 -0.11073518
v -0.00599989 0.05350074 -0.11249988
v -0.00749989 0.05350072 -0.11099988
v -0.01049990 0.05350047 -0.08099988
v -0.00862500 0.08050030 -0.05939966
v -0.00749992 0.05349999 -0.02099988
v -0.00862492 0.05350000 -0.02309988
v -0.01049992 0.05350001 -0.02399988
v -0.00749991 0.05350032 -0.06149988
v -0.00799991 0.05350031 -0.05999988
v -0.00899991 0.05350029 -0.05849988
v -0.01049991 0.05350029 -0.05849988
v -0.01049991 0.05350027 -0.05699988
v 0.00749999 0.08050006 -0.02249966
v 0.00839999 0.08050006 -0.02207109
v 0.00000008 0.05350002 -0.02099988
v 0.00450009 0.05350036 -0.06149988
v 0.00600009 0.05350037 -0.06149988
v 0.00750009 0.05350037 -0.06149988
v 0.00750009 0.05350036 -0.05999988
v 0.00900009 0.05350037 -0.05999988
v 0.00900009 0.05350035 -0.05849988
v 0.00750008 0.05350004 -0.02099988
v 0.00800008 0.05350006 -0.02249988
v 0.00900008 0.05350007 -0.02399988
v 0.01050008 0.05350008 -0.02399988
v 0.00900010 0.05350046 -0.07199988
v 0.00525010 0.05350044 -0.07049988
v -0.00524990 0.05350040 -0.07049988
v -0.01049990 0.05350042 -0.07499988
v -0.01049991 0.05350024 -0.05249988
v 0.01050009 0.05350036 -0.05849988
v 0.01050009 0.05350031 -0.05249988
v -0.01899998 0.08050082 -0.12749967
v -0.01723169 0.08050084 -0.12929235
v -0.01799989 0.05350072 -0.11549989
v -0.01799989 0.05350070 -0.11249989
v -0.01799989 0.05350076 -0.11999989
v -0.01949989 0.05350079 -0.12449989
v 0.01499998 0.08049981 0.01050034
v 0.00799998 0.08049974 0.01650034
v 0.00449997 0.08049972 0.01800034
v -0.00450003 0.08049969 0.01800034
v -0.00900002 0.08049968 0.01650034
v -0.01500002 0.08049971 0.01050033
v -0.01849988 0.05350082 -0.12749989
v -0.01735703 0.05350083 -0.12878560
v -0.01499988 0.05350085 -0.13049988
v -0.01799993 0.05349978 0.00000011
v -0.01799993 0.05349975 0.00450011
v -0.01649993 0.05349974 0.00600012
v -0.01599993 0.05349973 0.00800012
v -0.01457136 0.05349971 0.01028583
v -0.01199993 0.05349970 0.01350012
v -0.00749993 0.05349968 0.01687512
v -0.00224993 0.05349969 0.01800012
v 0.00225007 0.05349971 0.01800012
v 0.01200007 0.05349978 0.01350012
v 0.01550007 0.05349983 0.00850013
v 0.01650007 0.05349986 0.00600013
v 0.01800007 0.05349991 0.00000013
v 0.01950002 0.08050095 -0.12749965
v 0.01500012 0.05350096 -0.13049987
v -0.01949989 0.05350080 -0.12599989
v 0.01875011 0.05350091 -0.12224987
v 0.01800011 0.05350085 -0.11549987
v 0.01800011 0.05350082 -0.11249987
v 0.01773541 0.05350096 -0.12882340
v 0.01900012 0.05350095 -0.12749987
v 0.01950011 0.05350094 -0.12599987
v 0.01500012 0.05350095 -0.12899987
v -0.01799992 0.05349986 -0.00899989
v -0.01799992 0.05349993 -0.01799989
v -0.01799991 0.05350021 -0.05249989
v -0.01799990 0.05350044 -0.08099989
v -0.01199993 0.05349971 0.01200012
v -0.01049993 0.05349971 0.01275012
v -0.00749993 0.05349970 0.01500012
v -0.00449993 0.05349970 0.01650012
v 0.00500007 0.05349972 0.01750012
v 0.00900007 0.05349974 0.01650012
v 0.01200007 0.05349979 0.01200012
v 0.01500007 0.05349981 0.01050013
v 0.01350007 0.05349983 0.00750012
v 0.01800007 0.05349987 0.00450013
v 0.01800010 0.05350045 -0.06674987
v 0.01800008 0.05350006 -0.01799987
v 0.01800008 0.05350003 -0.01499987
v 0.01800008 0.05349998 -0.00899987
v 0.01650011 0.05350087 -0.11849987
v 0.01350011 0.05350088 -0.12099988
v 0.01650011 0.05350089 -0.12149987
v 0.01650011 0.05350088 -0.11999987
v -0.01649989 0.05350076 -0.11949988
v -0.01349989 0.05350079 -0.12149988
v -0.01349989 0.05350076 -0.11849988
v 0.01199999 0.08050021 -0.03924966
v 0.01499999 0.08050024 -0.04199966
v 0.01349999 0.08050022 -0.04049966
v 0.01200009 0.05350021 -0.03949988
v 0.01350009 0.05350023 -0.04149988
v 0.01500009 0.05350024 -0.04199987
v 0.01500009 0.05350022 -0.03899987
v 0.01425009 0.05350020 -0.03749987
v 0.01200009 0.05350023 -0.04199988
v 0.01200010 0.05350063 -0.09149988
v 0.01200010 0.05350066 -0.09449988
v 0.01350010 0.05350066 -0.09449988
v 0.01500010 0.05350065 -0.09249987
v 0.01650010 0.05350067 -0.09374987
v -0.01349990 0.05350054 -0.09149988
v -0.01499990 0.05350054 -0.09149988
v -0.01349990 0.05350057 -0.09449988
v -0.01199990 0.05350057 -0.09449988
v -0.01199990 0.05350055 -0.09149988
v -0.01499990 0.05350056 -0.09449988
v -0.01416667 0.07599982 -0.00224970
v -0.01487500 0.07599978 0.00150030
v -0.01350000 0.07599978 0.00300030
v -0.00900000 0.07599983 -0.00149970
v -0.01050000 0.07599983 -0.00199970
v -0.00450002 0.08049990 -0.00899966
v -0.00750002 0.08049989 -0.00899966
v -0.00750000 0.07599993 -0.01337470
v -0.00900000 0.07599990 -0.01087470
v -0.00712500 0.07599989 -0.00787470
v -0.00312500 0.07599993 -0.01199970
v -0.00400000 0.07599994 -0.01349970
v -0.01293752 0.08049975 0.00600034
v -0.01349993 0.05349974 0.00750012
v -0.01049993 0.05349976 0.00600012
v -0.01049993 0.05349975 0.00750012
v -0.01049993 0.05349974 0.00900012
v -0.00899993 0.05349979 0.00300012
v -0.01349993 0.05349975 0.00600012
v -0.01199993 0.05349976 0.00600012
v 0.00749998 0.08049995 -0.00899966
v 0.00449998 0.08049994 -0.00899966
v 0.00600000 0.07599998 -0.01349969
v 0.00450000 0.07599997 -0.01324970
v 0.00300000 0.07599995 -0.01199970
v 0.00325000 0.07599993 -0.00899970
v 0.00650000 0.07599993 -0.00749969
v 0.00800000 0.07599995 -0.00899969
v 0.00900000 0.07599997 -0.01099969
v 0.00750000 0.07599997 -0.01199969
v 0.00800000 0.07599998 -0.01349969
v 0.01200000 0.07599991 -0.00299969
v 0.01050000 0.07599990 -0.00249969
v 0.00900000 0.07599989 -0.00149969
v 0.00925000 0.07599987 0.00150031
v 0.01050000 0.07599986 0.00300031
v 0.01450000 0.07599987 0.00300031
v 0.01350000 0.07599988 0.00150031
v 0.01500000 0.07599989 0.00150031
v 0.01475000 0.07599991 -0.00149969
v -0.00000001 0.08049997 -0.01499966
v 0.00000008 0.05349994 -0.01199988
v -0.00149992 0.05349994 -0.01199988
v -0.00149992 0.05349995 -0.01349988
v -0.00037492 0.05349997 -0.01499988
v 0.00000008 0.05349998 -0.01649988
v 0.00150008 0.05349997 -0.01499988
v 0.00150008 0.05349996 -0.01349988
v -0.00149992 0.05349998 -0.01649988
v -0.00450002 0.08049976 0.00900034
v -0.00750002 0.08049975 0.00900034
v -0.00637501 0.07599976 0.00750030
v -0.00750001 0.07599975 0.00900030
v -0.00900001 0.07599974 0.00900030
v -0.00900001 0.07599972 0.01200030
v -0.00750001 0.07599972 0.01200030
v -0.00800001 0.07599971 0.01350030
v -0.00450001 0.07599972 0.01350030
v -0.00400001 0.07599974 0.01200030
v -0.00300001 0.07599975 0.01050030
v -0.00330001 0.07599976 0.00900030
v -0.00450001 0.07599977 0.00750030
v 0.00749998 0.08049980 0.00900034
v 0.00449998 0.08049979 0.00900034
v 0.00562499 0.07599981 0.00750030
v 0.00449999 0.07599979 0.00900030
v 0.00249999 0.07599978 0.00900030
v 0.00299999 0.07599977 0.01050030
v 0.00349999 0.07599976 0.01200030
v 0.00449999 0.07599975 0.01350030
v 0.00599999 0.07599976 0.01350031
v 0.00849999 0.07599977 0.01350031
v 0.00749999 0.07599978 0.01200031
v 0.00899999 0.07599978 0.01200031
v 0.00899999 0.07599981 0.00900031
v 0.00749999 0.07599980 0.00900031
v 0.01050007 0.05349981 0.00900012
v 0.01050007 0.05349982 0.00750012
v 0.01162507 0.05349984 0.00600012
v 0.01200007 0.05349985 0.00450012
v 0.01350007 0.05349985 0.00600012
v 0.01350007 0.05349982 0.00900012
v 0.01500007 0.05349985 0.00600013
v 0.01050007 0.05349985 0.00450012
v 0.00549998 0.08049984 0.00300034
v 0.00535712 0.08049990 -0.00359966
v -0.00450002 0.08049986 -0.00299966
v -0.00500002 0.08049981 0.00300034
v 0.00075007 0.05349980 0.00600012
v -0.00149993 0.05349979 0.00600012
v -0.00399993 0.05349980 0.00450012
v -0.00449993 0.05349981 0.00300012
v -0.00599993 0.05349980 0.00300012
v -0.00599993 0.05349981 0.00150012
v -0.00599993 0.05349983 0.00000012
v -0.00599992 0.05349984 -0.00149988
v -0.00499992 0.05349985 -0.00299988
v -0.00449992 0.05349987 -0.00449988
v -0.00299992 0.05349988 -0.00549988
v -0.00074992 0.05349989 -0.00599988
v 0.00150008 0.05349990 -0.00599988
v 0.00300008 0.05349991 -0.00599988
v 0.00400008 0.05349990 -0.00449988
v 0.00450008 0.05349989 -0.00299988
v 0.00600008 0.05349989 -0.00299988
v 0.00600007 0.05349987 0.00000012
v 0.00600007 0.05349986 0.00150012
v 0.00600007 0.05349984 0.00300012
v 0.00450007 0.05349984 0.00300012
v 0.00350007 0.05349982 0.00450012
v 0.00300007 0.05349981 0.00600012
v -0.01049994 0.06100020 -0.04799982
v -0.01049993 0.05950024 -0.05249983
v -0.01049998 0.07450021 -0.04949971
v -0.01049998 0.07450026 -0.05549971
v -0.01049998 0.07300020 -0.04799972
v -0.01049998 0.07300026 -0.05549972
v -0.01799998 0.07300023 -0.05549973
v -0.01799993 0.06100023 -0.05549982
v -0.01799998 0.07450021 -0.05249971
v -0.01049993 0.06100026 -0.05549982
v -0.01799998 0.07300017 -0.04799973
v -0.01799994 0.06100017 -0.04799982
v -0.01799993 0.05950021 -0.05249984
v 0.01050002 0.07450031 -0.05249971
v 0.01050007 0.06100033 -0.05549982
v 0.01050002 0.07300027 -0.04799972
v 0.01050006 0.06100027 -0.04799982
v 0.01050002 0.07300033 -0.05549972
v 0.01800002 0.07300036 -0.05549972
v 0.01800007 0.06100036 -0.05549981
v 0.01050006 0.06100029 -0.04949982
v 0.01800002 0.07450034 -0.05249970
v 0.01800002 0.07300030 -0.04799972
v 0.01800007 0.05950034 -0.05249983
v 0.01800006 0.06100031 -0.04949981
v 0.01800006 0.06100030 -0.04799981
v -0.00449991 0.05350033 -0.06149988
v 0.00000002 0.07450035 -0.06149971
v 0.00000007 0.05950035 -0.06149983
v 0.00450003 0.07300036 -0.06149972
v -0.00449997 0.07300033 -0.06149972
v 0.00300007 0.06100036 -0.06149982
v -0.00299993 0.06100034 -0.06149982
v 0.00300003 0.07300036 -0.06149972
v -0.00336181 0.06035531 -0.07155402
v 0.00450007 0.06100045 -0.07199982
v 0.00337167 0.06057446 -0.07143336
v 0.00336192 0.07364554 -0.07155391
v 0.00450003 0.07300045 -0.07199972
v -0.00299997 0.07300034 -0.06149972
v -0.00449993 0.06100042 -0.07199982
v -0.00449997 0.07300042 -0.07199972
v -0.00337157 0.07342640 -0.07143325
v 0.00900000 0.07599991 -0.00374969
v 0.00900000 0.07599993 -0.00599969
v 0.01050000 0.07599996 -0.00899969
v 0.01200000 0.07599994 -0.00674969
v 0.01350000 0.07599994 -0.00599969
v 0.01387500 0.07599992 -0.00299969
v 0.00900000 0.07599985 0.00300031
v 0.01500008 0.05349992 -0.00299987
v 0.01500007 0.05349990 0.00000013
v 0.01500007 0.05349989 0.00150013
v 0.01500007 0.05349988 0.00300013
v 0.01350007 0.05349987 0.00300012
v 0.01200007 0.05349986 0.00300012
v 0.00900007 0.05349985 0.00300012
v 0.00900007 0.05349987 0.00150012
v 0.00900007 0.05349988 0.00000012
v 0.00900008 0.05349989 -0.00149988
v 0.00900008 0.05349992 -0.00449988
v 0.00900008 0.05349990 -0.00299988
v 0.01350008 0.05349992 -0.00299988
v 0.01650008 0.05349991 -0.00074987
v 0.00750007 0.05349987 0.00075012
v 0.00600008 0.05349988 -0.00149988
v 0.00600000 0.07599992 -0.00599969
v 0.00900008 0.05349993 -0.00599988
v 0.01050000 0.07599997 -0.01049969
v 0.01200008 0.05349995 -0.00749988
v 0.01300008 0.05349994 -0.00599988
v 0.00400000 0.07599992 -0.00749970
v 0.00300000 0.07599997 -0.01349970
v 0.00600008 0.05349992 -0.00599988
v 0.00600008 0.05349993 -0.00749988
v 0.00450008 0.05349992 -0.00749988
v 0.00300008 0.05349992 -0.00749988
v 0.00300008 0.05349994 -0.01049988
v 0.00262508 0.05349995 -0.01199988
v 0.00300008 0.05349997 -0.01349988
v 0.00450008 0.05349997 -0.01349988
v 0.00600008 0.05349998 -0.01349988
v 0.00900008 0.05349999 -0.01349988
v 0.00900008 0.05349996 -0.01049988
v 0.01050008 0.05349996 -0.00974988
v 0.01200008 0.05349996 -0.00899988
v 0.00750008 0.05349992 -0.00599988
v 0.00150008 0.05349993 -0.00974988
v 0.00450008 0.05349998 -0.01499988
v 0.00675008 0.05349999 -0.01499988
v 0.01050008 0.05349998 -0.01199988
v -0.00900000 0.07599986 -0.00599970
v -0.00600000 0.07599987 -0.00599970
v -0.00900000 0.07599984 -0.00299970
v -0.01050000 0.07599988 -0.00899970
v -0.01200000 0.07599985 -0.00599970
v -0.01200000 0.07599983 -0.00299970
v -0.00900000 0.07599993 -0.01349970
v -0.00350000 0.07599990 -0.00799970
v -0.01050000 0.07599990 -0.01049970
v -0.00899992 0.05349990 -0.01049988
v -0.00899992 0.05349993 -0.01349988
v -0.00749992 0.05349993 -0.01349988
v -0.00599992 0.05349994 -0.01349988
v -0.00449992 0.05349994 -0.01349988
v -0.00299992 0.05349995 -0.01349988
v -0.00299992 0.05349993 -0.01199988
v -0.00299992 0.05349992 -0.01049988
v -0.00299992 0.05349990 -0.00749988
v -0.00449992 0.05349989 -0.00749988
v -0.00599992 0.05349988 -0.00674988
v -0.00749992 0.05349987 -0.00599988
v -0.01350000 0.07599985 -0.00599970
v -0.01049992 0.05349989 -0.00974988
v -0.01049992 0.05349991 -0.01199988
v -0.00674992 0.05349995 -0.01499988
v -0.00449992 0.05349995 -0.01499988
v -0.00149992 0.05349991 -0.00899988
v -0.00449992 0.05349988 -0.00599988
v -0.00899992 0.05349985 -0.00449988
v -0.00899992 0.05349986 -0.00599988
v -0.01500000 0.07599982 -0.00299970
v -0.01349992 0.05349982 -0.00299988
v -0.01349992 0.05349985 -0.00599988
v -0.01221421 0.05349986 -0.00664274
v -0.00950000 0.07599979 0.00250030
v -0.01500000 0.07599977 0.00300030
v -0.00899992 0.05349983 -0.00149988
v -0.00899993 0.05349980 0.00150012
v -0.01124993 0.05349978 0.00300012
v -0.01499993 0.05349977 0.00300012
v -0.01499993 0.05349978 0.00150012
v -0.01499993 0.05349979 0.00000012
v -0.01499992 0.05349982 -0.00299988
v -0.01199992 0.05349988 -0.00899988
v -0.00899992 0.05349984 -0.00299988
v -0.00749992 0.05349983 -0.00149988
v -0.00899993 0.05349982 0.00000012
v -0.00749993 0.05349981 0.00150012
v -0.01649993 0.05349978 0.00075012
v -0.01649992 0.05349980 -0.00149988
v -0.01049989 0.05350083 -0.12599988
v 0.00750011 0.05350090 -0.12599988
v -0.01049989 0.05350075 -0.11549988
v 0.00900011 0.05350086 -0.12074988
v -0.01424992 0.05349992 -0.01499988
v -0.01049992 0.05349996 -0.01799988
v 0.00750008 0.05350002 -0.01799988
v 0.01050011 0.05350082 -0.11549988
v 0.00750007 0.05349984 0.00450012
v 0.01050008 0.05350002 -0.01649988
v 0.00150007 0.05349977 0.01000012
v -0.00149993 0.05349977 0.00900012
v 0.00300007 0.05349980 0.00750012
v 0.00300007 0.05349978 0.00900012
v -0.00299993 0.05349976 0.00900012
v -0.00299993 0.05349978 0.00750012
v 0.00375007 0.05349975 0.01350012
v -0.00449993 0.05349972 0.01350012
v 0.00525007 0.05349974 0.01500012
v 0.00075007 0.05349973 0.01500012
v -0.00224993 0.05349973 0.01350012
v -0.00524993 0.05349971 0.01500012
v -0.00149993 0.05349972 0.01500012
v -0.00899993 0.05349971 0.01350012
v -0.01049993 0.05349972 0.01050012
v -0.00899993 0.05349972 0.01200012
v -0.00899993 0.05349975 0.00750012
v -0.00599993 0.05349978 0.00600012
v -0.00299993 0.05349979 0.00600012
v -0.00749993 0.05349977 0.00600012
v 0.00750007 0.05349981 0.00750012
v 0.00600007 0.05349982 0.00600012
v 0.00900007 0.05349982 0.00750012
v 0.01050007 0.05349980 0.01050012
v 0.00900007 0.05349979 0.01125012
v 0.01050007 0.05349978 0.01275012
v 0.00900007 0.05349977 0.01350012
v 0.00900007 0.05349981 0.00900012
v 0.00000007 0.05349976 0.01050012
v -0.00149993 0.05349976 0.01050012
v -0.00150001 0.07599976 0.01050030
v 0.00450007 0.05349980 0.00750012
v 0.00600007 0.05349981 0.00750012
v 0.00675007 0.05349976 0.01350012
v 0.00149999 0.07599977 0.01050030
v -0.00150001 0.07599977 0.00900030
v -0.00599993 0.05349972 0.01350012
v -0.00899993 0.05349973 0.01050012
v -0.00749993 0.05349976 0.00750012
v -0.00599993 0.05349977 0.00750012
v 0.00299999 0.07599980 0.00750030
v 0.00599999 0.07599982 0.00600031
v 0.00799999 0.07599981 0.00750031
v -0.00900001 0.07599975 0.00750030
v -0.00600001 0.07599978 0.00600030
v -0.00300001 0.07599978 0.00750030
v 0.00299999 0.07599975 0.01350030
v 0.00150007 0.05349974 0.01350012
v 0.00000007 0.05349974 0.01350012
v 0.00074999 0.07599974 0.01350030
v -0.00150001 0.07599973 0.01350030
v -0.00300001 0.07599973 0.01350030
v -0.01039225 0.03849984 -0.00600001
v -0.01154854 0.03849984 -0.00695552
v -0.01059303 0.03849986 -0.00811181
v -0.00943674 0.03849985 -0.00715630
v -0.00828045 0.03849985 -0.00620080
v -0.00923596 0.03849984 -0.00504450
v -0.01019147 0.03849983 -0.00388821
v -0.01134776 0.03849983 -0.00484372
v -0.01250405 0.03849983 -0.00579923
v -0.00923605 0.05799984 -0.00504439
v -0.00828054 0.05799985 -0.00620068
v -0.00943683 0.05799985 -0.00715619
v -0.01059312 0.05799986 -0.00811169
v -0.01154863 0.05799984 -0.00695540
v -0.01250413 0.05799983 -0.00579911
v -0.01134784 0.05799983 -0.00484361
v -0.01019155 0.05799983 -0.00388810
v -0.01039234 0.05799984 -0.00599990
v -0.00000003 0.03849975 0.01200001
v -0.00024938 0.03849975 0.01347914
v -0.00172851 0.03849975 0.01322979
v -0.00147916 0.03849975 0.01175066
v -0.00122981 0.03849976 0.01027153
v 0.00024932 0.03849976 0.01052089
v 0.00172845 0.03849976 0.01077024
v 0.00147910 0.03849975 0.01224937
v 0.00122975 0.03849975 0.01372850
v 0.00024931 0.05799976 0.01052099
v -0.00122982 0.05799976 0.01027164
v -0.00147918 0.05799975 0.01175077
v -0.00172853 0.05799975 0.01322990
v -0.00024940 0.05799975 0.01347925
v 0.00122973 0.05799975 0.01372860
v 0.00147908 0.05799975 0.01224947
v 0.00172844 0.05799976 0.01077034
v -0.00000005 0.05799975 0.01200012
v 0.01039232 0.03849986 -0.00599991
v 0.01179796 0.03849987 -0.00652353
v 0.01232158 0.03849986 -0.00511789
v 0.01091594 0.03849985 -0.00459427
v 0.00951030 0.03849985 -0.00407064
v 0.00898668 0.03849986 -0.00547628
v 0.00846306 0.03849986 -0.00688192
v 0.00986870 0.03849987 -0.00740554
v 0.01127434 0.03849987 -0.00792917
v 0.00898666 0.05799986 -0.00547618
v 0.00951029 0.05799985 -0.00407054
v 0.01091593 0.05799985 -0.00459416
v 0.01232156 0.05799986 -0.00511778
v 0.01179794 0.05799987 -0.00652342
v 0.01127432 0.05799987 -0.00792906
v 0.00986868 0.05799987 -0.00740544
v 0.00846304 0.05799986 -0.00688182
v 0.01039230 0.05799986 -0.00599980
f 2 1 3
f 2 3 1
f 8 9 5
f 13 12 40
f 13 40 46
f 38 40 12
f 39 38 12
f 74 16 15
f 44 18 15
f 15 16 20
f 16 19 21
f 24 43 23
f 39 26 27
f 39 27 28
f 30 31 6
f 6 23 30
f 31 32 6
f 20 33 35
f 34 36 15
f 15 35 34
f 28 36 37
f 37 39 28
f 46 40 41
f 46 41 43
f 23 43 42
f 28 25 44
f 44 36 28
f 24 47 43
f 48 24 4
f 4 45 48
f 47 46 43
f 20 50 49
f 20 19 50
f 32 51 52
f 49 51 20
f 51 32 20
f 6 32 52
f 52 5 6
f 23 6 53
f 23 54 22
f 6 55 53
f 24 56 57
f 46 4 58
f 12 10 58
f 63 59 26
f 59 60 62
f 59 61 60
f 63 26 12
f 26 59 64
f 25 64 65
f 17 68 67
f 44 67 68
f 44 68 70
f 69 71 18
f 70 68 69
f 18 70 69
f 3 71 69
f 3 73 2
f 3 2 71
f 2 72 74
f 73 72 2
f 75 76 16
f 19 16 76
f 52 77 78
f 8 78 79
f 6 8 79
f 6 79 81
f 22 6 81
f 81 80 22
f 80 82 23
f 24 83 82
f 82 83 23
f 82 56 24
f 80 23 22
f 78 8 5
f 78 5 52
f 76 77 19
f 74 75 16
f 65 66 25
f 64 25 29
f 64 29 26
f 58 60 12
f 58 10 46
f 57 58 4
f 57 4 24
f 44 15 36
f 42 30 23
f 35 15 20
f 18 71 15
f 25 66 17
f 15 71 2
f 15 2 74
f 12 26 39
f 84 85 86
f 112 107 153
f 92 93 91
f 91 126 90
f 94 109 95
f 109 153 95
f 96 95 153
f 86 141 119
f 86 85 141
f 98 99 87
f 101 100 133
f 111 97 104
f 103 111 104
f 108 107 112
f 108 112 105
f 110 109 94
f 94 111 110
f 113 88 105
f 105 114 113
f 105 112 114
f 87 88 115
f 98 87 115
f 115 100 98
f 126 92 117
f 117 118 103
f 118 111 103
f 105 88 86
f 121 97 111
f 111 94 121
f 100 116 122
f 122 133 100
f 123 122 116
f 92 91 123
f 91 122 123
f 124 126 103
f 103 102 125
f 125 124 103
f 124 102 126
f 102 165 127
f 127 128 126
f 128 129 126
f 91 90 129
f 129 130 91
f 130 131 91
f 122 91 132
f 122 132 133
f 101 134 99
f 87 99 135
f 84 136 139
f 84 87 135
f 135 136 84
f 137 85 1
f 138 137 1
f 85 2 1
f 139 140 1
f 1 84 139
f 1 2 84
f 141 85 137
f 137 143 142
f 142 144 119
f 137 142 141
f 143 144 142
f 145 144 146
f 146 147 145
f 144 145 119
f 147 146 148
f 105 148 149
f 106 105 150
f 107 106 150
f 150 151 107
f 107 151 154
f 152 153 154
f 154 155 107
f 151 152 154
f 153 107 155
f 153 152 156
f 153 157 158
f 153 159 157
f 153 156 159
f 158 160 96
f 94 96 160
f 160 120 94
f 120 160 161
f 97 162 163
f 97 120 162
f 97 166 164
f 102 103 165
f 164 103 97
f 103 164 165
f 163 166 97
f 161 162 120
f 158 96 153
f 149 150 105
f 148 105 147
f 1 140 138
f 134 101 133
f 131 132 91
f 129 90 126
f 127 126 102
f 123 116 92
f 117 103 126
f 153 109 89
f 153 89 112
f 88 87 86
f 86 87 84
f 102 124 53
f 125 102 54
f 124 125 23
f 23 53 124
f 54 23 125
f 55 54 102
f 53 55 102
f 153 155 63
f 154 153 61
f 155 154 59
f 61 59 154
f 12 61 153
f 63 12 153
f 59 63 155
f 123 122 52
f 122 123 52
f 49 50 122
f 51 49 122
f 52 51 122
f 77 52 122
f 19 77 122
f 50 19 122
f 97 121 24
f 120 97 48
f 94 120 45
f 121 94 46
f 46 47 121
f 45 46 94
f 48 45 120
f 24 48 97
f 47 24 121
f 119 145 67
f 86 119 44
f 105 86 44
f 147 105 25
f 145 147 17
f 17 67 145
f 25 17 147
f 44 25 105
f 67 44 119
f 100 115 35
f 116 100 20
f 92 116 32
f 117 92 31
f 118 117 42
f 111 118 42
f 110 111 43
f 109 110 41
f 89 109 40
f 112 89 38
f 114 112 39
f 113 114 39
f 88 113 37
f 115 88 36
f 36 34 115
f 37 36 88
f 39 37 113
f 38 39 112
f 40 38 89
f 41 40 109
f 43 41 110
f 42 43 111
f 30 42 117
f 31 30 117
f 32 31 92
f 20 32 116
f 33 20 100
f 35 33 100
f 34 35 115
f 108 105 25
f 107 108 27
f 106 107 26
f 105 106 29
f 29 25 105
f 26 29 106
f 27 26 107
f 28 27 108
f 25 28 108
f 94 95 13
f 96 94 46
f 95 96 12
f 12 13 95
f 14 12 96
f 10 14 96
f 11 10 96
f 46 11 96
f 13 46 94
f 103 104 24
f 97 103 83
f 104 97 24
f 83 24 97
f 23 83 103
f 24 23 103
f 126 91 5
f 93 126 6
f 91 93 6
f 6 5 91
f 6 6 93
f 6 6 93
f 7 6 126
f 9 7 126
f 5 9 126
f 101 99 16
f 100 101 19
f 98 100 20
f 99 98 20
f 20 16 99
f 19 20 100
f 21 19 101
f 16 21 101
f 141 142 70
f 119 141 18
f 142 119 44
f 44 70 142
f 18 44 119
f 70 18 141
f 69 68 144
f 144 143 69
f 68 17 146
f 146 144 68
f 148 146 17
f 149 148 66
f 65 64 150
f 150 149 65
f 150 64 59
f 151 59 62
f 151 62 60
f 156 152 60
f 158 157 58
f 161 160 58
f 162 161 57
f 164 166 56
f 166 163 56
f 165 82 80
f 80 81 127
f 127 165 80
f 127 81 79
f 129 128 79
f 130 129 78
f 79 78 129
f 78 77 132
f 134 133 77
f 76 75 99
f 99 134 76
f 135 99 74
f 136 135 74
f 136 72 73
f 140 139 73
f 3 69 137
f 137 138 3
f 69 143 137
f 3 138 140
f 73 3 140
f 73 139 136
f 74 72 136
f 75 74 99
f 77 76 134
f 77 133 132
f 78 132 131
f 78 131 130
f 79 128 127
f 82 165 164
f 56 82 164
f 56 163 162
f 57 56 162
f 58 57 161
f 58 160 158
f 58 157 159
f 58 159 156
f 60 58 156
f 60 152 151
f 59 151 150
f 66 65 149
f 17 66 148
f 168 167 169
f 203 168 169
f 167 203 169
f 296 173 222
f 217 172 232
f 180 232 231
f 175 185 176
f 296 175 177
f 176 177 175
f 176 185 177
f 178 174 180
f 181 182 178
f 180 179 182
f 183 177 185
f 184 178 182
f 187 185 186
f 187 186 183
f 184 188 189
f 198 184 189
f 191 183 192
f 196 194 193
f 193 265 196
f 212 198 197
f 193 235 197
f 198 193 197
f 172 208 232
f 234 208 207
f 207 209 234
f 194 195 216
f 237 212 235
f 214 185 213
f 214 215 185
f 216 195 192
f 171 172 219
f 172 218 219
f 220 170 171
f 220 222 170
f 185 223 224
f 213 185 224
f 214 228 230
f 213 228 214
f 184 229 230
f 231 232 234
f 233 232 208
f 208 234 233
f 194 235 193
f 236 237 235
f 236 194 237
f 199 238 239
f 291 199 239
f 244 240 200
f 204 203 202
f 243 200 256
f 243 244 200
f 244 245 242
f 246 248 265
f 247 246 265
f 247 265 193
f 249 199 248
f 249 250 199
f 202 199 250
f 252 204 202
f 204 251 254
f 204 252 251
f 205 253 257
f 205 204 254
f 254 253 205
f 256 200 255
f 200 257 255
f 193 259 247
f 258 259 193
f 248 199 261
f 261 199 291
f 260 261 291
f 262 258 193
f 198 262 193
f 262 256 263
f 243 256 262
f 243 262 264
f 245 264 198
f 264 245 243
f 265 248 266
f 266 248 260
f 267 260 191
f 260 267 266
f 273 170 222
f 274 268 170
f 170 273 274
f 173 273 222
f 209 276 275
f 275 234 209
f 234 275 231
f 182 179 231
f 188 182 277
f 182 231 277
f 190 188 277
f 245 190 278
f 244 242 281
f 241 281 282
f 205 241 282
f 168 283 284
f 168 284 285
f 285 167 168
f 285 286 167
f 286 203 167
f 203 288 202
f 288 203 286
f 288 286 287
f 201 289 290
f 290 291 201
f 239 292 291
f 293 260 291
f 294 295 183
f 295 177 183
f 272 173 296
f 270 298 300
f 270 268 297
f 297 298 270
f 301 302 299
f 305 304 303
f 301 308 306
f 302 306 307
f 306 302 301
f 302 269 270
f 302 310 269
f 310 302 311
f 270 299 302
f 312 313 270
f 270 269 312
f 313 312 318
f 318 314 313
f 315 317 171
f 317 316 314
f 315 316 317
f 318 317 314
f 171 319 315
f 171 170 319
f 171 320 321
f 171 317 320
f 171 321 325
f 321 322 324
f 323 324 322
f 324 325 321
f 323 322 327
f 326 172 171
f 171 325 326
f 328 323 327
f 327 329 328
f 329 330 210
f 209 210 331
f 209 331 335
f 333 332 335
f 334 335 332
f 332 276 334
f 276 209 334
f 209 335 334
f 331 333 335
f 337 338 336
f 339 336 340
f 343 342 341
f 342 340 333
f 343 336 344
f 340 332 333
f 330 331 210
f 307 311 302
f 309 308 303
f 300 301 299
f 300 299 270
f 183 191 294
f 191 260 294
f 293 294 260
f 289 201 287
f 282 283 205
f 245 280 242
f 278 279 245
f 277 278 190
f 271 170 268
f 270 271 268
f 261 260 248
f 257 200 205
f 205 168 204
f 230 229 214
f 174 226 227
f 225 174 178
f 224 226 213
f 227 217 174
f 211 229 184
f 216 237 194
f 210 328 329
f 206 241 205
f 204 168 203
f 202 287 201
f 200 206 205
f 199 202 201
f 190 245 198
f 197 235 212
f 192 195 191
f 189 190 198
f 184 198 212
f 186 192 183
f 187 183 185
f 182 188 184
f 231 179 180
f 232 180 174
f 232 174 217
f 222 175 296
f 346 347 348
f 411 416 427
f 353 357 356
f 352 355 357
f 359 360 358
f 361 360 353
f 358 363 362
f 364 351 365
f 359 362 366
f 368 365 396
f 396 367 368
f 367 365 368
f 527 371 370
f 369 371 372
f 371 527 372
f 373 396 375
f 374 396 380
f 374 375 396
f 374 380 375
f 379 378 527
f 377 379 376
f 447 527 378
f 381 446 382
f 446 376 382
f 376 379 383
f 385 382 390
f 387 388 401
f 446 381 391
f 392 393 397
f 397 394 392
f 396 394 395
f 397 395 394
f 398 405 380
f 398 399 405
f 399 385 405
f 399 381 385
f 388 382 401
f 383 400 382
f 405 406 407
f 408 357 353
f 360 408 353
f 409 410 412
f 412 411 409
f 348 347 417
f 418 350 415
f 415 419 418
f 414 420 415
f 418 422 421
f 421 423 418
f 417 418 423
f 424 348 417
f 425 426 348
f 424 425 348
f 416 348 426
f 427 429 428
f 428 430 427
f 354 430 431
f 354 427 430
f 354 431 432
f 353 354 432
f 353 433 436
f 432 433 353
f 409 434 435
f 409 411 434
f 363 419 420
f 353 436 437
f 353 437 358
f 438 419 437
f 437 436 438
f 419 438 422
f 422 418 419
f 439 427 354
f 434 427 439
f 351 435 440
f 435 434 439
f 380 405 442
f 442 441 380
f 441 442 405
f 366 444 443
f 393 392 446
f 447 446 445
f 449 450 357
f 450 449 360
f 408 449 357
f 360 448 450
f 450 352 357
f 450 365 351
f 450 351 352
f 451 394 396
f 396 452 451
f 392 394 451
f 454 392 451
f 451 453 454
f 443 453 366
f 366 453 455
f 360 359 456
f 458 460 461
f 463 460 462
f 464 458 459
f 467 460 465
f 460 468 465
f 465 466 387
f 468 460 463
f 465 387 467
f 463 466 468
f 469 387 386
f 470 469 473
f 475 472 471
f 475 384 472
f 473 474 471
f 474 475 471
f 384 385 476
f 385 477 476
f 384 475 478
f 384 479 480
f 482 481 479
f 479 481 480
f 482 479 483
f 406 405 384
f 480 406 384
f 483 485 484
f 404 485 486
f 402 404 488
f 487 490 489
f 402 488 490
f 490 502 402
f 489 488 487
f 496 493 497
f 492 495 494
f 498 490 497
f 495 497 490
f 492 493 499
f 502 490 500
f 490 501 500
f 490 498 501
f 503 403 402
f 502 503 402
f 403 503 441
f 375 441 504
f 505 435 351
f 409 435 506
f 435 505 506
f 508 507 409
f 412 410 509
f 509 510 412
f 345 509 511
f 511 512 345
f 514 516 517
f 516 346 517
f 517 515 514
f 518 347 169
f 169 346 516
f 347 346 169
f 519 518 169
f 520 519 169
f 169 516 520
f 521 347 518
f 347 521 417
f 349 523 522
f 523 518 522
f 523 521 518
f 349 522 524
f 524 414 413
f 415 413 414
f 525 420 414
f 363 526 362
f 528 379 527
f 387 401 530
f 387 530 529
f 529 467 387
f 528 383 379
f 527 370 362
f 526 363 420
f 525 526 420
f 524 413 349
f 513 514 345
f 512 513 345
f 506 508 409
f 351 364 505
f 367 531 364
f 373 531 367
f 487 495 490
f 486 488 404
f 404 484 485
f 484 482 483
f 478 479 384
f 473 471 470
f 469 470 387
f 466 386 387
f 456 448 360
f 443 454 453
f 441 405 403
f 434 411 427
f 429 427 416
f 416 346 348
f 407 403 405
f 400 383 401
f 391 393 446
f 477 385 390
f 388 390 382
f 385 384 405
f 383 382 376
f 382 385 381
f 380 441 375
f 376 446 447
f 527 447 372
f 396 373 367
f 370 366 362
f 365 367 364
f 362 359 358
f 361 353 358
f 356 354 353
f 352 351 354
f 350 418 417
f 350 417 349
f 416 411 345
f 462 459 341
f 463 462 342
f 333 331 463
f 342 333 463
f 341 342 462
f 508 506 293
f 508 293 291
f 410 507 291
f 509 410 291
f 509 291 290
f 290 289 513
f 513 512 290
f 516 514 287
f 289 287 514
f 514 513 289
f 516 286 285
f 518 285 284
f 284 283 522
f 524 522 282
f 524 282 281
f 281 242 414
f 414 242 280
f 280 245 525
f 280 525 414
f 281 414 524
f 283 282 522
f 284 522 518
f 285 518 519
f 285 519 520
f 285 520 516
f 287 286 516
f 290 512 511
f 290 511 509
f 291 507 508
f 531 373 295
f 364 531 295
f 295 294 364
f 505 364 294
f 506 505 294
f 294 293 506
f 503 502 300
f 300 298 503
f 495 487 307
f 494 495 307
f 307 303 494
f 311 307 487
f 310 311 487
f 278 277 527
f 527 362 278
f 279 278 362
f 362 526 279
f 245 279 526
f 526 525 245
f 402 403 271
f 271 270 402
f 403 407 271
f 406 480 319
f 407 406 271
f 170 271 406
f 319 170 406
f 315 319 480
f 313 314 482
f 482 484 313
f 481 482 314
f 480 481 316
f 316 315 480
f 314 316 481
f 484 404 313
f 404 402 270
f 270 313 404
f 178 184 372
f 444 372 184
f 372 447 178
f 445 446 174
f 447 445 225
f 225 178 447
f 174 225 445
f 446 392 226
f 226 174 446
f 392 454 213
f 213 226 392
f 228 213 454
f 230 228 454
f 454 443 230
f 443 444 184
f 184 230 443
f 381 399 219
f 218 217 381
f 219 218 381
f 399 398 171
f 220 171 398
f 171 219 399
f 398 380 222
f 222 220 398
f 221 222 380
f 185 175 380
f 380 396 185
f 175 221 380
f 395 397 224
f 396 395 223
f 223 185 396
f 224 223 395
f 227 393 391
f 393 227 226
f 393 226 224
f 217 227 391
f 224 397 393
f 391 381 217
f 450 448 237
f 237 216 450
f 448 456 237
f 359 455 211
f 456 359 212
f 212 237 456
f 211 212 359
f 451 214 229
f 229 453 451
f 455 453 229
f 229 211 455
f 451 452 215
f 215 214 451
f 452 365 186
f 186 215 452
f 192 186 365
f 365 450 216
f 216 192 365
f 472 384 325
f 471 472 324
f 324 323 471
f 325 324 472
f 477 390 208
f 476 477 172
f 384 476 326
f 326 325 384
f 172 326 476
f 208 172 477
f 207 208 390
f 388 387 209
f 390 388 207
f 209 207 388
f 389 387 210
f 387 389 210
f 210 209 387
f 471 323 328
f 328 387 470
f 387 328 210
f 328 470 471
f 296 177 373
f 177 295 373
f 272 296 375
f 297 268 503
f 441 503 268
f 268 272 441
f 504 441 272
f 298 297 503
f 375 504 272
f 373 375 296
f 275 276 530
f 231 275 401
f 530 401 275
f 277 231 527
f 528 527 231
f 383 528 231
f 401 383 231
f 529 530 276
f 343 459 458
f 337 458 457
f 338 457 458
f 336 458 461
f 336 461 460
f 460 340 336
f 458 336 338
f 457 338 337
f 458 337 343
f 459 343 341
f 460 467 332
f 332 340 460
f 301 497 493
f 308 493 492
f 305 492 491
f 304 491 492
f 303 492 494
f 492 303 304
f 491 304 305
f 492 305 308
f 493 308 301
f 301 498 497
f 301 501 498
f 474 473 327
f 475 474 322
f 478 475 321
f 322 321 475
f 327 322 474
f 312 485 483
f 483 318 312
f 317 318 483
f 478 320 317
f 321 320 478
f 317 479 478
f 483 479 317
f 276 467 529
f 467 276 332
f 300 502 500
f 500 301 300
f 301 500 501
f 386 330 329
f 329 469 386
f 469 329 327
f 327 473 469
f 330 386 466
f 466 331 330
f 466 463 331
f 487 488 269
f 269 310 487
f 312 269 488
f 486 485 312
f 488 486 312
f 435 439 266
f 440 435 267
f 354 440 191
f 439 354 265
f 265 266 439
f 195 265 354
f 191 195 354
f 267 191 440
f 266 267 435
f 437 419 262
f 358 437 262
f 363 358 198
f 419 363 198
f 264 262 419
f 198 264 419
f 262 198 358
f 435 434 261
f 434 435 260
f 260 261 434
f 261 260 435
f 354 356 196
f 355 354 265
f 357 355 195
f 356 357 196
f 194 196 357
f 195 194 357
f 265 195 355
f 196 265 354
f 360 361 235
f 358 360 197
f 361 358 197
f 235 197 360
f 197 235 361
f 426 425 251
f 416 426 252
f 202 250 429
f 429 416 202
f 428 429 250
f 430 428 249
f 431 430 248
f 432 431 246
f 433 432 247
f 436 433 259
f 438 436 258
f 422 438 262
f 421 422 256
f 423 421 255
f 417 423 257
f 424 417 253
f 425 424 254
f 254 251 425
f 253 254 424
f 257 253 417
f 255 257 423
f 256 255 421
f 263 256 422
f 262 263 422
f 258 262 438
f 259 258 436
f 247 259 433
f 246 247 432
f 248 246 431
f 249 248 430
f 250 249 428
f 252 202 416
f 251 252 426
f 489 490 310
f 488 489 310
f 490 488 302
f 310 302 488
f 302 310 490
f 496 497 306
f 493 496 306
f 499 493 308
f 492 499 309
f 495 492 303
f 497 495 307
f 307 306 497
f 303 307 495
f 309 303 492
f 308 309 499
f 306 308 493
f 462 460 340
f 459 462 342
f 464 459 343
f 458 464 344
f 460 458 336
f 339 340 460
f 336 339 460
f 344 336 458
f 343 344 464
f 342 343 459
f 340 342 462
f 466 465 335
f 468 466 335
f 465 468 335
f 335 334 465
f 334 335 465
f 419 415 243
f 420 419 243
f 415 420 245
f 245 244 415
f 243 245 420
f 244 243 415
f 521 523 168
f 417 521 168
f 349 417 205
f 523 349 283
f 283 168 523
f 205 283 349
f 168 205 417
f 515 517 288
f 345 515 287
f 416 345 287
f 346 416 202
f 517 346 288
f 202 288 346
f 287 202 416
f 288 287 515
f 349 413 281
f 350 349 241
f 415 350 240
f 413 415 244
f 244 281 413
f 240 244 415
f 206 240 350
f 241 206 350
f 281 241 349
f 412 510 292
f 411 412 239
f 345 411 201
f 510 345 201
f 238 201 411
f 239 238 411
f 292 239 412
f 201 292 510
f 449 408 194
f 360 449 194
f 408 360 235
f 236 235 360
f 194 236 360
f 235 194 408
f 401 382 233
f 400 401 234
f 382 400 234
f 233 234 401
f 232 233 382
f 234 232 382
f 441 442 173
f 442 441 274
f 273 173 442
f 274 273 442
f 268 274 441
f 272 268 441
f 173 272 441
f 366 370 190
f 369 366 189
f 371 369 189
f 370 371 188
f 188 190 370
f 189 188 371
f 190 189 366
f 447 378 182
f 377 447 180
f 379 377 180
f 378 379 182
f 180 182 379
f 181 180 447
f 182 181 447
f 374 375 177
f 375 374 176
f 177 176 374
f 176 177 375
f 367 368 187
f 368 367 187
f 183 187 367
f 187 183 367
f 533 532 536
f 533 536 534
f 534 536 537
f 534 537 535
f 536 532 538
f 536 538 537
f 537 538 539
f 537 539 535
f 538 532 540
f 538 540 539
f 539 540 541
f 539 541 535
f 540 532 542
f 540 542 541
f 541 542 543
f 541 543 535
f 542 532 544
f 542 544 543
f 543 544 545
f 543 545 535
f 544 532 546
f 544 546 545
f 545 546 547
f 545 547 535
f 546 532 548
f 546 548 547
f 547 548 549
f 547 549 535
f 548 532 550
f 548 550 549
f 549 550 551
f 549 551 535
f 550 532 552
f 550 552 551
f 551 552 553
f 551 553 535
f 552 532 554
f 552 554 553
f 553 554 555
f 553 555 535
f 554 532 556
f 554 556 555
f 555 556 557
f 555 557 535
f 556 532 558
f 556 558 557
f 557 558 559
f 557 559 535
f 558 532 560
f 558 560 559
f 559 560 561
f 559 561 535
f 560 532 562
f 560 562 561
f 561 562 563
f 561 563 535
f 562 532 564
f 562 564 563
f 563 564 565
f 563 565 535
f 564 532 566
f 564 566 565
f 565 566 567
f 565 567 535
f 566 532 568
f 566 568 567
f 567 568 569
f 567 569 535
f 568 532 570
f 568 570 569
f 569 570 571
f 569 571 535
f 570 532 572
f 570 572 571
f 571 572 573
f 571 573 535
f 572 532 574
f 572 574 573
f 573 574 575
f 573 575 535
f 574 532 576
f 574 576 575
f 575 576 577
f 575 577 535
f 576 532 578
f 576 578 577
f 577 578 579
f 577 579 535
f 578 532 580
f 578 580 579
f 579 580 581
f 579 581 535
f 580 532 582
f 580 582 581
f 581 582 583
f 581 583 535
f 582 532 584
f 582 584 583
f 583 584 585
f 583 585 535
f 584 532 586
f 584 586 585
f 585 586 587
f 585 587 535
f 586 532 588
f 586 588 587
f 587 588 589
f 587 589 535
f 588 532 590
f 588 590 589
f 589 590 591
f 589 591 535
f 590 532 592
f 590 592 591
f 591 592 593
f 591 593 535
f 592 532 594
f 592 594 593
f 593 594 595
f 593 595 535
f 594 532 596
f 594 596 595
f 595 596 597
f 595 597 535
f 596 532 533
f 596 533 597
f 597 533 534
f 597 534 535
f 600 598 599
f 651 600 599
f 598 651 599
f 605 610 607
f 611 730 612
f 659 612 613
f 614 616 615
f 615 617 614
f 615 616 618
f 810 618 620
f 787 617 615
f 623 790 622
f 623 624 790
f 623 622 624
f 625 628 627
f 626 628 625
f 673 624 622
f 629 673 630
f 633 634 631
f 631 632 633
f 794 635 638
f 636 794 638
f 639 638 635
f 644 697 792
f 700 794 636
f 645 642 641
f 641 643 645
f 647 646 648
f 648 666 647
f 648 646 666
f 627 805 653
f 625 627 692
f 627 653 692
f 991 655 656
f 787 663 662
f 662 617 787
f 662 664 617
f 787 621 663
f 660 659 613
f 771 666 665
f 763 651 598
f 598 600 763
f 650 879 667
f 667 773 650
f 669 670 668
f 669 672 632
f 672 673 629
f 657 675 611
f 675 657 656
f 676 680 677
f 681 682 676
f 679 680 678
f 677 681 676
f 681 679 682
f 678 683 722
f 680 683 678
f 684 685 603
f 686 601 685
f 604 601 686
f 605 604 686
f 609 605 687
f 605 688 687
f 609 689 608
f 691 810 690
f 626 625 692
f 646 694 695
f 666 646 695
f 671 696 670
f 643 706 696
f 696 706 670
f 644 643 696
f 696 697 644
f 697 671 632
f 698 640 699
f 698 699 700
f 699 640 700
f 694 646 701
f 701 646 647
f 694 701 700
f 706 649 702
f 702 649 668
f 670 702 668
f 703 706 643
f 641 703 643
f 704 649 706
f 704 705 649
f 768 649 705
f 708 652 768
f 652 707 710
f 652 708 707
f 760 652 710
f 711 715 647
f 647 712 711
f 716 698 713
f 713 701 714
f 700 713 698
f 714 716 713
f 701 647 715
f 715 714 701
f 641 698 717
f 716 717 698
f 606 718 604
f 601 604 718
f 603 601 718
f 684 603 718
f 719 721 684
f 723 678 722
f 721 723 684
f 721 720 724
f 678 723 725
f 725 721 724
f 726 684 723
f 722 726 723
f 727 679 678
f 725 727 678
f 727 728 679
f 731 730 729
f 733 732 729
f 731 732 612
f 731 612 730
f 732 734 612
f 734 613 612
f 614 734 735
f 616 614 735
f 736 737 618
f 738 620 741
f 741 740 738
f 620 618 741
f 618 739 741
f 740 739 742
f 742 738 740
f 738 745 620
f 745 743 751
f 756 751 746
f 751 743 746
f 745 738 747
f 744 747 738
f 748 756 746
f 754 752 689
f 749 751 750
f 754 753 752
f 749 750 754
f 751 756 755
f 755 756 752
f 752 753 755
f 754 689 749
f 755 750 751
f 752 757 689
f 758 607 608
f 608 757 758
f 771 761 760
f 763 600 764
f 763 764 761
f 761 762 763
f 760 764 652
f 651 766 768
f 766 651 763
f 767 763 765
f 767 766 763
f 652 651 768
f 772 771 760
f 760 647 772
f 647 666 769
f 769 772 647
f 775 773 668
f 649 774 775
f 668 649 775
f 640 698 776
f 642 776 641
f 776 698 641
f 792 640 642
f 640 776 642
f 655 777 656
f 779 621 790
f 778 655 621
f 790 674 779
f 621 779 778
f 674 777 779
f 693 637 782
f 782 637 635
f 628 626 780
f 693 782 780
f 780 626 693
f 781 784 628
f 804 627 786
f 784 785 628
f 788 621 787
f 788 790 621
f 630 791 1001
f 795 630 1001
f 793 782 635
f 795 796 782
f 795 866 630
f 798 697 631
f 798 792 697
f 804 615 799
f 615 619 800
f 615 801 799
f 802 801 615
f 800 803 615
f 803 802 615
f 805 806 653
f 691 653 806
f 806 807 691
f 811 800 619
f 871 795 782
f 871 782 812
f 793 812 782
f 1001 783 795
f 786 787 804
f 783 796 795
f 781 783 784
f 764 600 652
f 757 608 689
f 737 739 618
f 616 736 618
f 734 614 613
f 730 679 729
f 728 729 679
f 718 719 684
f 709 647 760
f 702 670 706
f 636 695 694
f 693 636 637
f 692 653 691
f 686 688 605
f 682 679 730
f 629 632 672
f 632 671 669
f 671 670 669
f 879 650 765
f 665 761 771
f 661 621 655
f 991 661 655
f 652 600 651
f 768 765 650
f 649 768 650
f 636 694 700
f 794 700 640
f 792 642 644
f 631 697 632
f 630 634 629
f 622 630 673
f 624 674 790
f 805 627 804
f 615 804 787
f 620 690 810
f 618 810 619
f 618 619 615
f 614 617 664
f 614 664 613
f 612 659 657
f 612 657 611
f 605 607 606
f 605 606 604
f 814 975 815
f 987 981 816
f 818 820 821
f 819 818 821
f 817 819 821
f 820 817 821
f 822 827 826
f 823 825 827
f 823 827 829
f 989 887 830
f 833 863 831
f 832 833 831
f 833 832 837
f 835 836 834
f 836 835 830
f 836 830 888
f 832 831 1000
f 839 1000 789
f 789 996 839
f 838 839 996
f 839 838 1000
f 1003 842 843
f 840 843 841
f 843 842 841
f 843 840 1003
f 994 844 845
f 844 1003 846
f 908 991 961
f 991 847 848
f 852 848 849
f 850 848 852
f 851 853 955
f 853 1006 854
f 898 858 897
f 858 861 859
f 862 828 829
f 862 863 828
f 864 865 1000
f 1000 866 864
f 867 865 864
f 871 830 835
f 829 830 868
f 835 834 869
f 869 870 871
f 869 871 835
f 872 867 871
f 842 1013 873
f 869 841 780
f 780 841 842
f 874 846 1003
f 840 874 1003
f 877 912 876
f 813 876 878
f 880 975 599
f 599 814 980
f 975 814 599
f 881 880 599
f 882 881 599
f 599 980 882
f 884 983 883
f 885 886 817
f 886 819 817
f 834 888 889
f 889 841 869
f 890 840 841
f 891 874 875
f 892 1006 891
f 952 892 893
f 894 895 860
f 896 859 895
f 855 899 857
f 857 900 856
f 722 901 903
f 904 905 906
f 905 903 906
f 909 991 908
f 838 996 910
f 911 914 828
f 877 923 912
f 823 828 913
f 913 824 823
f 913 816 824
f 913 914 816
f 828 915 913
f 828 914 915
f 818 819 917
f 916 917 819
f 921 916 819
f 920 989 918
f 887 920 919
f 887 989 920
f 918 919 920
f 919 921 887
f 816 914 922
f 914 923 922
f 877 922 923
f 877 987 922
f 919 918 917
f 925 818 917
f 924 820 818
f 818 925 924
f 926 815 982
f 927 928 815
f 926 927 815
f 981 815 928
f 816 930 929
f 929 931 816
f 824 932 933
f 824 816 932
f 824 933 934
f 934 822 824
f 918 822 935
f 934 935 822
f 860 858 937
f 894 860 937
f 938 941 894
f 939 942 944
f 941 942 894
f 944 943 939
f 944 941 940
f 939 894 942
f 945 943 949
f 948 939 945
f 948 946 950
f 945 939 943
f 946 947 950
f 947 952 950
f 953 952 947
f 953 947 951
f 951 854 952
f 854 951 954
f 848 850 956
f 850 955 956
f 958 959 848
f 961 848 960
f 964 907 962
f 963 964 962
f 907 961 962
f 962 960 963
f 964 902 907
f 903 902 965
f 903 965 970
f 964 965 902
f 722 903 967
f 969 970 966
f 966 968 969
f 722 967 971
f 969 967 903
f 969 903 970
f 971 966 973
f 974 855 856
f 898 974 858
f 976 884 883
f 976 975 884
f 975 880 884
f 815 975 982
f 980 814 979
f 981 979 814
f 979 978 977
f 984 983 817
f 984 820 982
f 984 817 820
f 877 876 985
f 985 987 877
f 822 918 988
f 827 822 988
f 989 988 918
f 829 827 989
f 988 989 827
f 909 910 990
f 990 991 909
f 848 847 660
f 849 848 993
f 845 849 992
f 992 994 845
f 993 992 849
f 789 995 996
f 997 996 995
f 910 997 995
f 873 1013 998
f 867 872 998
f 867 998 1001
f 1001 865 867
f 1000 865 999
f 1001 999 865
f 1002 994 789
f 1002 844 994
f 1003 1013 842
f 853 1004 1005
f 1007 874 891
f 846 874 1010
f 874 1009 1010
f 845 1012 1011
f 1011 851 845
f 1011 1004 851
f 845 846 1012
f 1004 853 851
f 1007 1009 874
f 995 990 910
f 660 993 848
f 981 814 815
f 976 883 982
f 974 898 855
f 974 856 972
f 971 973 972
f 959 960 848
f 957 958 848
f 956 957 848
f 937 938 894
f 936 937 858
f 930 816 981
f 922 987 816
f 914 911 923
f 907 902 904
f 901 906 903
f 900 971 972
f 900 972 856
f 899 855 898
f 893 950 952
f 892 952 1006
f 890 875 840
f 889 869 834
f 879 977 813
f 878 879 813
f 870 872 871
f 864 871 867
f 868 862 829
f 859 897 858
f 952 854 1006
f 854 954 853
f 954 955 853
f 955 850 851
f 848 961 991
f 961 907 908
f 851 849 845
f 846 845 844
f 994 995 789
f 1000 838 837
f 1000 837 832
f 833 837 863
f 888 830 887
f 830 829 989
f 829 828 823
f 863 837 828
f 826 824 822
f 981 987 813
f 912 669 668
f 668 773 876
f 876 773 667
f 879 878 667
f 979 977 765
f 879 765 977
f 880 763 762
f 762 761 884
f 884 665 666
f 885 983 666
f 885 666 695
f 695 886 885
f 666 983 884
f 761 665 884
f 762 884 880
f 763 880 881
f 763 881 882
f 763 882 980
f 763 980 979
f 765 763 979
f 667 878 876
f 668 876 912
f 837 838 673
f 673 672 837
f 828 837 672
f 911 828 672
f 672 669 911
f 923 911 669
f 912 923 669
f 682 730 907
f 907 730 611
f 611 908 907
f 676 682 904
f 907 904 682
f 950 745 751
f 939 948 751
f 939 751 749
f 749 689 894
f 895 894 689
f 896 895 687
f 609 687 895
f 689 609 895
f 897 859 688
f 687 688 859
f 859 896 687
f 898 897 688
f 899 898 686
f 900 857 685
f 686 685 857
f 685 684 900
f 971 900 684
f 722 971 726
f 901 683 680
f 906 901 680
f 906 680 676
f 676 904 906
f 683 901 722
f 684 726 971
f 686 857 899
f 688 686 898
f 749 894 939
f 751 948 950
f 620 745 950
f 690 620 950
f 950 893 690
f 889 693 626
f 636 693 889
f 889 888 636
f 888 887 636
f 695 636 887
f 887 921 695
f 921 819 695
f 819 886 695
f 990 661 991
f 661 990 995
f 995 994 621
f 621 661 995
f 663 621 994
f 662 663 994
f 994 992 662
f 992 993 662
f 664 662 993
f 660 613 993
f 993 613 664
f 658 991 657
f 847 991 659
f 660 847 659
f 657 659 991
f 658 657 991
f 654 657 991
f 780 782 869
f 842 873 781
f 780 842 628
f 781 628 842
f 783 781 873
f 873 998 783
f 998 872 783
f 796 783 872
f 782 796 872
f 872 870 782
f 870 869 782
f 1003 844 786
f 627 785 1003
f 786 627 1003
f 788 787 844
f 787 786 844
f 1002 789 790
f 844 1002 788
f 790 788 1002
f 630 622 1000
f 1000 999 791
f 791 630 1000
f 1001 791 999
f 998 784 783
f 784 998 1013
f 1003 785 784
f 998 783 1001
f 784 1013 1003
f 862 868 640
f 640 792 862
f 868 830 794
f 794 640 868
f 793 794 830
f 793 830 871
f 871 812 793
f 795 871 864
f 866 795 864
f 831 863 631
f 866 831 634
f 634 797 866
f 631 634 831
f 863 862 798
f 798 631 863
f 792 798 862
f 1004 1011 803
f 803 800 1004
f 802 803 1011
f 801 802 1011
f 799 801 1011
f 1012 804 799
f 799 1011 1012
f 1010 1009 806
f 846 1010 805
f 1012 846 805
f 805 804 1012
f 806 805 1010
f 1007 807 806
f 806 1009 1007
f 853 1005 811
f 1006 853 619
f 1008 1006 810
f 1006 1008 809
f 1007 1006 810
f 810 807 1007
f 809 810 1006
f 810 809 1008
f 808 810 1006
f 619 808 1006
f 811 619 853
f 800 811 1005
f 1005 1004 800
f 674 624 838
f 624 673 838
f 675 656 909
f 910 909 656
f 656 777 910
f 777 674 910
f 611 675 908
f 909 908 675
f 838 910 674
f 893 892 690
f 891 875 692
f 692 691 891
f 892 891 691
f 691 690 892
f 890 841 626
f 626 692 890
f 841 889 626
f 875 890 692
f 915 914 671
f 913 915 671
f 914 913 696
f 697 696 913
f 671 697 913
f 696 671 914
f 919 917 701
f 921 919 700
f 916 921 701
f 917 916 701
f 700 701 921
f 713 700 919
f 701 713 919
f 923 922 702
f 922 923 670
f 670 702 922
f 702 670 923
f 824 826 645
f 825 824 643
f 827 825 644
f 826 827 645
f 642 645 827
f 644 642 827
f 643 644 825
f 645 643 824
f 919 920 700
f 920 919 700
f 699 700 920
f 700 699 920
f 928 927 707
f 981 928 708
f 768 705 930
f 930 981 768
f 929 930 705
f 931 929 704
f 932 931 706
f 933 932 706
f 934 933 703
f 935 934 641
f 918 935 717
f 917 918 716
f 925 917 714
f 924 925 715
f 820 924 711
f 982 820 709
f 926 982 760
f 927 926 710
f 710 707 927
f 760 710 926
f 709 760 982
f 712 709 820
f 711 712 820
f 715 711 924
f 714 715 925
f 716 714 917
f 717 716 918
f 641 717 935
f 703 641 934
f 706 703 933
f 704 706 931
f 705 704 929
f 708 768 981
f 707 708 928
f 957 956 735
f 958 957 734
f 959 958 734
f 960 959 734
f 963 960 732
f 964 963 729
f 965 964 728
f 970 965 727
f 966 970 725
f 720 721 966
f 973 966 721
f 972 973 719
f 974 972 718
f 858 974 718
f 759 858 606
f 759 607 858
f 936 858 607
f 937 936 758
f 758 757 937
f 938 937 757
f 941 938 752
f 940 941 752
f 944 940 752
f 943 944 756
f 949 943 756
f 945 949 748
f 946 945 746
f 947 946 744
f 744 738 947
f 951 947 742
f 954 951 739
f 742 739 951
f 955 954 737
f 956 955 616
f 616 735 956
f 736 616 955
f 737 736 955
f 739 737 954
f 738 742 947
f 746 744 946
f 748 746 945
f 756 748 949
f 752 756 944
f 757 752 938
f 607 758 936
f 718 606 858
f 719 718 972
f 721 719 973
f 724 720 966
f 725 724 966
f 727 725 970
f 728 727 965
f 729 728 964
f 733 729 963
f 732 733 963
f 734 732 960
f 735 734 957
f 852 849 614
f 850 852 615
f 851 850 615
f 849 851 615
f 615 614 849
f 614 615 852
f 960 962 729
f 961 960 732
f 962 961 732
f 732 731 962
f 729 732 960
f 731 729 962
f 905 904 677
f 903 905 680
f 902 903 679
f 904 902 679
f 679 681 904
f 680 679 903
f 677 680 905
f 681 677 904
f 967 969 725
f 971 967 723
f 966 971 723
f 968 966 721
f 969 968 721
f 721 725 969
f 723 721 966
f 725 723 967
f 857 856 603
f 855 857 685
f 856 855 601
f 601 602 856
f 601 601 855
f 601 601 855
f 685 601 855
f 603 685 857
f 602 603 856
f 859 861 610
f 895 859 609
f 860 895 609
f 861 860 608
f 608 610 861
f 609 608 860
f 605 609 859
f 610 605 859
f 941 944 755
f 942 941 754
f 944 942 750
f 750 755 944
f 754 750 942
f 753 754 941
f 755 753 941
f 945 946 744
f 948 945 746
f 946 948 745
f 745 747 946
f 743 745 948
f 746 743 948
f 744 746 945
f 747 744 946
f 953 951 739
f 952 953 740
f 951 952 741
f 740 741 952
f 739 740 953
f 741 739 951
f 819 821 646
f 821 819 646
f 646 648 821
f 648 646 821
f 982 975 764
f 976 982 760
f 975 976 760
f 760 761 975
f 764 760 982
f 761 764 975
f 978 979 767
f 813 978 765
f 981 813 765
f 979 981 768
f 766 767 979
f 768 766 979
f 765 768 981
f 767 765 978
f 982 883 771
f 984 982 772
f 983 984 769
f 883 983 666
f 666 770 883
f 769 666 983
f 772 769 984
f 771 772 982
f 770 771 883
f 876 986 650
f 985 876 773
f 987 985 775
f 813 987 650
f 986 813 650
f 774 650 987
f 775 774 987
f 773 775 985
f 650 773 876
f 989 988 642
f 988 989 776
f 642 776 989
f 776 642 988
f 910 996 777
f 997 910 778
f 996 997 779
f 778 779 997
f 655 778 910
f 777 655 910
f 779 777 996
f 874 840 692
f 875 874 653
f 840 875 692
f 653 692 875
f 692 653 874
f 834 836 638
f 888 834 637
f 836 888 636
f 636 638 836
f 637 636 888
f 639 637 834
f 638 639 834
f 841 843 625
f 843 841 626
f 626 625 843
f 625 626 841
f 839 838 624
f 838 839 623
f 624 623 839
f 623 624 838
f 831 833 632
f 833 831 634
f 634 633 833
f 629 634 831
f 632 629 831
f 633 632 833
f 1014 1021 1020
f 1017 1014 1015
f 1021 1017 1018
f 1019 1020 1021
f 1018 1019 1021
f 1016 1018 1017
f 1015 1016 1017
f 1020 1015 1014
f 1021 1014 1024
f 1014 1017 1023
f 1017 1021 1022
f 1016 1015 1025
f 1030 1026 1027
f 1031 1027 1032
f 1035 1033 1078
f 1037 1038 1085
f 1039 1080 1040
f 1091 1041 1042
f 1043 1039 1113
f 1032 1033 1049
f 1049 1050 1032
f 1033 1051 1049
f 1196 1031 1032
f 1031 1052 1030
f 1057 1058 1056
f 1060 1038 1059
f 1036 1056 1063
f 1063 1061 1036
f 1040 1064 1231
f 1065 1040 1231
f 1231 1066 1065
f 1041 1066 1067
f 1067 1068 1041
f 1041 1068 1069
f 1070 1221 1038
f 1059 1038 1071
f 1038 1221 1071
f 1071 1072 1059
f 1073 1058 1059
f 1056 1074 1063
f 1058 1073 1074
f 1074 1056 1058
f 1077 1026 1030
f 1075 1076 1026
f 1034 1077 1030
f 1026 1077 1075
f 1033 1029 1078
f 1029 1141 1143
f 1062 1040 1313
f 1062 1313 1079
f 1040 1080 1313
f 1034 1053 1081
f 1082 1053 1036
f 1079 1134 1082
f 1082 1081 1053
f 1036 1079 1082
f 1084 1038 1035
f 1083 1085 1038
f 1038 1084 1083
f 1148 1084 1035
f 1021 1041 1037
f 1037 1022 1021
f 1037 1017 1022
f 1042 1021 1024
f 1021 1042 1041
f 1037 1085 1017
f 1045 1091 1086
f 1090 1092 1091
f 1105 1095 1094
f 1095 1105 1089
f 1089 1087 1095
f 1041 1100 1098
f 1041 1102 1100
f 1098 1099 1041
f 1101 1102 1041
f 1087 1089 1106
f 1106 1159 1087
f 1111 1108 1040
f 1040 1065 1111
f 1065 1112 1111
f 1110 1112 1065
f 1194 1127 1115
f 1117 1116 1113
f 1129 1043 1119
f 1127 1128 1121
f 1128 1120 1121
f 1122 1123 1065
f 1041 1124 1373
f 1122 1065 1041
f 1373 1122 1041
f 1123 1044 1065
f 1041 1103 1124
f 1103 1044 1124
f 1123 1124 1044
f 1194 1125 1127
f 1194 1170 1125
f 1129 1130 1080
f 1314 1130 1131
f 1314 1080 1130
f 1131 1079 1314
f 1131 1132 1079
f 1133 1034 1081
f 1135 1134 1132
f 1081 1135 1133
f 1135 1132 1133
f 1034 1133 1136
f 1075 1137 1138
f 1075 1138 1278
f 1026 1076 1140
f 1029 1028 1251
f 1251 1141 1029
f 1251 1250 1141
f 1078 1142 1144
f 1142 1143 1144
f 1148 1078 1145
f 1078 1144 1145
f 1149 1147 1146
f 1149 1148 1147
f 1146 1085 1083
f 1083 1149 1146
f 1146 1150 1023
f 1150 1014 1023
f 1150 1042 1014
f 1023 1017 1146
f 1046 1042 1150
f 1090 1046 1150
f 1105 1151 1153
f 1105 1152 1151
f 1152 1105 1090
f 1105 1155 1345
f 1154 1156 1155
f 1159 1106 1156
f 1259 1158 1165
f 1163 1166 1159
f 1163 1259 1165
f 1160 1165 1158
f 1168 1176 1161
f 1161 1158 1168
f 1174 1173 1169
f 1174 1257 1175
f 1170 1178 1125
f 1178 1170 1179
f 1182 1183 1128
f 1128 1184 1185
f 1129 1128 1186
f 1185 1186 1128
f 1159 1195 1187
f 1195 1159 1161
f 1189 1045 1086
f 1086 1087 1188
f 1103 1045 1190
f 1087 1420 1188
f 1188 1189 1086
f 1189 1190 1045
f 1087 1187 1420
f 1044 1103 1190
f 1115 1418 1191
f 1191 1417 1115
f 1417 1194 1115
f 1113 1192 1418
f 1115 1117 1418
f 1192 1113 1044
f 1117 1113 1418
f 1176 1170 1193
f 1194 1193 1170
f 1195 1161 1176
f 1193 1195 1176
f 1190 1192 1044
f 1187 1087 1159
f 1183 1184 1128
f 1168 1169 1176
f 1157 1159 1156
f 1017 1085 1146
f 1145 1147 1148
f 1139 1140 1076
f 1136 1137 1034
f 1134 1079 1132
f 1080 1039 1129
f 1121 1115 1127
f 1116 1043 1113
f 1059 1072 1073
f 1055 1056 1036
f 1050 1196 1032
f 1046 1090 1091
f 1039 1043 1129
f 1042 1046 1091
f 1041 1091 1045
f 1040 1113 1039
f 1036 1062 1079
f 1078 1148 1035
f 1030 1053 1034
f 1029 1033 1032
f 1027 1031 1030
f 1028 1029 1032
f 1028 1032 1027
f 1057 1056 1055
f 1057 1198 1058
f 1200 1209 1054
f 1208 1200 1052
f 1201 1208 1031
f 1202 1201 1031
f 1031 1196 1202
f 1052 1031 1208
f 1054 1052 1200
f 1199 1054 1209
f 1198 1203 1059
f 1059 1058 1198
f 1197 1055 1204
f 1055 1197 1205
f 1057 1055 1206
f 1198 1057 1206
f 1206 1215 1198
f 1205 1206 1055
f 1204 1205 1197
f 1199 1204 1055
f 1218 1202 1196
f 1196 1050 1218
f 1060 1059 1203
f 1060 1047 1038
f 1212 1246 1047
f 1213 1212 1047
f 1214 1213 1060
f 1215 1214 1060
f 1060 1203 1215
f 1047 1060 1213
f 1210 1047 1212
f 1047 1210 1212
f 1211 1047 1246
f 1051 1048 1217
f 1049 1051 1217
f 1050 1049 1218
f 1219 1218 1049
f 1217 1219 1049
f 1216 1217 1048
f 1211 1216 1048
f 1067 1066 1232
f 1068 1067 1232
f 1069 1068 1223
f 1223 1224 1069
f 1222 1223 1068
f 1232 1222 1068
f 1225 1470 1072
f 1226 1225 1071
f 1227 1226 1221
f 1228 1227 1221
f 1229 1228 1070
f 1221 1070 1228
f 1071 1221 1226
f 1072 1071 1225
f 1074 1073 1233
f 1063 1074 1235
f 1061 1063 1238
f 1238 1248 1061
f 1237 1238 1063
f 1236 1237 1063
f 1235 1236 1063
f 1234 1235 1074
f 1233 1234 1074
f 1239 1232 1231
f 1240 1239 1231
f 1241 1240 1231
f 1242 1241 1231
f 1231 1064 1242
f 1230 1231 1240
f 1231 1230 1240
f 1066 1231 1232
f 1215 1206 1244
f 1206 1205 1204
f 1244 1245 1215
f 1214 1215 1245
f 1228 1213 1227
f 1226 1227 1213
f 1240 1241 1242
f 1237 1248 1238
f 1237 1236 1235
f 1252 1253 1145
f 1254 1252 1144
f 1255 1254 1143
f 1144 1143 1254
f 1145 1144 1252
f 1256 1182 1180
f 1256 1180 1181
f 1179 1181 1180
f 1257 1179 1170
f 1258 1174 1169
f 1260 1163 1159
f 1159 1157 1260
f 1156 1154 1157
f 1261 1154 1155
f 1105 1153 1155
f 1174 1258 1257
f 1170 1175 1257
f 1182 1256 1183
f 1139 1027 1026
f 1139 1251 1028
f 1028 1027 1139
f 1026 1140 1139
f 1255 1143 1141
f 1280 1141 1250
f 1262 1250 1251
f 1251 1264 1263
f 1251 1263 1262
f 1250 1262 1280
f 1141 1280 1255
f 1152 1265 1266
f 1153 1266 1267
f 1153 1267 1268
f 1155 1268 1269
f 1154 1269 1270
f 1154 1270 1271
f 1259 1271 1272
f 1168 1272 1273
f 1169 1273 1296
f 1257 1296 1297
f 1179 1297 1274
f 1181 1274 1299
f 1256 1299 1275
f 1183 1275 1276
f 1183 1276 1301
f 1185 1301 1277
f 1277 1186 1185
f 1301 1185 1184
f 1301 1184 1183
f 1275 1183 1256
f 1299 1256 1181
f 1274 1181 1179
f 1297 1179 1257
f 1296 1257 1258
f 1296 1258 1169
f 1273 1169 1168
f 1272 1168 1158
f 1272 1158 1259
f 1271 1259 1163
f 1271 1163 1260
f 1271 1260 1157
f 1271 1157 1154
f 1269 1154 1261
f 1269 1261 1155
f 1268 1155 1153
f 1266 1153 1151
f 1266 1151 1152
f 1278 1076 1075
f 1279 1264 1251
f 1251 1139 1279
f 1282 1281 1138
f 1283 1282 1137
f 1137 1136 1283
f 1138 1137 1282
f 1284 1139 1076
f 1285 1076 1278
f 1286 1278 1138
f 1138 1281 1286
f 1278 1286 1285
f 1076 1285 1284
f 1139 1284 1279
f 1287 1279 1284
f 1269 1292 1270
f 1293 1271 1270
f 1271 1295 1272
f 1620 1274 1297
f 1298 1299 1274
f 1077 1034 1307
f 1075 1077 1307
f 1137 1075 1308
f 1034 1137 1306
f 1309 1306 1137
f 1308 1309 1137
f 1307 1308 1075
f 1306 1307 1034
f 1142 1078 1310
f 1143 1142 1310
f 1029 1143 1311
f 1078 1029 1311
f 1312 1310 1078
f 1311 1312 1078
f 1310 1311 1143
f 1313 1315 1079
f 1315 1313 1316
f 1079 1315 1317
f 1314 1079 1317
f 1080 1314 1319
f 1313 1080 1319
f 1319 1316 1313
f 1318 1319 1314
f 1317 1318 1314
f 1316 1317 1315
f 1317 1316 1321
f 1316 1319 1320
f 1081 1082 1323
f 1135 1081 1325
f 1134 1135 1325
f 1082 1134 1325
f 1325 1322 1082
f 1324 1325 1081
f 1323 1324 1081
f 1322 1323 1082
f 1148 1149 1083
f 1148 1083 1328
f 1084 1148 1329
f 1083 1084 1331
f 1331 1327 1083
f 1330 1331 1084
f 1329 1330 1084
f 1332 1329 1148
f 1328 1332 1148
f 1327 1328 1083
f 1333 1540 1091
f 1334 1333 1090
f 1335 1334 1095
f 1569 1335 1095
f 1336 1569 1087
f 1337 1336 1086
f 1540 1337 1086
f 1086 1091 1540
f 1087 1086 1336
f 1088 1087 1569
f 1087 1088 1569
f 1095 1087 1569
f 1094 1095 1334
f 1093 1094 1334
f 1090 1093 1334
f 1092 1090 1333
f 1091 1092 1333
f 1341 1340 1102
f 1342 1341 1045
f 1542 1342 1104
f 1343 1542 1103
f 1344 1343 1098
f 1340 1344 1098
f 1098 1100 1340
f 1099 1098 1343
f 1096 1099 1343
f 1103 1096 1343
f 1338 1103 1542
f 1103 1338 1542
f 1104 1103 1542
f 1045 1104 1342
f 1339 1045 1342
f 1045 1339 1342
f 1097 1045 1341
f 1101 1097 1341
f 1102 1101 1341
f 1100 1102 1340
f 1089 1345 1106
f 1089 1105 1345
f 1345 1155 1269
f 1089 1345 1352
f 1345 1089 1352
f 1106 1345 1352
f 1156 1106 1348
f 1155 1156 1349
f 1348 1349 1156
f 1347 1348 1106
f 1352 1347 1106
f 1351 1352 1345
f 1346 1351 1345
f 1269 1346 1345
f 1349 1269 1155
f 1347 1352 1350
f 1356 1355 1111
f 1357 1356 1112
f 1358 1357 1109
f 1515 1358 1354
f 1359 1515 1044
f 1360 1359 1113
f 1361 1360 1113
f 1362 1361 1108
f 1363 1362 1111
f 1355 1363 1111
f 1108 1111 1362
f 1107 1108 1361
f 1113 1107 1361
f 1353 1113 1360
f 1113 1353 1360
f 1114 1113 1359
f 1044 1114 1359
f 1354 1044 1515
f 1044 1354 1358
f 1109 1044 1358
f 1110 1109 1357
f 1112 1110 1357
f 1111 1112 1356
f 1365 1364 1043
f 1366 1365 1117
f 1367 1366 1115
f 1368 1367 1115
f 1369 1368 1121
f 1370 1369 1121
f 1371 1370 1121
f 1372 1371 1118
f 1492 1372 1043
f 1364 1492 1043
f 1119 1043 1372
f 1118 1119 1372
f 1120 1118 1371
f 1121 1120 1371
f 1115 1121 1368
f 1117 1115 1366
f 1116 1117 1365
f 1043 1116 1365
f 1373 1123 1122
f 1373 1124 1377
f 1122 1373 1377
f 1373 1122 1378
f 1123 1373 1377
f 1124 1123 1522
f 1522 1374 1124
f 1380 1522 1123
f 1379 1380 1123
f 1377 1379 1123
f 1378 1377 1373
f 1377 1378 1122
f 1376 1377 1124
f 1375 1376 1124
f 1374 1375 1124
f 1381 1378 1377
f 1379 1377 1378
f 1161 1164 1382
f 1162 1159 1383
f 1385 1384 1162
f 1386 1385 1383
f 1387 1386 1159
f 1388 1387 1159
f 1389 1388 1166
f 1390 1389 1163
f 1391 1390 1165
f 1392 1391 1160
f 1394 1393 1382
f 1384 1394 1164
f 1164 1167 1384
f 1382 1164 1394
f 1161 1382 1393
f 1392 1161 1393
f 1165 1160 1391
f 1163 1165 1390
f 1166 1163 1389
f 1159 1166 1388
f 1159 1159 1387
f 1159 1159 1387
f 1383 1159 1386
f 1162 1383 1385
f 1167 1162 1384
f 1386 1384 1385
f 1170 1172 1395
f 1176 1171 1396
f 1398 1397 1176
f 1399 1398 1396
f 1400 1399 1171
f 1402 1401 1174
f 1403 1402 1174
f 1404 1403 1174
f 1405 1404 1175
f 1406 1405 1175
f 1407 1406 1170
f 1408 1407 1170
f 1637 1408 1395
f 1397 1637 1172
f 1172 1177 1397
f 1395 1172 1637
f 1170 1395 1408
f 1170 1170 1407
f 1170 1170 1407
f 1175 1170 1406
f 1174 1175 1404
f 1173 1174 1401
f 1400 1173 1401
f 1396 1171 1399
f 1176 1396 1398
f 1177 1176 1397
f 1637 1407 1408
f 1399 1397 1398
f 1128 1127 1126
f 1125 1126 1127
f 1126 1182 1128
f 1178 1180 1409
f 1125 1178 1409
f 1126 1125 1411
f 1127 1126 1411
f 1126 1127 1412
f 1182 1126 1413
f 1180 1182 1414
f 1414 1409 1180
f 1300 1414 1182
f 1413 1300 1182
f 1411 1413 1126
f 1412 1411 1126
f 1411 1412 1127
f 1410 1411 1125
f 1409 1410 1125
f 1416 1412 1411
f 1300 1413 1415
f 1413 1411 1412
f 1187 1195 1423
f 1420 1187 1423
f 1188 1420 1425
f 1189 1188 1427
f 1419 1189 1429
f 1189 1419 1429
f 1190 1189 1431
f 1192 1190 1433
f 1418 1192 1435
f 1191 1418 1509
f 1417 1191 1439
f 1194 1417 1441
f 1193 1194 1442
f 1195 1193 1421
f 1443 1421 1193
f 1442 1443 1193
f 1441 1442 1194
f 1440 1441 1417
f 1439 1440 1417
f 1438 1439 1191
f 1509 1438 1191
f 1437 1509 1418
f 1436 1437 1418
f 1435 1436 1418
f 1434 1435 1192
f 1433 1434 1192
f 1432 1433 1190
f 1431 1432 1190
f 1430 1431 1189
f 1429 1430 1189
f 1428 1429 1189
f 1427 1428 1189
f 1426 1427 1188
f 1425 1426 1188
f 1424 1425 1420
f 1423 1424 1420
f 1613 1423 1195
f 1422 1613 1195
f 1421 1422 1195
f 1435 1437 1436
f 1423 1425 1424
f 1442 1441 1440
f 1069 1224 1444
f 1224 1445 1444
f 1070 1069 1446
f 1445 1224 1229
f 1446 1447 1070
f 1229 1453 1445
f 1229 1070 1449
f 1069 1448 1446
f 1449 1453 1229
f 1444 1448 1069
f 1447 1449 1070
f 1447 1446 1449
f 1453 1449 1450
f 1450 1451 1453
f 1454 1450 1449
f 1448 1449 1446
f 1450 1454 1452
f 1454 1449 1448
f 1448 1444 1455
f 1455 1454 1448
f 1444 1445 1453
f 1451 1455 1453
f 1152 1145 1452
f 1145 1253 1451
f 1253 1456 1451
f 1265 1152 1454
f 1145 1450 1452
f 1456 1253 1265
f 1452 1454 1152
f 1265 1455 1456
f 1451 1450 1145
f 1454 1455 1265
f 1455 1451 1456
f 1444 1453 1455
f 1061 1248 1458
f 1457 1064 1061
f 1248 1242 1464
f 1242 1064 1459
f 1061 1461 1457
f 1464 1458 1248
f 1457 1459 1064
f 1242 1460 1464
f 1458 1461 1061
f 1459 1460 1242
f 1459 1457 1461
f 1461 1458 1463
f 1463 1462 1461
f 1466 1459 1461
f 1461 1462 1466
f 1458 1464 1468
f 1468 1463 1458
f 1460 1459 1466
f 1466 1469 1460
f 1466 1462 1465
f 1186 1277 1469
f 1277 1467 1469
f 1277 1283 1467
f 1465 1136 1186
f 1283 1463 1467
f 1283 1136 1462
f 1186 1466 1465
f 1462 1463 1283
f 1469 1466 1186
f 1465 1462 1136
f 1463 1468 1467
f 1467 1468 1469
f 1469 1468 1464
f 1464 1460 1469
f 1073 1072 1471
f 1470 1233 1472
f 1072 1474 1471
f 1471 1473 1073
f 1475 1472 1233
f 1475 1476 1472
f 1477 1475 1233
f 1233 1473 1477
f 1470 1472 1476
f 1476 1475 1480
f 1480 1478 1476
f 1475 1477 1481
f 1481 1480 1475
f 1477 1473 1471
f 1479 1480 1481
f 1481 1482 1479
f 1474 1470 1476
f 1476 1483 1474
f 1483 1477 1471
f 1477 1483 1486
f 1486 1481 1477
f 1483 1471 1474
f 1483 1476 1478
f 1478 1486 1483
f 1203 1198 1481
f 1215 1480 1479
f 1481 1486 1203
f 1478 1480 1215
f 1198 1482 1481
f 1484 1478 1215
f 1486 1485 1203
f 1478 1484 1485
f 1485 1486 1478
f 1365 1487 1488
f 1488 1359 1365
f 1371 1369 1370
f 1488 1510 1359
f 1365 1359 1360
f 1364 1489 1490
f 1361 1489 1360
f 1365 1360 1489
f 1366 1487 1365
f 1489 1364 1365
f 1364 1491 1492
f 1367 1368 1493
f 1372 1492 1494
f 1371 1372 1494
f 1369 1371 1496
f 1368 1369 1498
f 1493 1368 1500
f 1367 1493 1500
f 1366 1367 1501
f 1502 1503 1366
f 1501 1502 1366
f 1500 1501 1367
f 1499 1500 1368
f 1498 1499 1368
f 1497 1498 1369
f 1496 1497 1369
f 1495 1496 1371
f 1494 1495 1371
f 1505 1487 1366
f 1366 1503 1505
f 1487 1505 1504
f 1490 1491 1364
f 1492 1506 1494
f 1506 1492 1491
f 1507 1301 1496
f 1499 1412 1416
f 1416 1500 1499
f 1508 1509 1503
f 1503 1502 1508
f 1502 1501 1508
f 1499 1498 1412
f 1496 1495 1507
f 1495 1494 1507
f 1487 1504 1511
f 1511 1488 1487
f 1512 1489 1361
f 1490 1489 1528
f 1491 1490 1514
f 1514 1506 1491
f 1513 1514 1490
f 1528 1513 1490
f 1361 1362 1363
f 1356 1357 1516
f 1359 1510 1517
f 1515 1359 1518
f 1358 1515 1520
f 1357 1358 1520
f 1516 1357 1522
f 1356 1516 1523
f 1355 1356 1524
f 1363 1355 1525
f 1361 1363 1526
f 1526 1527 1361
f 1525 1526 1363
f 1524 1525 1355
f 1523 1524 1356
f 1522 1523 1516
f 1521 1522 1357
f 1520 1521 1357
f 1519 1520 1515
f 1518 1519 1515
f 1517 1518 1359
f 1361 1527 1528
f 1528 1489 1512
f 1528 1512 1361
f 1513 1528 1529
f 1530 1510 1488
f 1488 1511 1530
f 1510 1530 1517
f 1511 1504 1530
f 1532 1533 1525
f 1534 1528 1527
f 1526 1525 1533
f 1525 1524 1532
f 1522 1521 1531
f 1521 1520 1531
f 1519 1518 1517
f 1337 1342 1535
f 1536 1535 1342
f 1535 1537 1337
f 1337 1538 1341
f 1337 1540 1538
f 1337 1537 1336
f 1539 1538 1540
f 1333 1556 1540
f 1341 1342 1337
f 1340 1341 1541
f 1543 1341 1538
f 1541 1341 1545
f 1340 1541 1545
f 1344 1340 1547
f 1343 1344 1549
f 1542 1343 1551
f 1342 1542 1553
f 1536 1342 1554
f 1553 1554 1342
f 1552 1553 1542
f 1551 1552 1542
f 1550 1551 1343
f 1549 1550 1343
f 1548 1549 1344
f 1547 1548 1344
f 1546 1547 1340
f 1545 1546 1340
f 1544 1545 1341
f 1564 1535 1536
f 1536 1554 1555
f 1536 1555 1564
f 1539 1540 1556
f 1543 1557 1544
f 1544 1341 1543
f 1557 1543 1538
f 1557 1558 1545
f 1559 1560 1548
f 1375 1561 1552
f 1554 1553 1562
f 1552 1551 1375
f 1551 1550 1375
f 1548 1547 1559
f 1547 1546 1559
f 1545 1544 1557
f 1535 1564 1563
f 1539 1556 1567
f 1538 1539 1568
f 1568 1557 1538
f 1567 1568 1539
f 1566 1567 1556
f 1334 1335 1570
f 1569 1336 1581
f 1335 1569 1573
f 1570 1335 1574
f 1334 1570 1574
f 1333 1334 1576
f 1565 1333 1577
f 1576 1577 1333
f 1575 1576 1334
f 1574 1575 1334
f 1573 1574 1335
f 1350 1573 1569
f 1572 1350 1569
f 1581 1572 1569
f 1571 1581 1336
f 1565 1577 1566
f 1566 1556 1333
f 1566 1333 1565
f 1568 1578 1557
f 1571 1336 1537
f 1579 1537 1535
f 1535 1563 1579
f 1537 1579 1571
f 1581 1582 1572
f 1583 1584 1577
f 1577 1576 1583
f 1576 1575 1583
f 1574 1573 1352
f 1350 1352 1573
f 1581 1571 1580
f 1587 1585 1586
f 1533 1591 1594
f 1592 1209 1200
f 1200 1208 1592
f 1588 1202 1218
f 1218 1587 1588
f 1588 1201 1202
f 1588 1208 1201
f 1587 1217 1216
f 1587 1219 1217
f 1218 1219 1587
f 1240 1242 1594
f 1594 1239 1240
f 1594 1591 1239
f 1237 1235 1199
f 1206 1204 1235
f 1199 1207 1237
f 1235 1243 1206
f 1248 1237 1207
f 1235 1206 1243
f 1234 1233 1244
f 1245 1244 1233
f 1233 1470 1245
f 1245 1470 1225
f 1214 1245 1225
f 1226 1213 1214
f 1225 1226 1214
f 1235 1234 1244
f 1235 1244 1206
f 1228 1246 1212
f 1212 1213 1228
f 1591 1590 1232
f 1591 1232 1239
f 1222 1232 1590
f 1590 1223 1222
f 1224 1223 1590
f 1503 1530 1504
f 1593 1500 1416
f 1593 1501 1500
f 1593 1508 1501
f 1594 1527 1526
f 1534 1527 1594
f 1595 1597 1598
f 1595 1596 1597
f 1596 1600 1597
f 1599 1600 1596
f 1588 1287 1284
f 1285 1286 1588
f 1284 1285 1588
f 1588 1279 1287
f 1308 1286 1281
f 1282 1592 1306
f 1592 1588 1307
f 1309 1308 1281
f 1281 1306 1309
f 1286 1308 1307
f 1306 1281 1282
f 1592 1307 1306
f 1207 1592 1323
f 1302 1207 1322
f 1592 1324 1323
f 1324 1282 1283
f 1207 1323 1322
f 1283 1325 1324
f 1326 1283 1302
f 1302 1325 1326
f 1322 1325 1302
f 1283 1326 1325
f 1249 1207 1302
f 1303 1320 1319
f 1316 1594 1249
f 1249 1321 1316
f 1318 1302 1303
f 1319 1318 1303
f 1594 1316 1320
f 1303 1594 1320
f 1249 1317 1321
f 1318 1317 1302
f 1304 1305 1528
f 1494 1506 1305
f 1301 1412 1498
f 1305 1514 1513
f 1305 1277 1507
f 1498 1497 1301
f 1513 1529 1305
f 1506 1514 1305
f 1301 1497 1496
f 1507 1494 1305
f 1301 1507 1277
f 1288 1566 1577
f 1266 1575 1574
f 1266 1574 1352
f 1288 1567 1566
f 1583 1575 1266
f 1583 1266 1265
f 1584 1265 1288
f 1288 1578 1568
f 1288 1577 1584
f 1568 1567 1288
f 1265 1584 1583
f 1557 1288 1589
f 1589 1289 1590
f 1025 1289 1290
f 1590 1020 1019
f 1290 1016 1025
f 1019 1247 1590
f 1289 1015 1020
f 1289 1025 1015
f 1020 1590 1289
f 1019 1018 1247
f 1018 1016 1247
f 1290 1247 1016
f 1290 1291 1220
f 1291 1253 1332
f 1331 1587 1220
f 1291 1328 1327
f 1291 1332 1328
f 1327 1220 1291
f 1587 1330 1329
f 1331 1330 1587
f 1329 1332 1253
f 1252 1587 1329
f 1327 1331 1220
f 1253 1252 1329
f 1310 1587 1252
f 1254 1255 1310
f 1312 1585 1587
f 1252 1254 1310
f 1312 1311 1585
f 1310 1312 1587
f 1255 1280 1310
f 1280 1585 1311
f 1311 1310 1280
f 1263 1264 1585
f 1585 1262 1263
f 1280 1262 1585
f 1347 1350 1423
f 1616 1443 1442
f 1439 1438 1508
f 1432 1431 1552
f 1437 1530 1509
f 1438 1509 1508
f 1431 1562 1553
f 1552 1561 1432
f 1437 1435 1530
f 1508 1593 1440
f 1426 1582 1581
f 1429 1428 1579
f 1433 1531 1520
f 1435 1434 1517
f 1440 1439 1508
f 1350 1426 1425
f 1426 1350 1572
f 1581 1428 1427
f 1579 1563 1429
f 1430 1555 1554
f 1430 1554 1562
f 1581 1427 1426
f 1553 1552 1431
f 1520 1434 1433
f 1434 1520 1519
f 1571 1579 1428
f 1429 1563 1564
f 1562 1431 1430
f 1432 1561 1531
f 1425 1423 1350
f 1581 1580 1428
f 1564 1555 1429
f 1433 1432 1531
f 1517 1530 1435
f 1555 1430 1429
f 1519 1517 1434
f 1442 1440 1593
f 1376 1560 1559
f 1559 1589 1376
f 1376 1548 1560
f 1589 1546 1545
f 1559 1546 1589
f 1374 1561 1375
f 1380 1532 1524
f 1550 1549 1376
f 1545 1558 1589
f 1380 1533 1532
f 1376 1375 1550
f 1589 1377 1376
f 1374 1522 1531
f 1374 1531 1561
f 1533 1380 1379
f 1380 1523 1522
f 1591 1533 1379
f 1590 1381 1377
f 1378 1381 1590
f 1590 1591 1378
f 1379 1378 1591
f 1267 1351 1346
f 1346 1268 1267
f 1349 1293 1270
f 1269 1349 1292
f 1346 1269 1268
f 1273 1604 1601
f 1602 1605 1272
f 1601 1603 1273
f 1273 1272 1604
f 1272 1606 1602
f 1295 1271 1606
f 1606 1272 1295
f 1607 1604 1272
f 1605 1607 1272
f 1271 1294 1606
f 1294 1271 1608
f 1271 1293 1608
f 1296 1273 1603
f 1603 1297 1296
f 1293 1610 1608
f 1349 1348 1611
f 1348 1612 1614
f 1612 1348 1347
f 1348 1614 1611
f 1421 1443 1597
f 1421 1597 1600
f 1600 1613 1422
f 1422 1421 1600
f 1352 1351 1266
f 1416 1411 1593
f 1411 1615 1616
f 1411 1410 1615
f 1620 1297 1621
f 1621 1619 1620
f 1628 1621 1297
f 1622 1617 1410
f 1410 1409 1622
f 1414 1275 1299
f 1298 1409 1414
f 1414 1300 1275
f 1414 1299 1298
f 1274 1620 1409
f 1276 1275 1300
f 1300 1415 1276
f 1301 1276 1413
f 1413 1412 1301
f 1411 1616 1593
f 1351 1267 1266
f 1377 1589 1590
f 1442 1593 1616
f 1423 1613 1347
f 1264 1279 1585
f 1220 1247 1290
f 1528 1594 1304
f 1303 1304 1594
f 1317 1249 1302
f 1324 1592 1282
f 1307 1588 1286
f 1526 1533 1594
f 1503 1509 1530
f 1204 1199 1235
f 1208 1588 1592
f 1586 1588 1587
f 1279 1588 1586
f 1279 1586 1585
f 1596 1595 1623
f 1596 1623 1624
f 1597 1443 1626
f 1443 1616 1627
f 1409 1618 1619
f 1618 1620 1619
f 1297 1603 1628
f 1601 1628 1603
f 1619 1622 1409
f 1615 1627 1616
f 1627 1626 1443
f 1595 1399 1629
f 1595 1629 1625
f 1625 1623 1595
f 1399 1595 1598
f 1624 1625 1630
f 1596 1630 1393
f 1393 1599 1596
f 1630 1596 1624
f 1625 1624 1623
f 1606 1294 1631
f 1293 1609 1632
f 1609 1349 1611
f 1611 1614 1633
f 1614 1612 1634
f 1612 1613 1634
f 1613 1600 1634
f 1634 1633 1614
f 1611 1632 1609
f 1632 1610 1293
f 1608 1631 1294
f 1631 1602 1606
f 1399 1400 1629
f 1635 1399 1598
f 1397 1635 1597
f 1636 1397 1627
f 1397 1636 1616
f 1637 1397 1627
f 1407 1637 1617
f 1406 1407 1619
f 1404 1406 1619
f 1403 1404 1628
f 1402 1403 1628
f 1628 1601 1402
f 1621 1628 1404
f 1619 1621 1404
f 1622 1619 1407
f 1617 1622 1407
f 1615 1617 1637
f 1627 1615 1637
f 1616 1627 1397
f 1627 1616 1636
f 1626 1627 1397
f 1597 1626 1397
f 1598 1597 1635
f 1630 1625 1392
f 1630 1392 1393
f 1389 1390 1631
f 1387 1389 1608
f 1386 1387 1632
f 1638 1386 1611
f 1384 1638 1611
f 1639 1384 1634
f 1384 1639 1612
f 1394 1384 1634
f 1640 1394 1634
f 1393 1640 1600
f 1600 1599 1393
f 1634 1600 1640
f 1612 1634 1384
f 1634 1612 1639
f 1633 1634 1384
f 1611 1633 1384
f 1632 1611 1386
f 1610 1632 1387
f 1608 1610 1387
f 1631 1608 1389
f 1602 1631 1390
f 1405 1406 1404
f 1601 1641 1402
f 1601 1604 1642
f 1604 1607 1605
f 1605 1643 1604
f 1643 1642 1604
f 1644 1641 1601
f 1645 1644 1643
f 1646 1645 1605
f 1643 1605 1645
f 1642 1643 1644
f 1601 1642 1644
f 1391 1392 1400
f 1400 1401 1645
f 1635 1397 1399
f 1645 1646 1400
f 1391 1400 1646
f 1393 1394 1640
f 1644 1645 1401
f 1402 1641 1401
f 1391 1646 1390
f 1641 1644 1401
f 1638 1384 1386
f 1646 1605 1602
f 1602 1390 1646
f 1387 1388 1389
f 1648 1649 1647
f 1649 1650 1647
f 1650 1651 1647
f 1651 1652 1647
f 1652 1653 1647
f 1653 1654 1647
f 1654 1655 1647
f 1655 1648 1647
f 1656 1652 1651
f 1657 1651 1650
f 1658 1650 1649
f 1659 1649 1648
f 1660 1648 1655
f 1661 1655 1654
f 1662 1654 1653
f 1663 1653 1652
f 1652 1656 1663
f 1653 1663 1662
f 1654 1662 1661
f 1655 1661 1660
f 1648 1660 1659
f 1649 1659 1658
f 1650 1658 1657
f 1651 1657 1656
f 1660 1661 1664
f 1661 1662 1664
f 1662 1663 1664
f 1663 1656 1664
f 1656 1657 1664
f 1657 1658 1664
f 1658 1659 1664
f 1659 1660 1664
f 1666 1667 1665
f 1667 1668 1665
f 1668 1669 1665
f 1669 1670 1665
f 1670 1671 1665
f 1671 1672 1665
f 1672 1673 1665
f 1673 1666 1665
f 1674 1670 1669
f 1675 1669 1668
f 1676 1668 1667
f 1677 1667 1666
f 1678 1666 1673
f 1679 1673 1672
f 1680 1672 1671
f 1681 1671 1670
f 1670 1674 1681
f 1671 1681 1680
f 1672 1680 1679
f 1673 1679 1678
f 1666 1678 1677
f 1667 1677 1676
f 1668 1676 1675
f 1669 1675 1674
f 1678 1679 1682
f 1679 1680 1682
f 1680 1681 1682
f 1681 1674 1682
f 1674 1675 1682
f 1675 1676 1682
f 1676 1677 1682
f 1677 1678 1682
f 1684 1685 1683
f 1685 1686 1683
f 1686 1687 1683
f 1687 1688 1683
f 1688 1689 1683
f 1689 1690 1683
f 1690 1691 1683
f 1691 1684 1683
f 1692 1688 1687
f 1693 1687 1686
f 1694 1686 1685
f 1695 1685 1684
f 1696 1684 1691
f 1697 1691 1690
f 1698 1690 1689
f 1699 1689 1688
f 1688 1692 1699
f 1689 1699 1698
f 1690 1698 1697
f 1691 1697 1696
f 1684 1696 1695
f 1685 1695 1694
f 1686 1694 1693
f 1687 1693 1692
f 1696 1697 1700
f 1697 1698 1700
f 1698 1699 1700
f 1699 1692 1700
f 1692 1693 1700
f 1693 1694 1700
f 1694 1695 1700
f 1695 1696 1700

