# https://github.com/mikedh/trimesh
v 0.01350003 -0.04400032 0.00666700
v 0.01050004 -0.04850033 0.00675034
v 0.01526587 -0.04850031 0.00687374
v -0.01350002 -0.04850042 -0.00749955
v -0.00449993 -0.04850038 0.01200041
v -0.00599995 -0.04850039 0.00900042
v -0.00749994 -0.04850039 0.01050042
v -0.00749993 -0.04850039 0.01350042
v -0.00749993 -0.04850039 0.01200042
v -0.00750004 -0.04850040 -0.01199958
v -0.00750003 -0.04850040 -0.01049958
v -0.00300004 -0.04850039 -0.01274960
v -0.00450002 -0.04850039 -0.00899959
v -0.00600004 -0.04850040 -0.01199958
v 0.00862503 -0.04850034 0.00375035
v 0.00750007 -0.04850034 0.01200036
v 0.01424998 -0.04850032 -0.00749967
v 0.01100002 -0.04850033 0.00150034
v 0.00400007 -0.04850035 0.01300037
v 0.00562505 -0.04850035 0.00825037
v 0.00600007 -0.04850035 0.01200036
v -0.01349997 -0.04850042 0.00450045
v -0.01169997 -0.04850041 0.00330044
v -0.01125000 -0.04850041 -0.00269956
v 0.00779998 -0.04850035 -0.00824964
v 0.00449996 -0.04850036 -0.01199963
v 0.00449998 -0.04850036 -0.00899963
v 0.00599998 -0.04850035 -0.00899964
v 0.00749996 -0.04850035 -0.01199964
v -0.00449997 -0.04850039 0.00450041
v -0.00299996 -0.04850038 0.00525040
v 0.00037504 -0.04850037 0.00600039
v 0.00300003 -0.04850036 0.00450038
v 0.00600002 -0.04850035 0.00037536
v 0.00487503 -0.04850035 0.00360037
v 0.00525000 -0.04850035 -0.00299963
v 0.00450000 -0.04850036 -0.00449963
v -0.00037501 -0.04850038 -0.00599961
v 0.00299999 -0.04850036 -0.00524962
v -0.00300001 -0.04850038 -0.00524960
v -0.00450000 -0.04850039 -0.00449959
v -0.00587497 -0.04850039 0.00300041
v -0.00525000 -0.04850039 -0.00299959
v 0.00925000 -0.04850034 -0.00349965
v -0.01200002 -0.04850042 -0.00749956
v -0.00825002 -0.04850040 -0.00824957
v -0.00900000 -0.04850041 -0.00449957
v -0.01200001 -0.04850042 -0.00599956
v 0.00150006 -0.04850036 0.01050038
v 0.00150007 -0.04850036 0.01200038
v 0.00000006 -0.04850037 0.01050039
v -0.00149993 -0.04850037 0.01150040
v -0.01049995 -0.04850041 0.00750043
v -0.01349996 -0.04850042 0.00600045
v -0.01349995 -0.04850042 0.00750045
v -0.01775001 -0.04850044 -0.00474953
v -0.01560002 -0.04850043 -0.00877454
v -0.00775720 -0.04850041 -0.01709958
v 0.00268599 -0.04850037 -0.01625544
v -0.00150006 -0.04850038 -0.01799960
v -0.00150005 -0.04850038 -0.01499960
v 0.00149994 -0.04850037 -0.01799962
v -0.00000004 -0.04850038 -0.01349961
v 0.00862495 -0.04850035 -0.01612465
v 0.01049995 -0.04850034 -0.01499966
v 0.01499997 -0.04850032 -0.01024968
v 0.01200000 -0.04850033 -0.00449966
v 0.01749999 -0.04850031 -0.00499969
v 0.01800003 -0.04850031 0.00450031
v 0.01350001 -0.04850032 -0.00149967
v 0.01050003 -0.04850033 0.00450034
v 0.01500006 -0.04850031 0.01050032
v 0.01575005 -0.04850031 0.00900032
v 0.01050008 -0.04850033 0.01500034
v 0.00900008 -0.04850033 0.01500035
v 0.00777281 -0.04850034 0.01636399
v 0.00018758 -0.04850036 0.01575039
v -0.00516658 -0.04850038 0.01733375
v -0.01242850 -0.04850041 0.01392901
v -0.01692853 -0.04850043 0.00557189
v -0.01574995 -0.04850042 0.00900046
v -0.01799999 -0.04850044 -0.00037453
v -0.01349998 -0.04850042 0.00000045
v 0.01050004 -0.04400033 0.00900034
v 0.01050002 -0.04400033 0.00450034
v 0.00899998 -0.04400034 -0.00449965
v 0.00862503 -0.04400034 0.00787535
v 0.00524999 -0.04400035 -0.00299964
v -0.00037503 -0.04400038 -0.00599961
v -0.00749994 -0.04400039 0.01350042
v -0.00449995 -0.04400038 0.01200041
v -0.00299998 -0.04400038 0.00525040
v -0.00449996 -0.04400038 0.00900041
v -0.00825004 -0.04400040 -0.00824958
v -0.00450004 -0.04400039 -0.00899959
v -0.00750005 -0.04400040 -0.01199958
v -0.01250002 -0.04400042 -0.00349956
v 0.00750004 -0.04400034 0.00900036
v 0.00812693 -0.04400034 0.01459737
v 0.00300002 -0.04400036 0.00525037
v 0.00450005 -0.04400035 0.01200037
v -0.01349997 -0.04400042 0.00675045
v -0.01249999 -0.04400042 0.00150044
v -0.01050001 -0.04400041 -0.00149957
v 0.00792854 -0.04400035 -0.00824965
v 0.00749995 -0.04400035 -0.01199964
v 0.00449995 -0.04400036 -0.01199963
v 0.00449996 -0.04400036 -0.00899963
v -0.00300002 -0.04400038 -0.00524960
v -0.00450002 -0.04400039 -0.00449959
v -0.00525001 -0.04400039 -0.00299959
v 0.00299997 -0.04400036 -0.00599963
v 0.00449998 -0.04400036 -0.00449963
v 0.00299998 -0.04400036 -0.00449963
v 0.00567859 -0.04400035 0.00337536
v -0.00037497 -0.04400037 0.00600039
v -0.00487498 -0.04400039 0.00360041
v -0.00600000 -0.04400039 -0.00037459
v 0.01124998 -0.04400033 -0.00389966
v -0.01200003 -0.04400042 -0.00749956
v -0.00900002 -0.04400041 -0.00449957
v 0.00107148 -0.04400036 0.01213675
v -0.00149996 -0.04400037 0.01050039
v -0.01049997 -0.04400041 0.00700043
v -0.01199997 -0.04400041 0.00600044
v -0.00749996 -0.04400039 0.01050042
v -0.01574996 -0.04400042 0.00900046
v -0.01499996 -0.04400042 0.01050045
v -0.00899993 -0.04400040 0.01650043
v -0.00599993 -0.04400039 0.01650041
v -0.00449992 -0.04400038 0.01800041
v -0.00224992 -0.04400037 0.01800040
v 0.00225008 -0.04400036 0.01800038
v 0.00711635 -0.04400034 0.01663989
v 0.01200006 -0.04400032 0.01350034
v 0.01500004 -0.04400031 0.01050032
v 0.01800002 -0.04400031 0.00450031
v 0.01650003 -0.04400031 0.00600032
v 0.01575004 -0.04400031 0.00900032
v 0.01650003 -0.04400031 0.00750032
v 0.01150001 -0.04400033 0.00150034
v 0.01349999 -0.04400032 -0.00149967
v 0.01800000 -0.04400031 -0.00074969
v 0.01774998 -0.04400031 -0.00474969
v 0.01199997 -0.04400033 -0.00599966
v 0.01649997 -0.04400032 -0.00749968
v 0.01199997 -0.04400033 -0.00749966
v 0.01499996 -0.04400032 -0.00999968
v 0.01049993 -0.04400034 -0.01499966
v 0.00839993 -0.04400035 -0.01589965
v 0.00449992 -0.04400036 -0.01799963
v -0.00150008 -0.04400038 -0.01799961
v -0.00150006 -0.04400038 -0.01424961
v 0.00149993 -0.04400037 -0.01499962
v 0.00149994 -0.04400037 -0.01349962
v -0.00300008 -0.04400039 -0.01799960
v -0.00600007 -0.04400040 -0.01649959
v -0.00900007 -0.04400041 -0.01649957
v -0.00450008 -0.04400039 -0.01799959
v -0.01162506 -0.04400042 -0.01387456
v -0.01500004 -0.04400043 -0.00999955
v -0.01650003 -0.04400043 -0.00674954
v -0.01800002 -0.04400044 -0.00449953
v -0.01800000 -0.04400044 -0.00074953
v -0.01724998 -0.04400043 0.00525046
v -0.01800001 -0.04400044 -0.00299953
v -0.00150001 -0.04850044 0.01350041
v -0.00300002 -0.04850044 0.01170041
v 0.00000000 -0.05300043 0.01200040
v 0.00899990 -0.04850008 -0.12549959
v -0.00000010 -0.04850014 -0.11249959
v -0.00900010 -0.04850015 -0.12524958
v 0.01499990 -0.04850008 -0.11849960
v -0.00811965 -0.04850022 -0.08998328
v 0.01049991 -0.04850013 -0.10349959
v 0.01199992 -0.04850015 -0.09199960
v 0.01599992 -0.04850013 -0.09399960
v -0.01050008 -0.04850024 -0.08849958
v -0.01650009 -0.04850022 -0.10349958
v -0.01200008 -0.04850023 -0.09449958
v -0.01200008 -0.04850023 -0.09149958
v -0.01500008 -0.04850024 -0.09283291
v 0.01499995 -0.04850026 -0.03899960
v -0.01050005 -0.04850033 -0.04499958
v 0.01049993 -0.04850020 -0.07349959
v 0.01049996 -0.04850029 -0.02999959
v 0.01307138 -0.04850026 -0.04022687
v -0.01443755 -0.04850036 -0.04162458
v -0.01200005 -0.04850035 -0.03974958
v -0.01500005 -0.04850036 -0.03899958
v 0.01199997 -0.04850034 -0.00749960
v 0.01049996 -0.04850031 -0.02249959
v -0.00000003 -0.04850038 -0.00749959
v 0.00316664 -0.04850036 -0.01299959
v 0.00899997 -0.04850035 -0.00974959
v 0.00449997 -0.04850036 -0.00899959
v -0.00750003 -0.04850040 -0.01033292
v -0.01150003 -0.04850042 -0.00749958
v 0.00899998 -0.04850037 0.00300041
v -0.00975002 -0.04850044 0.00300042
v 0.01049998 -0.04850038 0.00900041
v 0.00449998 -0.04850040 0.00810041
v 0.00149998 -0.04850042 0.01100041
v -0.00000002 -0.04850042 0.00750041
v -0.00650002 -0.04850044 0.00900042
v -0.01050002 -0.04850045 0.00750042
v -0.01131981 -0.04850015 -0.12789270
v -0.01050011 -0.04850015 -0.12599958
v -0.01813495 -0.04850012 -0.14989845
v -0.01616510 -0.04850012 -0.15052496
v -0.00900004 -0.04850038 -0.02399958
v -0.00900004 -0.04850038 -0.02099958
v 0.00149993 -0.04850025 -0.06524959
v 0.00754106 -0.04850024 -0.05999918
v 0.01049994 -0.04850023 -0.05999959
v 0.00899996 -0.04850032 -0.02149959
v -0.00900009 -0.04850018 -0.10949958
v -0.00900010 -0.04850018 -0.11099958
v -0.00750010 -0.04850017 -0.11149958
v 0.00899990 -0.04850011 -0.11224959
v 0.01049991 -0.04850011 -0.10949959
v 0.01049990 -0.04850011 -0.11099959
v 0.00899993 -0.04850020 -0.07299959
v 0.00749993 -0.04850021 -0.07199959
v -0.00900008 -0.04850023 -0.08849958
v 0.00171052 -0.04850022 -0.07503535
v -0.00300009 -0.04850019 -0.09637459
v 0.00149994 -0.04850025 -0.06299959
v -0.00300005 -0.04850033 -0.03599959
v -0.00818483 -0.04850033 -0.04382567
v -0.01846602 -0.04850022 -0.10825908
v -0.01350010 -0.04850018 -0.11849958
v -0.01350010 -0.04850017 -0.12149958
v -0.01650010 -0.04850019 -0.11899958
v -0.00250003 -0.04850038 -0.01166625
v -0.00150003 -0.04850037 -0.01499959
v -0.00112504 -0.04850036 -0.02099959
v 0.01049998 -0.04850038 0.00600041
v 0.01349998 -0.04850036 0.00600040
v -0.01050002 -0.04850045 0.00600042
v -0.01050002 -0.04850046 0.00900042
v -0.01650002 -0.04850047 0.00675042
v -0.01150002 -0.04850044 -0.00149958
v -0.01264288 -0.04850045 0.00375042
v -0.01620002 -0.04850046 0.00150042
v 0.00449997 -0.04850037 -0.00449959
v 0.00299997 -0.04850038 -0.00524959
v 0.00524998 -0.04850037 -0.00299959
v 0.00599998 -0.04850038 0.00037541
v 0.00524998 -0.04850039 0.00300041
v -0.00037502 -0.04850041 0.00600041
v 0.00299998 -0.04850040 0.00525041
v -0.00450002 -0.04850043 0.00450042
v -0.00300002 -0.04850042 0.00525041
v -0.00600002 -0.04850042 0.00037542
v -0.00600002 -0.04850041 -0.00299958
v -0.00525002 -0.04850042 0.00300042
v -0.00300003 -0.04850040 -0.00524959
v 0.00037497 -0.04850038 -0.00599959
v 0.01349998 -0.04850035 -0.00149960
v 0.01124998 -0.04850036 0.00107183
v -0.00771431 -0.04850042 -0.00449958
v -0.00450002 -0.04850041 -0.00299958
v -0.01200003 -0.04850043 -0.00449958
v 0.00824997 -0.04850035 -0.00824959
v 0.00899997 -0.04850036 -0.00449959
v 0.01199997 -0.04850035 -0.00449960
v 0.01939716 -0.04850006 -0.12112974
v 0.01849987 -0.04849995 -0.17099960
v 0.01717229 -0.04850000 -0.15046512
v 0.01078716 -0.04850008 -0.12611105
v 0.01839594 -0.04850007 -0.11729265
v 0.01349990 -0.04850008 -0.11949960
v 0.01499990 -0.04850007 -0.12149960
v -0.02216536 -0.04850019 -0.12543866
v -0.02797678 -0.04850015 -0.15188241
v -0.01800007 -0.04850029 -0.07649958
v -0.01800004 -0.04850041 -0.02174958
v -0.01800003 -0.04850045 -0.00524958
v -0.01800002 -0.04850047 0.00450042
v -0.01425002 -0.04850047 0.00900042
v -0.01297501 -0.04850047 0.01297542
v -0.00780001 -0.04850046 0.01350042
v -0.00818183 -0.04850046 0.01595496
v -0.00450001 -0.04850046 0.01800042
v 0.00479999 -0.04850042 0.01770041
v 0.00749999 -0.04850040 0.01425041
v 0.00449999 -0.04850041 0.01200041
v 0.00899999 -0.04850040 0.01650041
v 0.01499998 -0.04850037 0.01050040
v 0.01649998 -0.04850036 0.00675040
v 0.01349998 -0.04850037 0.00900040
v 0.01799998 -0.04850035 0.00450040
v 0.01799997 -0.04850032 -0.00674960
v 0.01799993 -0.04850018 -0.06749960
v 0.01799991 -0.04850011 -0.10049960
v 0.02249989 -0.04850003 -0.12599960
v 0.02485124 -0.04849999 -0.14217528
v 0.02999987 -0.04849993 -0.16049961
v 0.02999988 -0.04849994 -0.15599961
v 0.03928983 -0.04849984 -0.18613186
v 0.02474987 -0.04849992 -0.17137460
v 0.03374985 -0.04849984 -0.19537461
v 0.03524985 -0.04849983 -0.19762461
v 0.03749985 -0.04849982 -0.19649961
v 0.03749985 -0.04849983 -0.19199961
v 0.03312560 -0.04849985 -0.19217925
v 0.03899985 -0.04849982 -0.19574961
v 0.03599985 -0.04849983 -0.19499961
v 0.02297057 -0.04849992 -0.17384897
v 0.02707881 -0.04849989 -0.18284171
v 0.00937193 -0.04850001 -0.15774854
v 0.01013624 -0.04850003 -0.14695414
v 0.00749988 -0.04850004 -0.14549959
v 0.00449989 -0.04850009 -0.12749959
v 0.00549141 -0.04850006 -0.14135552
v 0.00449988 -0.04850004 -0.15359959
v 0.00749988 -0.04850002 -0.15524959
v 0.00749990 -0.04850009 -0.12449959
v 0.00149988 -0.04850005 -0.15149959
v -0.00175012 -0.04850006 -0.15174959
v -0.00700012 -0.04850007 -0.15449958
v -0.00900012 -0.04850010 -0.14699958
v -0.00533164 -0.04850010 -0.14205937
v -0.00450011 -0.04850013 -0.12749958
v -0.00750010 -0.04850014 -0.12449958
v -0.00900013 -0.04850008 -0.15674958
v -0.01045958 -0.04850010 -0.14712120
v -0.01109524 -0.04850008 -0.16023056
v -0.01350013 -0.04850007 -0.16499958
v -0.02220776 -0.04850008 -0.17515635
v -0.03407156 -0.04850013 -0.17142814
v -0.02727287 -0.04850008 -0.18272684
v -0.02550013 -0.04850010 -0.17124957
v -0.02300014 -0.04850009 -0.17299957
v -0.03937515 -0.04850010 -0.19518706
v -0.03450015 -0.04850008 -0.19649956
v -0.03675015 -0.04850008 -0.19762456
v -0.03750015 -0.04850009 -0.19349956
v -0.03999015 -0.04850011 -0.19196956
v -0.03150015 -0.04850007 -0.19499957
v -0.03372015 -0.04850008 -0.19283957
v -0.03300015 -0.04850007 -0.19574957
v -0.03600015 -0.04850009 -0.19499956
v 0.00900000 -0.05300039 0.00900040
v 0.00450000 -0.05300041 0.01200040
v -0.00300000 -0.05300043 0.00900040
v -0.00000000 -0.05300042 0.00750040
v -0.00810000 -0.05300045 0.00900041
v -0.01050000 -0.05300045 0.00600041
v 0.01349999 -0.05300033 -0.01049961
v 0.00749998 -0.05300034 -0.01349960
v -0.00000001 -0.05300038 -0.00749960
v 0.00824999 -0.05300035 -0.00824960
v 0.00749999 -0.05300035 -0.01199960
v 0.00599999 -0.05300036 -0.00899960
v 0.00449999 -0.05300036 -0.01149960
v -0.00792858 -0.05300041 -0.00779959
v -0.00900002 -0.05300038 -0.02099959
v -0.00360002 -0.05300038 -0.01336323
v -0.00450001 -0.05300039 -0.00899959
v -0.01800002 -0.05300043 -0.01349959
v -0.01200001 -0.05300042 -0.00749959
v 0.01799999 -0.05300031 -0.01049961
v 0.01049998 -0.05300031 -0.02249960
v -0.01200003 -0.05300035 -0.03899959
v 0.01499997 -0.05300026 -0.03999961
v 0.01274997 -0.05300026 -0.04016627
v -0.01200003 -0.05300035 -0.04049959
v -0.01500003 -0.05300036 -0.03999959
v -0.01350003 -0.05300035 -0.04099959
v -0.01050005 -0.05300029 -0.06599959
v 0.01799994 -0.05300013 -0.08849961
v 0.01199993 -0.05300014 -0.09399961
v 0.01618107 -0.05300013 -0.09200485
v -0.01200007 -0.05300021 -0.10349959
v -0.01200007 -0.05300023 -0.09449959
v -0.01350007 -0.05300024 -0.09149959
v -0.01500007 -0.05300024 -0.09399959
v 0.01049992 -0.05300011 -0.11099960
v -0.00900008 -0.05300018 -0.11099959
v -0.01350008 -0.05300018 -0.11899959
v -0.01850008 -0.05300022 -0.10649959
v -0.00450009 -0.05300013 -0.12749959
v -0.00900008 -0.05300016 -0.11924959
v -0.01115742 -0.05300008 -0.16058386
v -0.01725823 -0.05300012 -0.15119380
v -0.01650010 -0.05300014 -0.14249959
v -0.01650010 -0.05300012 -0.14999959
v -0.01053580 -0.05300015 -0.12674959
v -0.00450007 -0.05300019 -0.09974959
v 0.00149995 -0.05300023 -0.07049960
v 0.00199994 -0.05300020 -0.08499960
v 0.00749995 -0.05300022 -0.06599960
v 0.00899995 -0.05300020 -0.07249960
v 0.01049995 -0.05300020 -0.07349960
v 0.00749995 -0.05300021 -0.07199960
v 0.00899992 -0.05300011 -0.11216627
v -0.00750008 -0.05300017 -0.11224959
v -0.01650008 -0.05300019 -0.11849959
v -0.01963524 -0.05300019 -0.12133774
v 0.01813473 -0.05300000 -0.14989849
v 0.01649990 -0.05300002 -0.14249961
v 0.01615673 -0.05300000 -0.15054088
v 0.00862491 -0.05300010 -0.12018710
v 0.00891168 -0.05300008 -0.12494078
v 0.01049991 -0.05300007 -0.12749960
v 0.00049999 -0.05300037 -0.01199960
v 0.01650000 -0.05300035 0.00300039
v 0.01650000 -0.05300036 0.00750039
v 0.01050000 -0.05300038 0.00600040
v 0.01350000 -0.05300036 0.00600039
v -0.01350000 -0.05300047 0.00900041
v -0.01612500 -0.05300047 0.00712541
v -0.01200000 -0.05300045 0.00375041
v 0.00450000 -0.05300040 0.00771469
v -0.00450000 -0.05300043 0.00810041
v -0.00900001 -0.05300043 0.00000041
v -0.01080001 -0.05300043 -0.00407102
v -0.01350001 -0.05300044 -0.00099959
v -0.00600001 -0.05300042 -0.00037459
v -0.00525001 -0.05300041 -0.00299959
v -0.00525000 -0.05300042 0.00300041
v -0.00300000 -0.05300042 0.00525040
v 0.00037500 -0.05300041 0.00600040
v 0.00300000 -0.05300040 0.00525040
v 0.00749999 -0.05300037 0.00000040
v 0.00599999 -0.05300038 -0.00037460
v 0.00525000 -0.05300039 0.00300040
v 0.00524999 -0.05300037 -0.00299960
v 0.00449999 -0.05300037 -0.00449960
v 0.00299999 -0.05300038 -0.00524960
v -0.00037501 -0.05300039 -0.00599960
v 0.01049999 -0.05300036 -0.00016627
v 0.01289999 -0.05300035 -0.00149961
v -0.00300001 -0.05300040 -0.00524960
v -0.00900001 -0.05300042 -0.00599959
v -0.00450001 -0.05300040 -0.00449959
v 0.00899999 -0.05300036 -0.00449960
v 0.01199999 -0.05300034 -0.00749961
v 0.01769053 -0.05300006 -0.12032180
v 0.01349992 -0.05300008 -0.11949961
v -0.00821594 -0.05300033 -0.04407914
v -0.01050004 -0.05300033 -0.04499959
v -0.00900006 -0.05300023 -0.08849959
v -0.00797289 -0.05300022 -0.08993437
v -0.01125007 -0.05300024 -0.08999959
v -0.00300002 -0.05300036 -0.02099960
v 0.00149998 -0.05300036 -0.01499960
v 0.00899998 -0.05300032 -0.02116627
v 0.00756592 -0.05300024 -0.05999907
v 0.01049995 -0.05300023 -0.05999960
v -0.00300003 -0.05300033 -0.03599960
v 0.00149995 -0.05300025 -0.06299960
v -0.00900002 -0.05300038 -0.02399959
v -0.00750002 -0.05300038 -0.02099959
v -0.03630014 -0.05300008 -0.19778529
v -0.03675014 -0.05300009 -0.19612457
v -0.03375013 -0.05300008 -0.19537458
v -0.03942870 -0.05300011 -0.19164243
v -0.04050013 -0.05300010 -0.19499957
v -0.03336500 -0.05300008 -0.19220228
v -0.02717155 -0.05300008 -0.18216387
v -0.03600013 -0.05300009 -0.19499957
v -0.02475012 -0.05300010 -0.17137458
v -0.02218006 -0.05300008 -0.17481168
v -0.03268676 -0.05300014 -0.16425985
v -0.02400012 -0.05300009 -0.17349958
v -0.01050011 -0.05300008 -0.15899959
v -0.01050010 -0.05300010 -0.14699959
v -0.00900010 -0.05300010 -0.14699959
v -0.00528271 -0.05300010 -0.14191264
v -0.00900011 -0.05300008 -0.15674959
v -0.00750011 -0.05300007 -0.15549959
v -0.00400011 -0.05300007 -0.15324959
v -0.00750009 -0.05300014 -0.12449959
v -0.00900009 -0.05300015 -0.12524959
v 0.00149989 -0.05300005 -0.15149960
v 0.00449989 -0.05300004 -0.15337460
v 0.00449991 -0.05300009 -0.12749960
v 0.00551603 -0.05300006 -0.14162863
v 0.00749990 -0.05300004 -0.14549960
v 0.00749989 -0.05300002 -0.15524960
v 0.00974147 -0.05300003 -0.14693219
v 0.00987489 -0.05300001 -0.15712460
v 0.01349989 -0.05299998 -0.16499961
v 0.02705029 -0.05299989 -0.18178953
v 0.02192448 -0.05299993 -0.17378929
v 0.02399988 -0.05299992 -0.17399961
v 0.02512488 -0.05299992 -0.17156211
v 0.03569986 -0.05299982 -0.19778533
v 0.03524986 -0.05299983 -0.19612462
v 0.03937487 -0.05299982 -0.19518712
v 0.03149987 -0.05299985 -0.19499962
v 0.03356237 -0.05299984 -0.19331212
v 0.03749987 -0.05299983 -0.19349962
v 0.04005415 -0.05299982 -0.19194819
v 0.03749987 -0.05299985 -0.18299962
v 0.03599987 -0.05299983 -0.19499962
v 0.03233076 -0.05299992 -0.16246048
v 0.03449988 -0.05299988 -0.17399962
v 0.02999989 -0.05299994 -0.15599962
v 0.02308226 -0.05300002 -0.13310549
v 0.01949992 -0.05300008 -0.11249961
v 0.01799999 -0.05300033 -0.00299961
v 0.01799999 -0.05300034 0.00075039
v 0.01650000 -0.05300035 0.00600039
v 0.01800000 -0.05300035 0.00450039
v 0.01500000 -0.05300037 0.00900039
v 0.01350000 -0.05300037 0.00900039
v 0.01500000 -0.05300037 0.01050039
v 0.01200000 -0.05300039 0.01350039
v 0.00900000 -0.05300040 0.01650040
v 0.00750000 -0.05300041 0.01650040
v 0.00750000 -0.05300040 0.01200040
v 0.00492858 -0.05300042 0.01757183
v 0.00600000 -0.05300041 0.01200040
v -0.00500000 -0.05300046 0.01750041
v -0.00149999 -0.05300045 0.01800040
v 0.00150001 -0.05300043 0.01800040
v -0.00450000 -0.05300044 0.01200041
v -0.00914516 -0.05300047 0.01548428
v -0.00750000 -0.05300045 0.01200041
v -0.01500000 -0.05300048 0.01050041
v -0.01800000 -0.05300047 0.00450041
v -0.01800001 -0.05300045 -0.00524959
v -0.01800005 -0.05300031 -0.06824959
v -0.01800007 -0.05300024 -0.10049959
v -0.03016875 -0.05300015 -0.15757058
v -0.02234531 -0.05300019 -0.12695643
v 0.01799996 -0.05300023 -0.04799961
v 0.00000016 -0.08550037 0.01350040
v 0.00000014 -0.08100037 0.01200040
v 0.00150016 -0.08550036 0.01250040
v -0.01050001 -0.08550050 -0.23399959
v -0.01200001 -0.08550050 -0.23249959
v -0.01350001 -0.08550051 -0.23249959
v -0.00750001 -0.08550049 -0.23549959
v 0.01049999 -0.08550043 -0.23549960
v -0.00300001 -0.08550047 -0.23249959
v 0.00299999 -0.08550045 -0.23249960
v 0.01349999 -0.08550041 -0.23249960
v 0.01454650 -0.08550041 -0.23616240
v 0.01049999 -0.08550043 -0.23249960
v -0.02880590 -0.08550053 -0.15229951
v -0.01874996 -0.08550050 -0.16649958
v -0.01049996 -0.08550047 -0.15599959
v -0.00149996 -0.08550044 -0.16299960
v 0.00150004 -0.08550043 -0.16399960
v 0.00750004 -0.08550041 -0.16799960
v -0.00299996 -0.08550044 -0.16049959
v 0.01687504 -0.08550038 -0.16649961
v 0.01650004 -0.08550038 -0.16049961
v 0.03300004 -0.08550032 -0.16649962
v -0.00872362 -0.08550045 -0.12493380
v -0.01049991 -0.08550044 -0.08999959
v -0.01199991 -0.08550045 -0.09199959
v -0.01599991 -0.08550047 -0.09399959
v 0.01200009 -0.08550037 -0.09316627
v 0.01661547 -0.08550035 -0.09249961
v 0.00900007 -0.08550038 -0.11099960
v 0.00900009 -0.08550037 -0.08999960
v -0.01499988 -0.08550044 -0.04199959
v -0.01049990 -0.08550044 -0.07349959
v -0.01049987 -0.08550042 -0.02249959
v -0.01499988 -0.08550044 -0.03899959
v -0.01237488 -0.08550043 -0.03956209
v -0.01199988 -0.08550043 -0.04199959
v 0.00900012 -0.08550036 -0.04199960
v 0.01707704 -0.08550033 -0.03899961
v 0.01500012 -0.08550033 -0.04199961
v 0.01260012 -0.08550034 -0.03964246
v 0.01350012 -0.08550034 -0.04199960
v 0.00525013 -0.08550036 -0.02099960
v -0.00299986 -0.08550038 -0.00524959
v -0.00316653 -0.08550039 -0.01366626
v -0.00749986 -0.08550040 -0.00899959
v -0.00749986 -0.08550040 -0.01199959
v -0.00449986 -0.08550039 -0.00899959
v 0.01350015 -0.08550032 -0.00049960
v 0.00900015 -0.08550034 0.00000040
v 0.01050015 -0.08550033 0.00050040
v -0.00899985 -0.08550040 0.00300041
v -0.01049985 -0.08550041 0.00900041
v -0.00149985 -0.08550037 0.01100040
v 0.00000015 -0.08550037 0.00750040
v 0.01350007 -0.08550037 -0.12099960
v -0.02099996 -0.08550051 -0.15749958
v -0.01649993 -0.08550048 -0.12149959
v -0.02099993 -0.08550049 -0.12299958
v -0.02024996 -0.08550051 -0.15974958
v -0.01949997 -0.08325050 -0.15899958
v -0.01649996 -0.08550049 -0.16049959
v -0.01649997 -0.08325049 -0.15899959
v -0.01037059 -0.08550046 -0.12619650
v -0.00576918 -0.08550045 -0.15192267
v -0.00449994 -0.08550044 -0.12749959
v -0.00839995 -0.08550046 -0.15509959
v 0.01297516 -0.08550032 0.01297540
v 0.01537515 -0.08550031 0.00787539
v -0.01499985 -0.08550042 0.01050041
v -0.01649985 -0.08550043 0.00600041
v -0.01799985 -0.08550043 0.00450042
v -0.01349985 -0.08550042 -0.00149959
v -0.01199986 -0.08550042 -0.00749959
v -0.01799986 -0.08550044 -0.01574958
v -0.01799990 -0.08550046 -0.07049958
v -0.01849992 -0.08550048 -0.10449958
v -0.02225107 -0.08550050 -0.12629236
v -0.04196851 -0.08550059 -0.18956600
v -0.03749998 -0.08550058 -0.19199957
v -0.03449999 -0.08550057 -0.20549957
v -0.03449998 -0.08550057 -0.19349957
v -0.04233793 -0.08550060 -0.19547981
v -0.03599998 -0.08550057 -0.19199957
v -0.03899997 -0.08550058 -0.18299957
v -0.03896590 -0.08550059 -0.21721832
v -0.02242091 -0.08550054 -0.23642829
v -0.01514692 -0.08550052 -0.23706917
v -0.01225443 -0.08550051 -0.24108086
v 0.01572114 -0.08550041 -0.24028807
v 0.00068903 -0.08550046 -0.24285119
v 0.02201406 -0.08550039 -0.23663915
v 0.02486701 -0.08550034 -0.14041545
v 0.02100007 -0.08550035 -0.12299961
v 0.01842974 -0.08550035 -0.11877487
v 0.01800010 -0.08550033 -0.06599961
v 0.01650014 -0.08550032 -0.01049961
v 0.01800015 -0.08550031 0.00450039
v -0.00974986 -0.08550041 -0.00492816
v -0.01049986 -0.08550041 -0.00749959
v 0.00300014 -0.08550036 -0.00749960
v 0.00450014 -0.08550036 -0.01149960
v 0.00771443 -0.08550035 -0.00859051
v 0.01125014 -0.08550033 -0.00492817
v -0.01124985 -0.08550041 0.00107184
v -0.00449986 -0.08550039 -0.00449959
v -0.00599985 -0.08550039 0.00037541
v -0.00524985 -0.08550039 0.00300041
v -0.00524986 -0.08550039 -0.00299959
v 0.00037515 -0.08550037 0.00600040
v -0.00299985 -0.08550038 0.00525041
v 0.00450015 -0.08550035 0.00300040
v 0.00300015 -0.08550036 0.00525040
v 0.00600015 -0.08550035 0.00037540
v 0.00600015 -0.08550035 0.00300040
v 0.00900014 -0.08550034 -0.00599960
v 0.00450014 -0.08550036 -0.00449960
v 0.00525014 -0.08550035 -0.00299960
v 0.00300014 -0.08550036 -0.00524960
v -0.00037486 -0.08550038 -0.00599960
v -0.01252075 -0.08550051 -0.23027579
v -0.02550000 -0.08550055 -0.22049958
v -0.02849999 -0.08550056 -0.21449958
v -0.02948466 -0.08550056 -0.21717749
v -0.03450001 -0.08325058 -0.22574957
v -0.03254032 -0.08550057 -0.21892699
v -0.02999999 -0.08550056 -0.21149958
v -0.03149999 -0.08550057 -0.21149958
v -0.03150000 -0.08550057 -0.22949958
v -0.03346752 -0.08550057 -0.20068789
v -0.03096174 -0.08550056 -0.18989958
v -0.02444850 -0.08550053 -0.17577110
v -0.03374996 -0.08550056 -0.16649957
v -0.02549997 -0.08550053 -0.17149958
v -0.02156893 -0.08550052 -0.17399958
v -0.02249997 -0.08550052 -0.17699958
v -0.00749996 -0.08550046 -0.16799959
v -0.00149996 -0.08550044 -0.16799960
v 0.00915793 -0.08550041 -0.16942065
v 0.01950003 -0.08550037 -0.17399961
v 0.02700003 -0.08550035 -0.18299961
v 0.02192860 -0.08550036 -0.17414247
v 0.02400003 -0.08550035 -0.17299961
v 0.02550003 -0.08550035 -0.17124961
v 0.02610429 -0.08550035 -0.17938824
v 0.03750002 -0.08550031 -0.19499962
v 0.03383353 -0.08550033 -0.19216028
v 0.04037557 -0.08550030 -0.18992103
v 0.03220752 -0.08550033 -0.19511574
v 0.03600002 -0.08550032 -0.19199962
v 0.03300001 -0.08550033 -0.20249962
v 0.03528500 -0.08550033 -0.22517309
v 0.03323077 -0.08550034 -0.21807654
v 0.04200001 -0.08550030 -0.20849962
v 0.02550000 -0.08550037 -0.22049961
v 0.03150000 -0.08550034 -0.21749962
v 0.03105883 -0.08550035 -0.21908785
v 0.03150001 -0.08550034 -0.21599962
v 0.03150001 -0.08550034 -0.20699962
v 0.01950000 -0.08550039 -0.22649961
v 0.01032089 -0.08550043 -0.23095483
v -0.00000001 -0.08325046 -0.23249960
v 0.00700015 -0.08550034 0.00750040
v 0.00825016 -0.08550034 0.01285754
v 0.00818198 -0.08550034 0.01595494
v -0.00209984 -0.08550037 0.01830041
v 0.00450015 -0.08550035 0.01000040
v -0.00749984 -0.08550039 0.01425041
v -0.00449985 -0.08550038 0.01200041
v -0.00599985 -0.08550039 0.01200041
v -0.00449985 -0.08550038 0.00810041
v 0.01350015 -0.08550032 0.00600040
v 0.01200015 -0.08550033 0.00900040
v 0.01050015 -0.08550033 0.00900040
v 0.01050015 -0.08550033 0.00600040
v -0.01462485 -0.08550042 0.00862541
v -0.01049985 -0.08550041 0.00600041
v -0.01349985 -0.08550042 0.00600041
v 0.00075014 -0.08550037 -0.01242817
v -0.01767750 -0.08550048 -0.11805099
v -0.01499993 -0.08550047 -0.12149959
v -0.01349993 -0.08550047 -0.11899959
v 0.00975008 -0.08325037 -0.08849960
v 0.00764643 -0.08550038 -0.08988984
v 0.00882459 -0.08550036 -0.04397833
v -0.00171050 -0.08550041 -0.07503536
v 0.00079613 -0.08550040 -0.09147286
v 0.00900008 -0.08550038 -0.10949960
v 0.00750007 -0.08550039 -0.11149960
v 0.00000007 -0.08550042 -0.11249960
v -0.00899993 -0.08550045 -0.11224959
v -0.01049994 -0.08100045 -0.11099959
v -0.01049993 -0.08550045 -0.11099959
v -0.00899990 -0.08550043 -0.07299959
v -0.00524987 -0.08550040 -0.02099959
v 0.00900013 -0.08550035 -0.02399960
v 0.00900013 -0.08550035 -0.02099960
v -0.00742317 -0.08550042 -0.05999821
v -0.00149989 -0.08550040 -0.06299960
v -0.01049989 -0.08550043 -0.05849959
v -0.00899987 -0.08550041 -0.02199959
v 0.00450005 -0.08550041 -0.14849960
v 0.00900005 -0.08550040 -0.15524960
v 0.00600005 -0.08550041 -0.14999960
v 0.00600005 -0.08550041 -0.15299960
v 0.00750005 -0.08550041 -0.15399960
v 0.00578578 -0.08550040 -0.12578531
v 0.00900006 -0.08550039 -0.12524960
v 0.01042917 -0.08550038 -0.12607796
v 0.02100004 -0.08550036 -0.15599961
v 0.01800004 -0.08550037 -0.16049961
v 0.01950004 -0.08550036 -0.15899961
v 0.02025004 -0.08550036 -0.15974961
v 0.01650004 -0.08550038 -0.15899961
v 0.00300012 -0.08550037 -0.03599960
v -0.00899986 -0.08100040 0.00900041
v -0.00299986 -0.08100038 0.00900040
v 0.00000014 -0.08100037 0.00750040
v -0.00749987 -0.08100040 0.00000041
v 0.01650013 -0.08100031 0.00300039
v 0.00900013 -0.08100034 -0.00299960
v 0.01500013 -0.08100032 -0.00049961
v 0.00525013 -0.08100035 0.00300040
v 0.01050013 -0.08100033 0.00016706
v -0.00299987 -0.08100039 -0.00749960
v -0.00749988 -0.08100040 -0.01349959
v -0.00749988 -0.08100040 -0.00899959
v -0.00749988 -0.08100040 -0.01199959
v -0.00599988 -0.08100040 -0.00899959
v -0.00449988 -0.08100039 -0.01149959
v -0.01799988 -0.08100044 -0.01349959
v 0.00000012 -0.08100038 -0.01799960
v 0.00900012 -0.08100035 -0.02099960
v -0.01237490 -0.08100043 -0.04199959
v -0.01649990 -0.08100045 -0.04199959
v -0.01366656 -0.08100044 -0.03949959
v 0.01425010 -0.08100034 -0.04199961
v 0.00900010 -0.08100036 -0.04199960
v 0.01237510 -0.08100034 -0.03956211
v -0.01799989 -0.08100045 -0.03599959
v -0.01649993 -0.08100047 -0.09199959
v -0.01199993 -0.08100045 -0.09399959
v 0.01500005 -0.08100036 -0.11849961
v 0.01600007 -0.08100035 -0.09349961
v 0.00900007 -0.08100037 -0.08999960
v 0.01200007 -0.08100037 -0.09283294
v 0.00750006 -0.08100039 -0.11237460
v 0.00000005 -0.08100042 -0.12299960
v 0.00900005 -0.08100039 -0.12449960
v -0.01649997 -0.08100049 -0.16049959
v -0.00937498 -0.08100047 -0.16574959
v 0.00000002 -0.08100043 -0.16199960
v 0.00150002 -0.08100043 -0.16499960
v 0.00150002 -0.08100043 -0.16199960
v -0.00149998 -0.08100044 -0.16399960
v 0.01650003 -0.08100038 -0.16049961
v 0.02100002 -0.08100036 -0.16649961
v -0.01050002 -0.08100050 -0.23399959
v -0.01350002 -0.08100051 -0.23249959
v -0.01481148 -0.08100052 -0.23785434
v -0.00000002 -0.08100046 -0.23249960
v 0.01049998 -0.08100043 -0.23807103
v 0.01349998 -0.08100041 -0.23249961
v 0.01049998 -0.08100043 -0.23249960
v -0.00899988 -0.08100041 -0.02116626
v -0.01049988 -0.08100042 -0.02249959
v -0.00749991 -0.08100042 -0.05999959
v -0.00749991 -0.08100042 -0.06599959
v -0.01049990 -0.08325043 -0.05999959
v -0.00299991 -0.08100041 -0.06599960
v 0.00525012 -0.08100036 -0.02099960
v 0.00966677 -0.08100035 -0.04424960
v 0.00750010 -0.08100036 -0.04499960
v 0.00009603 -0.08167539 -0.04182709
v -0.00149991 -0.08100040 -0.06299960
v 0.00780007 -0.08100038 -0.08954960
v 0.01350005 -0.08100037 -0.12049961
v 0.01759482 -0.08100036 -0.12031573
v -0.01537486 -0.08100042 0.00787541
v -0.01649987 -0.08100043 0.00300041
v -0.01499986 -0.08100042 0.01050041
v -0.00899985 -0.08325040 0.01650041
v 0.00500014 -0.08100035 0.01750040
v 0.00150014 -0.08100036 0.01800040
v -0.00149986 -0.08100037 0.01800040
v 0.01050014 -0.08100033 0.00900040
v 0.01102080 -0.08100033 0.01490122
v 0.01650013 -0.08100031 0.00600039
v 0.01800013 -0.08100031 0.00450039
v 0.01800012 -0.08100031 -0.01574961
v 0.01612511 -0.08100033 -0.03899961
v 0.01800008 -0.08100034 -0.07649961
v 0.01850006 -0.08100035 -0.10449961
v 0.02100005 -0.08100035 -0.12299961
v 0.02290067 -0.08100034 -0.13192974
v 0.02850003 -0.08100033 -0.15149962
v 0.02444448 -0.08100038 -0.23536476
v 0.01504377 -0.08100041 -0.23772224
v 0.01399997 -0.08100042 -0.24049961
v 0.00749997 -0.08100044 -0.24149960
v -0.00039666 -0.08100047 -0.24333854
v -0.01200003 -0.08100051 -0.24149959
v -0.02145002 -0.08100054 -0.23678958
v -0.04066193 -0.08100060 -0.21386807
v -0.03449999 -0.08100057 -0.19199958
v -0.03450000 -0.08100057 -0.19499958
v -0.04057557 -0.08100059 -0.19108414
v -0.03750000 -0.08100058 -0.19499957
v -0.04200000 -0.08100060 -0.20193707
v -0.03374998 -0.08100056 -0.16649958
v -0.02461957 -0.08100051 -0.14000703
v -0.02099995 -0.08100049 -0.12299958
v -0.01869716 -0.08100049 -0.12114012
v -0.01799987 -0.08100044 -0.00749959
v -0.01799987 -0.08100043 0.00450041
v -0.00899987 -0.08100041 -0.00749959
v -0.01099987 -0.08100041 -0.00449959
v -0.01199987 -0.08100042 -0.00749959
v 0.01200013 -0.08100033 -0.00449961
v 0.00675013 -0.08100035 -0.00449960
v 0.00300013 -0.08100036 -0.00524960
v 0.00825013 -0.08100035 -0.00824960
v 0.00492870 -0.08100036 -0.01063596
v 0.01457155 -0.08100032 -0.00749961
v -0.01049987 -0.08100041 -0.00016626
v -0.01499987 -0.08100042 0.00050041
v 0.00600013 -0.08100035 -0.00037460
v 0.00525013 -0.08100035 -0.00299960
v 0.00300013 -0.08100036 0.00525040
v -0.00037487 -0.08100037 0.00600040
v -0.00299987 -0.08100038 0.00525040
v -0.00599987 -0.08100039 -0.00037459
v -0.00524987 -0.08100039 0.00300041
v -0.00599987 -0.08100039 -0.00299959
v -0.00449987 -0.08100039 -0.00299959
v -0.00449987 -0.08100039 -0.00449959
v -0.00299987 -0.08100038 -0.00524960
v 0.00037513 -0.08100037 -0.00599960
v 0.00749998 -0.08100044 -0.23099960
v 0.01206046 -0.08100042 -0.23067299
v 0.02549999 -0.08100037 -0.22049961
v 0.04146764 -0.08100031 -0.21255671
v 0.02924999 -0.08100035 -0.21299962
v 0.02948465 -0.08100035 -0.21717753
v 0.03254031 -0.08100034 -0.21892704
v 0.03150000 -0.08100034 -0.20549962
v 0.03149999 -0.08100034 -0.21224962
v 0.03328449 -0.08100033 -0.19546514
v 0.03206988 -0.08100033 -0.19207977
v 0.02680001 -0.08100035 -0.18139962
v 0.03862500 -0.08100031 -0.19399962
v 0.03300000 -0.08100033 -0.20249962
v 0.04159350 -0.08100030 -0.19050223
v 0.02123079 -0.08100036 -0.17319192
v 0.02490002 -0.08100035 -0.17212461
v 0.02400002 -0.08100035 -0.17399961
v 0.01950002 -0.08100037 -0.17399961
v 0.00832897 -0.08100041 -0.16859171
v 0.00000002 -0.08100044 -0.16799960
v -0.00749998 -0.08100046 -0.16799959
v -0.01049998 -0.08100048 -0.16949959
v -0.01349998 -0.08100049 -0.17099959
v -0.02099998 -0.08100051 -0.17474958
v -0.02249998 -0.08100052 -0.17099958
v -0.02474998 -0.08100053 -0.17183291
v -0.02470211 -0.08100053 -0.17834001
v -0.02833783 -0.08100054 -0.18408404
v -0.03295946 -0.08100057 -0.19908404
v -0.02852596 -0.08100056 -0.21732830
v -0.03323078 -0.08100057 -0.21807650
v -0.03150001 -0.08100057 -0.21749958
v -0.03150001 -0.08100057 -0.21599958
v -0.03150000 -0.08100056 -0.20699958
v -0.03008957 -0.08100057 -0.22840256
v -0.01950002 -0.08100053 -0.22649959
v -0.02550001 -0.08100055 -0.22049958
v -0.01051143 -0.08100050 -0.23090834
v 0.00550014 -0.08100035 0.01200040
v 0.00750014 -0.08100034 0.00900040
v -0.00749986 -0.08100039 0.01650041
v -0.00749986 -0.08100039 0.01200041
v -0.00515840 -0.08100038 0.01404919
v -0.00449986 -0.08100038 0.01800041
v -0.00449986 -0.08100038 0.00771469
v 0.00707156 -0.08100034 0.00810040
v 0.01462514 -0.08100032 0.00862539
v 0.01250013 -0.08100032 0.00600039
v -0.01349987 -0.08100042 0.00600041
v -0.01199986 -0.08100041 0.00900041
v -0.01049987 -0.08100041 0.00600041
v -0.00049988 -0.08100038 -0.01199960
v 0.00050012 -0.08100038 -0.01499960
v -0.01649996 -0.08100049 -0.14249959
v -0.02024997 -0.08100051 -0.15974958
v -0.00533330 -0.08100045 -0.14933293
v -0.00790871 -0.08100046 -0.15453044
v -0.00649995 -0.08100044 -0.12499959
v -0.00989995 -0.08100046 -0.12599959
v -0.01399995 -0.08100047 -0.11849959
v -0.01349995 -0.08100047 -0.12149959
v -0.00161091 -0.08100041 -0.08328996
v -0.00899992 -0.08100043 -0.07249959
v -0.01049992 -0.08100044 -0.07349959
v -0.00749991 -0.08325043 -0.07199959
v -0.00899994 -0.08100045 -0.11149959
v 0.00900006 -0.08100038 -0.11099960
v 0.00900003 -0.08100040 -0.15524960
v 0.01650003 -0.08100038 -0.15899961
v 0.02025003 -0.08100036 -0.15974961
v 0.02100003 -0.08100036 -0.15599961
v 0.01950003 -0.08100036 -0.15899961
v 0.01037070 -0.08100038 -0.12619652
v 0.00900005 -0.08100039 -0.12599960
v 0.00615487 -0.08100041 -0.15249638
v 0.00562505 -0.08100040 -0.12562460
v 0.00300007 -0.08100040 -0.09599960
v -0.00000016 -0.03960045 -0.19999946
v 0.03915708 -0.03960031 -0.19730255
v 0.03915725 -0.08500031 -0.19730270
v 0.00000002 -0.08500045 -0.19999961
v 0.03787854 -0.03960034 -0.18971517
v 0.03787871 -0.08500034 -0.18971532
v 0.03514435 -0.03960037 -0.18252301
v 0.03514452 -0.08500037 -0.18252316
v 0.03105957 -0.03960041 -0.17600247
v 0.03105974 -0.08500041 -0.17600261
v 0.02578118 -0.03960045 -0.17040411
v 0.02578136 -0.08500045 -0.17040426
v 0.01951204 -0.03960049 -0.16594309
v 0.01951221 -0.08500049 -0.16594323
v 0.01249305 -0.03960052 -0.16279083
v 0.01249322 -0.08500052 -0.16279098
v 0.00499395 -0.03960056 -0.16106848
v 0.00499412 -0.08500056 -0.16106863
v -0.00269707 -0.03960059 -0.16084223
v -0.00269690 -0.08500059 -0.16084237
v -0.01028445 -0.03960061 -0.16212076
v -0.01028428 -0.08500061 -0.16212091
v -0.01747661 -0.03960063 -0.16485496
v -0.01747643 -0.08500063 -0.16485511
v -0.02399715 -0.03960064 -0.16893973
v -0.02399698 -0.08500064 -0.16893988
v -0.02959551 -0.03960065 -0.17421812
v -0.02959534 -0.08500065 -0.17421827
v -0.03405653 -0.03960064 -0.18048727
v -0.03405636 -0.08500064 -0.18048742
v -0.03720879 -0.03960063 -0.18750626
v -0.03720862 -0.08500063 -0.18750641
v -0.03893114 -0.03960061 -0.19500536
v -0.03893097 -0.08500061 -0.19500551
v -0.03915739 -0.03960059 -0.20269638
v -0.03915722 -0.08500059 -0.20269652
v -0.03787886 -0.03960056 -0.21028375
v -0.03787868 -0.08500056 -0.21028390
v -0.03514466 -0.03960053 -0.21747591
v -0.03514449 -0.08500053 -0.21747606
v -0.03105988 -0.03960049 -0.22399646
v -0.03105971 -0.08500049 -0.22399661
v -0.02578150 -0.03960045 -0.22959482
v -0.02578133 -0.08500045 -0.22959496
v -0.01951235 -0.03960041 -0.23405584
v -0.01951218 -0.08500041 -0.23405599
v -0.01249336 -0.03960038 -0.23720810
v -0.01249319 -0.08500038 -0.23720824
v -0.00499426 -0.03960034 -0.23893044
v -0.00499409 -0.08500034 -0.23893059
v 0.00269676 -0.03960031 -0.23915670
v 0.00269693 -0.08500031 -0.23915685
v 0.01028413 -0.03960029 -0.23787816
v 0.01028431 -0.08500029 -0.23787831
v 0.01747629 -0.03960027 -0.23514397
v 0.01747646 -0.08500027 -0.23514412
v 0.02399684 -0.03960026 -0.23105919
v 0.02399701 -0.08500026 -0.23105934
v 0.02959520 -0.03960025 -0.22578080
v 0.02959537 -0.08500025 -0.22578095
v 0.03405622 -0.03960026 -0.21951166
v 0.03405639 -0.08500026 -0.21951180
v 0.03720848 -0.03960027 -0.21249267
v 0.03720865 -0.08500027 -0.21249281
v 0.03893083 -0.03960029 -0.20499357
v 0.03893100 -0.08500029 -0.20499372
v 0.01500010 -0.08050029 -0.03899961
v 0.01499994 -0.05350029 -0.03899962
v 0.01449993 -0.05350030 -0.04199962
v 0.01443760 -0.08050030 -0.04162461
v 0.01349994 -0.05350030 -0.04049962
v 0.01199994 -0.05350031 -0.04049962
v 0.01199994 -0.05350031 -0.03899962
v 0.01200010 -0.08050031 -0.03949961
v 0.01200010 -0.08050031 -0.04199961
v 0.01650010 -0.08050028 -0.03974961
v 0.01500010 -0.08050029 -0.03749961
v 0.01649994 -0.05350028 -0.03974962
v -0.00974995 -0.08050048 -0.12749959
v -0.00299995 -0.08050044 -0.12749960
v 0.00825004 -0.08050037 -0.12899960
v 0.01350005 -0.08050034 -0.12149961
v -0.00974995 -0.08050048 -0.11549959
v -0.00649994 -0.08050046 -0.11199959
v 0.00300005 -0.08050040 -0.12074960
v 0.00975005 -0.08050036 -0.11549960
v -0.01349995 -0.08050050 -0.11849959
v 0.01050006 -0.08050035 -0.10349960
v -0.01049991 -0.08050046 -0.06599959
v 0.01050009 -0.08050033 -0.05249960
v 0.00975008 -0.08050034 -0.06749960
v -0.01274988 -0.08050045 -0.00899959
v -0.00974988 -0.08050044 -0.01499959
v 0.00637512 -0.08050034 -0.01649960
v 0.01500012 -0.08050028 -0.01499961
v -0.01349987 -0.08050046 -0.00274959
v -0.00374988 -0.08050040 -0.00824960
v 0.00825012 -0.08050032 -0.00824960
v 0.01500012 -0.08050028 -0.00899961
v 0.00975008 -0.08050034 -0.07424960
v 0.00975006 -0.08050035 -0.10874960
v 0.00700006 -0.08050037 -0.11149960
v 0.00450006 -0.08050039 -0.11249960
v 0.00900006 -0.08050036 -0.11099960
v -0.00899994 -0.08050047 -0.11099959
v -0.01049994 -0.08050048 -0.10349959
v -0.00974994 -0.08050047 -0.10874959
v -0.00974992 -0.08050046 -0.07424959
v -0.00899992 -0.08050045 -0.06899959
v -0.00749992 -0.08050045 -0.07199959
v -0.00449992 -0.08050043 -0.06937460
v 0.00187508 -0.08050039 -0.06937460
v 0.00750008 -0.08050035 -0.07199960
v -0.01049991 -0.08050046 -0.05849959
v -0.01049991 -0.08050046 -0.05249959
v -0.00839991 -0.08050045 -0.05962459
v -0.01049989 -0.08050045 -0.02399959
v -0.00299988 -0.08050040 -0.01799960
v 0.00000012 -0.08050038 -0.02099960
v 0.00600012 -0.08050034 -0.02099960
v 0.00825011 -0.08050033 -0.02224960
v 0.01050011 -0.08050032 -0.02399960
v 0.01050009 -0.08050033 -0.05849960
v 0.00750009 -0.08050035 -0.06149960
v 0.00375009 -0.08050037 -0.06149960
v -0.00374991 -0.08050042 -0.06149960
v -0.00749991 -0.08050044 -0.06149959
v -0.01649995 -0.08050052 -0.12149959
v -0.01799995 -0.08050053 -0.12849959
v -0.01349995 -0.08050050 -0.12149959
v 0.01350005 -0.08050033 -0.11849961
v -0.01349990 -0.08050047 -0.04199959
v -0.01499990 -0.08050048 -0.03899959
v -0.01499993 -0.08050050 -0.09449959
v -0.01199993 -0.08050048 -0.09199959
v 0.01500007 -0.08050031 -0.09149961
v 0.01200007 -0.08050033 -0.09349961
v 0.01500009 -0.08050030 -0.05924961
v 0.00964298 -0.08050031 -0.00209960
v 0.00975013 -0.08050031 0.00225040
v 0.01050013 -0.08050031 0.00150040
v 0.01200013 -0.08050030 0.00450039
v 0.01500013 -0.08050028 -0.00149961
v 0.01350013 -0.08050029 -0.00299961
v 0.01350013 -0.08050029 -0.00149961
v 0.01500013 -0.08050028 0.00000039
v 0.01500013 -0.08050028 0.00150039
v 0.01350013 -0.08050029 0.00275039
v 0.00300012 -0.08050036 -0.01049960
v 0.00900012 -0.08050032 -0.01049960
v 0.00450012 -0.08050035 -0.01299960
v 0.00300012 -0.08050036 -0.01199960
v 0.00600012 -0.08050034 -0.01349960
v 0.00900012 -0.08050032 -0.01199960
v 0.00750012 -0.08050033 -0.01249960
v 0.00375012 -0.08050035 -0.00824960
v 0.00600012 -0.08050034 -0.00749960
v 0.01462513 -0.08050028 0.00562539
v 0.01050013 -0.08050030 0.00600040
v -0.00899988 -0.08050043 -0.01049959
v -0.00899988 -0.08050043 -0.01199959
v -0.00299988 -0.08050039 -0.01049960
v -0.00299988 -0.08050039 -0.01199960
v -0.00629988 -0.08050042 -0.01328531
v -0.00449988 -0.08050040 -0.01199960
v -0.00824988 -0.08050043 -0.00824959
v -0.00599988 -0.08050041 -0.00749959
v -0.00964273 -0.08050043 0.00210041
v -0.01049987 -0.08050044 -0.00299959
v -0.00949987 -0.08050043 -0.00149959
v -0.01499987 -0.08050046 0.00000041
v -0.01499987 -0.08050047 -0.00149959
v -0.01499987 -0.08050046 0.00150041
v -0.01349987 -0.08050045 0.00250041
v 0.00000012 -0.08050038 -0.01649960
v -0.00149988 -0.08050039 -0.01399960
v 0.00150012 -0.08050037 -0.01249960
v -0.01049987 -0.08050043 0.00600041
v -0.01237487 -0.08050045 0.00600041
v -0.01199987 -0.08050044 0.00450041
v -0.01462487 -0.08050046 0.00562541
v -0.01724988 -0.08050048 -0.00824959
v -0.01799988 -0.08050049 -0.01499959
v -0.01799991 -0.08050050 -0.05249959
v -0.01799991 -0.08050051 -0.06599959
v -0.01799994 -0.08050052 -0.10349959
v -0.01499993 -0.08050050 -0.09149959
v -0.01499993 -0.08050050 -0.09299959
v -0.01799994 -0.08050053 -0.11249959
v -0.01706245 -0.08050052 -0.11849959
v -0.01874995 -0.08050054 -0.12224959
v -0.01574996 -0.08050052 -0.12974959
v -0.01499996 -0.08050052 -0.12899959
v 0.01950005 -0.08050030 -0.12599961
v 0.01650005 -0.08050032 -0.11849961
v 0.01796255 -0.08050031 -0.12138711
v 0.01800005 -0.08050031 -0.11549961
v 0.01800006 -0.08050030 -0.11249961
v 0.01800009 -0.08050028 -0.05924961
v 0.01800006 -0.08050030 -0.10349961
v 0.01500007 -0.08050032 -0.09449961
v 0.01650007 -0.08050031 -0.09224961
v 0.01800012 -0.08050026 -0.01199961
v 0.01800013 -0.08050026 0.00150039
v 0.01800013 -0.08050026 0.00000039
v 0.01687513 -0.08050026 0.00622539
v 0.01275014 -0.08050029 0.01275039
v 0.01456592 -0.08050028 0.00903987
v 0.01050013 -0.08050030 0.00900040
v 0.01050014 -0.08050030 0.01500040
v 0.00300014 -0.08050035 0.01800040
v 0.00900014 -0.08050031 0.01050040
v 0.00300014 -0.08050035 0.01200040
v 0.00300013 -0.08050035 0.00900040
v 0.00750013 -0.08050032 0.00750040
v 0.00771442 -0.08050032 0.01457183
v 0.00450013 -0.08050034 0.00750040
v 0.00450014 -0.08050034 0.01300040
v 0.00750014 -0.08050032 0.01200040
v 0.00600013 -0.08050033 0.00750040
v 0.00000014 -0.08050036 0.01800040
v -0.00299986 -0.08050038 0.01800040
v -0.00899986 -0.08050042 0.01050041
v -0.00299987 -0.08050039 0.00900040
v -0.00749987 -0.08050042 0.00750041
v -0.00299986 -0.08050039 0.01200040
v -0.00449986 -0.08050039 0.01325040
v -0.00749986 -0.08050041 0.01250041
v -0.00449987 -0.08050040 0.00750040
v -0.00599987 -0.08050041 0.00750041
v -0.01049987 -0.08050043 0.00900041
v -0.01049986 -0.08050043 0.01500041
v -0.01199987 -0.08050044 0.00900041
v -0.01199986 -0.08050044 0.01350041
v -0.01349987 -0.08050045 0.00900041
v -0.01612487 -0.08050047 0.00727541
v -0.01799987 -0.08050048 0.00450041
v -0.01799987 -0.08050048 0.00150041
v -0.01799987 -0.08050048 0.00000041
v 0.00450013 -0.08050034 0.00450040
v 0.00600013 -0.08050033 0.00075040
v 0.00525013 -0.08050034 -0.00412460
v 0.00300013 -0.08050036 -0.00599960
v -0.00599987 -0.08050041 0.00075041
v -0.00299987 -0.08050039 -0.00549960
v -0.00299987 -0.08050039 0.00550040
v -0.00449987 -0.08050040 0.00450040
v 0.00300013 -0.08050035 0.00583373
v -0.00037494 -0.08050042 -0.11249960
v -0.00899992 -0.08050046 -0.07499959
v -0.00449992 -0.08050043 -0.07199960
v -0.01050009 -0.05350047 -0.07649960
v -0.00878582 -0.05350047 -0.11035675
v -0.00600011 -0.05350045 -0.11249960
v -0.00450011 -0.05350044 -0.11249961
v 0.00450008 -0.08050037 -0.07199960
v -0.01050009 -0.05350047 -0.07499960
v -0.00900009 -0.05350046 -0.07499960
v -0.00819651 -0.05350045 -0.07216032
v -0.01050009 -0.05350047 -0.08099960
v -0.00750011 -0.05350046 -0.11099960
v -0.01050011 -0.05350048 -0.10799960
v 0.00900008 -0.08050035 -0.07499960
v 0.01050003 -0.07375034 -0.09149961
v 0.00917638 -0.05350034 -0.07473491
v 0.00749991 -0.05350035 -0.07199961
v 0.00599991 -0.05350036 -0.07199961
v -0.00000009 -0.05350040 -0.07199961
v 0.01049989 -0.05350035 -0.10799962
v 0.00882342 -0.05350036 -0.11073491
v 0.00599989 -0.05350038 -0.11249961
v 0.00749989 -0.05350037 -0.11099961
v 0.01049991 -0.05350034 -0.08099962
v 0.00862509 -0.08050034 -0.05939960
v 0.00749995 -0.05350033 -0.02099961
v 0.00862495 -0.05350033 -0.02309961
v 0.01049995 -0.05350032 -0.02399962
v 0.00749992 -0.05350035 -0.06149961
v 0.00799992 -0.05350035 -0.05999961
v 0.00899992 -0.05350034 -0.05849961
v 0.01049992 -0.05350033 -0.05849962
v 0.01049992 -0.05350033 -0.05699962
v -0.00749989 -0.08050043 -0.02249959
v -0.00839989 -0.08050043 -0.02207102
v -0.00000005 -0.05350038 -0.02099961
v -0.00450008 -0.05350042 -0.06149961
v -0.00600008 -0.05350043 -0.06149960
v -0.00750008 -0.05350044 -0.06149960
v -0.00750008 -0.05350044 -0.05999960
v -0.00900008 -0.05350045 -0.05999960
v -0.00900008 -0.05350045 -0.05849960
v -0.00750005 -0.05350043 -0.02099960
v -0.00800005 -0.05350043 -0.02249960
v -0.00900005 -0.05350044 -0.02399960
v -0.01050005 -0.05350045 -0.02399960
v -0.00900009 -0.05350046 -0.07199960
v -0.00525008 -0.05350043 -0.07049961
v 0.00524992 -0.05350037 -0.07049961
v 0.01049991 -0.05350034 -0.07499962
v 0.01049993 -0.05350033 -0.05249962
v -0.01050008 -0.05350046 -0.05849960
v -0.01050007 -0.05350046 -0.05249960
v 0.01900005 -0.08050030 -0.12749961
v 0.01723175 -0.08050032 -0.12929229
v 0.01799989 -0.05350031 -0.11549962
v 0.01799989 -0.05350030 -0.11249962
v 0.01799988 -0.05350031 -0.11999962
v 0.01949988 -0.05350030 -0.12449962
v -0.01499986 -0.08050046 0.01050041
v -0.00799986 -0.08050041 0.01650041
v -0.00449986 -0.08050039 0.01800040
v 0.00450014 -0.08050034 0.01800040
v 0.00900014 -0.08050031 0.01650040
v 0.01500014 -0.08050027 0.01050039
v 0.01849988 -0.05350031 -0.12749962
v 0.01735702 -0.05350031 -0.12878533
v 0.01499988 -0.05350033 -0.13049962
v 0.01799996 -0.05350026 0.00000038
v 0.01799996 -0.05350026 0.00450038
v 0.01649997 -0.05350027 0.00600038
v 0.01599997 -0.05350027 0.00800038
v 0.01457140 -0.05350028 0.01028610
v 0.01199997 -0.05350029 0.01350038
v 0.00749997 -0.05350032 0.01687539
v 0.00224997 -0.05350035 0.01800039
v -0.00225003 -0.05350038 0.01800039
v -0.01200003 -0.05350044 0.01350040
v -0.01550003 -0.05350046 0.00850040
v -0.01650003 -0.05350047 0.00600040
v -0.01800004 -0.05350048 0.00000040
v -0.01949995 -0.08050054 -0.12749959
v -0.01500012 -0.05350052 -0.13049960
v 0.01949988 -0.05350030 -0.12599962
v -0.01875012 -0.05350054 -0.12224960
v -0.01800011 -0.05350053 -0.11549960
v -0.01800011 -0.05350053 -0.11249960
v -0.01773542 -0.05350053 -0.12882313
v -0.01900012 -0.05350054 -0.12749960
v -0.01950012 -0.05350054 -0.12599960
v -0.01500012 -0.05350052 -0.12899960
v 0.01799996 -0.05350026 -0.00899962
v 0.01799995 -0.05350027 -0.01799962
v 0.01799993 -0.05350028 -0.05249962
v 0.01799991 -0.05350029 -0.08099962
v 0.01199997 -0.05350029 0.01200038
v 0.01049997 -0.05350030 0.01275038
v 0.00749997 -0.05350032 0.01500039
v 0.00449997 -0.05350034 0.01650039
v -0.00500003 -0.05350040 0.01750039
v -0.00900003 -0.05350042 0.01650040
v -0.01200003 -0.05350044 0.01200040
v -0.01500003 -0.05350046 0.01050040
v -0.01350003 -0.05350045 0.00750040
v -0.01800004 -0.05350048 0.00450040
v -0.01800008 -0.05350051 -0.06674960
v -0.01800005 -0.05350049 -0.01799960
v -0.01800005 -0.05350049 -0.01499960
v -0.01800004 -0.05350049 -0.00899960
v -0.01650012 -0.05350052 -0.11849960
v -0.01350012 -0.05350050 -0.12099960
v -0.01650012 -0.05350052 -0.12149960
v -0.01650012 -0.05350052 -0.11999960
v 0.01649988 -0.05350032 -0.11949962
v 0.01349988 -0.05350034 -0.12149962
v 0.01349988 -0.05350033 -0.11849962
v -0.01199990 -0.08050046 -0.03924959
v -0.01499990 -0.08050048 -0.04199959
v -0.01349990 -0.08050047 -0.04049959
v -0.01200006 -0.05350046 -0.03949960
v -0.01350007 -0.05350047 -0.04149960
v -0.01500007 -0.05350048 -0.04199960
v -0.01500006 -0.05350048 -0.03899960
v -0.01425006 -0.05350047 -0.03749960
v -0.01200007 -0.05350046 -0.04199960
v -0.01200010 -0.05350048 -0.09149960
v -0.01200010 -0.05350048 -0.09449960
v -0.01350010 -0.05350049 -0.09449960
v -0.01500010 -0.05350050 -0.09249960
v -0.01650010 -0.05350051 -0.09374960
v 0.01349990 -0.05350032 -0.09149962
v 0.01499990 -0.05350031 -0.09149962
v 0.01349990 -0.05350032 -0.09449962
v 0.01199990 -0.05350033 -0.09449962
v 0.01199990 -0.05350033 -0.09149962
v 0.01499990 -0.05350032 -0.09449962
v 0.01416677 -0.07600028 -0.00224961
v 0.01487510 -0.07600028 0.00150039
v 0.01350010 -0.07600029 0.00300039
v 0.00900010 -0.07600032 -0.00149961
v 0.01050010 -0.07600031 -0.00199961
v 0.00450012 -0.08050035 -0.00899960
v 0.00750012 -0.08050033 -0.00899960
v 0.00750009 -0.07600033 -0.01337460
v 0.00900009 -0.07600032 -0.01087461
v 0.00712510 -0.07600033 -0.00787460
v 0.00312509 -0.07600036 -0.01199960
v 0.00400009 -0.07600035 -0.01349960
v 0.01293763 -0.08050029 0.00600039
v 0.01349997 -0.05350028 0.00750038
v 0.01049997 -0.05350030 0.00600038
v 0.01049997 -0.05350030 0.00750038
v 0.01049997 -0.05350030 0.00900038
v 0.00899996 -0.05350031 0.00300039
v 0.01349997 -0.05350029 0.00600038
v 0.01199997 -0.05350029 0.00600038
v -0.00749988 -0.08050042 -0.00899959
v -0.00449988 -0.08050040 -0.00899960
v -0.00599991 -0.07600041 -0.01349960
v -0.00449991 -0.07600040 -0.01324960
v -0.00299991 -0.07600039 -0.01199960
v -0.00324990 -0.07600040 -0.00899960
v -0.00649990 -0.07600041 -0.00749960
v -0.00799990 -0.07600042 -0.00899959
v -0.00899991 -0.07600043 -0.01099959
v -0.00749991 -0.07600042 -0.01199959
v -0.00799991 -0.07600043 -0.01349959
v -0.01199990 -0.07600045 -0.00299959
v -0.01049990 -0.07600044 -0.00249959
v -0.00899990 -0.07600043 -0.00149959
v -0.00924990 -0.07600043 0.00150041
v -0.01049990 -0.07600044 0.00300041
v -0.01449990 -0.07600046 0.00300041
v -0.01349990 -0.07600045 0.00150041
v -0.01499990 -0.07600046 0.00150041
v -0.01474990 -0.07600046 -0.00149959
v 0.00000012 -0.08050038 -0.01499960
v -0.00000005 -0.05350038 -0.01199961
v 0.00149995 -0.05350037 -0.01199961
v 0.00149995 -0.05350037 -0.01349961
v 0.00037495 -0.05350038 -0.01499961
v -0.00000005 -0.05350038 -0.01649961
v -0.00150005 -0.05350039 -0.01499961
v -0.00150005 -0.05350039 -0.01349961
v 0.00149995 -0.05350037 -0.01649961
v 0.00450013 -0.08050034 0.00900040
v 0.00750013 -0.08050032 0.00900040
v 0.00637511 -0.07600033 0.00750040
v 0.00750011 -0.07600032 0.00900040
v 0.00900011 -0.07600031 0.00900039
v 0.00900011 -0.07600031 0.01200039
v 0.00750011 -0.07600032 0.01200040
v 0.00800011 -0.07600032 0.01350039
v 0.00450011 -0.07600034 0.01350040
v 0.00400011 -0.07600034 0.01200040
v 0.00300011 -0.07600035 0.01050040
v 0.00330011 -0.07600035 0.00900040
v 0.00450011 -0.07600034 0.00750040
v -0.00749987 -0.08050041 0.00900041
v -0.00449987 -0.08050040 0.00900040
v -0.00562489 -0.07600040 0.00750040
v -0.00449989 -0.07600040 0.00900040
v -0.00249989 -0.07600038 0.00900040
v -0.00299989 -0.07600039 0.01050040
v -0.00349989 -0.07600039 0.01200040
v -0.00449989 -0.07600039 0.01350040
v -0.00599989 -0.07600040 0.01350040
v -0.00849989 -0.07600042 0.01350041
v -0.00749989 -0.07600041 0.01200041
v -0.00899989 -0.07600042 0.01200041
v -0.00899989 -0.07600042 0.00900041
v -0.00749989 -0.07600041 0.00900041
v -0.01050003 -0.05350043 0.00900040
v -0.01050003 -0.05350043 0.00750040
v -0.01162503 -0.05350044 0.00600040
v -0.01200004 -0.05350044 0.00450040
v -0.01350003 -0.05350045 0.00600040
v -0.01350003 -0.05350045 0.00900040
v -0.01500003 -0.05350046 0.00600040
v -0.01050004 -0.05350043 0.00450040
v -0.00549987 -0.08050040 0.00300041
v -0.00535702 -0.08050041 -0.00359959
v 0.00450013 -0.08050034 -0.00299960
v 0.00500013 -0.08050034 0.00300040
v -0.00075003 -0.05350037 0.00600039
v 0.00149997 -0.05350036 0.00600039
v 0.00399996 -0.05350035 0.00450039
v 0.00449996 -0.05350034 0.00300039
v 0.00599996 -0.05350033 0.00300039
v 0.00599996 -0.05350033 0.00150039
v 0.00599996 -0.05350033 0.00000039
v 0.00599996 -0.05350033 -0.00149961
v 0.00499996 -0.05350034 -0.00299961
v 0.00449996 -0.05350035 -0.00449961
v 0.00299996 -0.05350036 -0.00549961
v 0.00074996 -0.05350037 -0.00599961
v -0.00150004 -0.05350038 -0.00599961
v -0.00300004 -0.05350039 -0.00599961
v -0.00400004 -0.05350040 -0.00449961
v -0.00450004 -0.05350040 -0.00299961
v -0.00600004 -0.05350041 -0.00299960
v -0.00600004 -0.05350041 0.00000040
v -0.00600004 -0.05350041 0.00150040
v -0.00600004 -0.05350041 0.00300040
v -0.00450004 -0.05350040 0.00300039
v -0.00350004 -0.05350039 0.00450039
v -0.00300003 -0.05350039 0.00600039
v 0.01049998 -0.06100033 -0.04799961
v 0.01049996 -0.05950033 -0.05249961
v 0.01050006 -0.07450033 -0.04949961
v 0.01050006 -0.07450033 -0.05549961
v 0.01050005 -0.07300033 -0.04799961
v 0.01050005 -0.07300033 -0.05549961
v 0.01800005 -0.07300028 -0.05549961
v 0.01799997 -0.06100028 -0.05549962
v 0.01800006 -0.07450028 -0.05249961
v 0.01049997 -0.06100033 -0.05549961
v 0.01800005 -0.07300028 -0.04799961
v 0.01799998 -0.06100028 -0.04799962
v 0.01799996 -0.05950028 -0.05249962
v -0.01049994 -0.07450046 -0.05249959
v -0.01050003 -0.06100046 -0.05549960
v -0.01049995 -0.07300046 -0.04799959
v -0.01050002 -0.06100046 -0.04799960
v -0.01049995 -0.07300046 -0.05549959
v -0.01799995 -0.07300050 -0.05549959
v -0.01800003 -0.06100050 -0.05549959
v -0.01050002 -0.06100046 -0.04949960
v -0.01799994 -0.07450050 -0.05249959
v -0.01799995 -0.07300050 -0.04799959
v -0.01800004 -0.05950050 -0.05249959
v -0.01800002 -0.06100050 -0.04949959
v -0.01800002 -0.06100050 -0.04799959
v 0.00449992 -0.05350037 -0.06149961
v 0.00000005 -0.07450040 -0.06149960
v -0.00000004 -0.05950040 -0.06149961
v -0.00449996 -0.07300042 -0.06149960
v 0.00450004 -0.07300037 -0.06149960
v -0.00300003 -0.06100041 -0.06149960
v 0.00299997 -0.06100038 -0.06149961
v -0.00299996 -0.07300041 -0.06149960
v 0.00336185 -0.06035527 -0.07155380
v -0.00450004 -0.06100043 -0.07199960
v -0.00337164 -0.06057444 -0.07143314
v -0.00336185 -0.07364553 -0.07155379
v -0.00449996 -0.07300043 -0.07199960
v 0.00300004 -0.07300038 -0.06149960
v 0.00449996 -0.06100037 -0.07199961
v 0.00450004 -0.07300037 -0.07199960
v 0.00337164 -0.07342636 -0.07143314
v -0.00899990 -0.07600043 -0.00374959
v -0.00899990 -0.07600043 -0.00599959
v -0.01049990 -0.07600044 -0.00899959
v -0.01199990 -0.07600045 -0.00674959
v -0.01349990 -0.07600046 -0.00599959
v -0.01387490 -0.07600046 -0.00299959
v -0.00899990 -0.07600043 0.00300041
v -0.01500004 -0.05350047 -0.00299960
v -0.01500004 -0.05350046 0.00000040
v -0.01500004 -0.05350046 0.00150040
v -0.01500004 -0.05350046 0.00300040
v -0.01350004 -0.05350045 0.00300040
v -0.01200004 -0.05350044 0.00300040
v -0.00900004 -0.05350043 0.00300040
v -0.00900004 -0.05350043 0.00150040
v -0.00900004 -0.05350043 0.00000040
v -0.00900004 -0.05350043 -0.00149960
v -0.00900004 -0.05350043 -0.00449960
v -0.00900004 -0.05350043 -0.00299960
v -0.01350004 -0.05350046 -0.00299960
v -0.01650004 -0.05350047 -0.00074960
v -0.00750004 -0.05350042 0.00075040
v -0.00600004 -0.05350041 -0.00149960
v -0.00599990 -0.07600041 -0.00599960
v -0.00900004 -0.05350043 -0.00599960
v -0.01049991 -0.07600044 -0.01049959
v -0.01200004 -0.05350045 -0.00749960
v -0.01300004 -0.05350045 -0.00599960
v -0.00399990 -0.07600040 -0.00749960
v -0.00299991 -0.07600040 -0.01349960
v -0.00600004 -0.05350041 -0.00599960
v -0.00600004 -0.05350041 -0.00749960
v -0.00450004 -0.05350040 -0.00749961
v -0.00300004 -0.05350039 -0.00749961
v -0.00300005 -0.05350039 -0.01049961
v -0.00262505 -0.05350039 -0.01199961
v -0.00300005 -0.05350040 -0.01349961
v -0.00450005 -0.05350040 -0.01349961
v -0.00600005 -0.05350041 -0.01349960
v -0.00900005 -0.05350043 -0.01349960
v -0.00900005 -0.05350043 -0.01049960
v -0.01050004 -0.05350044 -0.00974960
v -0.01200004 -0.05350045 -0.00899960
v -0.00750004 -0.05350042 -0.00599960
v -0.00150004 -0.05350038 -0.00974961
v -0.00450005 -0.05350041 -0.01499961
v -0.00675005 -0.05350042 -0.01499960
v -0.01050005 -0.05350044 -0.01199960
v 0.00900010 -0.07600032 -0.00599961
v 0.00600010 -0.07600034 -0.00599960
v 0.00900010 -0.07600032 -0.00299961
v 0.01050010 -0.07600031 -0.00899961
v 0.01200010 -0.07600030 -0.00599961
v 0.01200010 -0.07600030 -0.00299961
v 0.00900009 -0.07600032 -0.01349961
v 0.00350010 -0.07600035 -0.00799960
v 0.01050009 -0.07600031 -0.01049961
v 0.00899995 -0.05350032 -0.01049961
v 0.00899995 -0.05350032 -0.01349961
v 0.00749995 -0.05350033 -0.01349961
v 0.00599995 -0.05350034 -0.01349961
v 0.00449995 -0.05350035 -0.01349961
v 0.00299995 -0.05350036 -0.01349961
v 0.00299995 -0.05350036 -0.01199961
v 0.00299995 -0.05350036 -0.01049961
v 0.00299996 -0.05350036 -0.00749961
v 0.00449996 -0.05350035 -0.00749961
v 0.00599996 -0.05350034 -0.00674961
v 0.00749996 -0.05350033 -0.00599961
v 0.01350010 -0.07600029 -0.00599961
v 0.01049996 -0.05350031 -0.00974962
v 0.01049995 -0.05350031 -0.01199962
v 0.00674995 -0.05350034 -0.01499961
v 0.00449995 -0.05350035 -0.01499961
v 0.00149996 -0.05350037 -0.00899961
v 0.00449996 -0.05350035 -0.00599961
v 0.00899996 -0.05350032 -0.00449961
v 0.00899996 -0.05350032 -0.00599961
v 0.01500010 -0.07600028 -0.00299961
v 0.01349996 -0.05350029 -0.00299962
v 0.01349996 -0.05350029 -0.00599962
v 0.01221424 -0.05350030 -0.00664247
v 0.00950010 -0.07600031 0.00250039
v 0.01500010 -0.07600028 0.00300039
v 0.00899996 -0.05350032 -0.00149961
v 0.00899996 -0.05350032 0.00150039
v 0.01124996 -0.05350030 0.00300038
v 0.01499996 -0.05350028 0.00300038
v 0.01499996 -0.05350028 0.00150038
v 0.01499996 -0.05350028 0.00000038
v 0.01499996 -0.05350028 -0.00299962
v 0.01199996 -0.05350030 -0.00899962
v 0.00899996 -0.05350032 -0.00299961
v 0.00749996 -0.05350033 -0.00149961
v 0.00899996 -0.05350032 0.00000039
v 0.00749996 -0.05350032 0.00150039
v 0.01649996 -0.05350027 0.00075038
v 0.01649996 -0.05350027 -0.00149962
v 0.01049988 -0.05350036 -0.12599962
v -0.00750012 -0.05350047 -0.12599960
v 0.01049989 -0.05350035 -0.11549962
v -0.00900012 -0.05350047 -0.12074960
v 0.01424995 -0.05350029 -0.01499962
v 0.01049995 -0.05350031 -0.01799962
v -0.00750005 -0.05350043 -0.01799960
v -0.01050011 -0.05350048 -0.11549960
v -0.00750004 -0.05350042 0.00450040
v -0.01050005 -0.05350044 -0.01649960
v -0.00150003 -0.05350038 0.01000039
v 0.00149997 -0.05350036 0.00900039
v -0.00300003 -0.05350039 0.00750039
v -0.00300003 -0.05350039 0.00900039
v 0.00299997 -0.05350035 0.00900039
v 0.00299997 -0.05350035 0.00750039
v -0.00375003 -0.05350039 0.01350039
v 0.00449997 -0.05350034 0.01350039
v -0.00525003 -0.05350040 0.01500039
v -0.00075003 -0.05350037 0.01500039
v 0.00224997 -0.05350035 0.01350039
v 0.00524997 -0.05350033 0.01500039
v 0.00149997 -0.05350036 0.01500039
v 0.00899997 -0.05350031 0.01350039
v 0.01049997 -0.05350030 0.01050038
v 0.00899997 -0.05350031 0.01200039
v 0.00899997 -0.05350031 0.00750039
v 0.00599997 -0.05350033 0.00600039
v 0.00299997 -0.05350035 0.00600039
v 0.00749997 -0.05350032 0.00600039
v -0.00750003 -0.05350042 0.00750040
v -0.00600003 -0.05350041 0.00600040
v -0.00900003 -0.05350042 0.00750040
v -0.01050003 -0.05350043 0.01050040
v -0.00900003 -0.05350042 0.01125040
v -0.01050003 -0.05350043 0.01275040
v -0.00900003 -0.05350042 0.01350040
v -0.00900003 -0.05350042 0.00900040
v -0.00000003 -0.05350037 0.01050039
v 0.00149997 -0.05350036 0.01050039
v 0.00150011 -0.07600036 0.01050040
v -0.00450003 -0.05350040 0.00750039
v -0.00600003 -0.05350041 0.00750040
v -0.00675003 -0.05350041 0.01350040
v -0.00149989 -0.07600038 0.01050040
v 0.00150011 -0.07600036 0.00900040
v 0.00599997 -0.05350033 0.01350039
v 0.00899997 -0.05350031 0.01050039
v 0.00749997 -0.05350032 0.00750039
v 0.00599997 -0.05350033 0.00750039
v -0.00299989 -0.07600039 0.00750040
v -0.00599989 -0.07600041 0.00600040
v -0.00799989 -0.07600042 0.00750041
v 0.00900011 -0.07600031 0.00750039
v 0.00600011 -0.07600033 0.00600040
v 0.00300011 -0.07600035 0.00750040
v -0.00299989 -0.07600038 0.01350040
v -0.00150003 -0.05350038 0.01350039
v -0.00000003 -0.05350037 0.01350039
v -0.00074989 -0.07600037 0.01350040
v 0.00150011 -0.07600036 0.01350040
v 0.00300011 -0.07600035 0.01350040
v 0.00000002 -0.03850040 0.01200040
v 0.00031874 -0.03850040 0.01346615
v 0.00178449 -0.03850040 0.01314743
v 0.00146577 -0.03850039 0.01168168
v 0.00114705 -0.03850039 0.01021593
v -0.00031870 -0.03850040 0.01053465
v -0.00178445 -0.03850040 0.01085337
v -0.00146573 -0.03850040 0.01231912
v -0.00114701 -0.03850041 0.01378487
v -0.00031863 -0.05800040 0.01053461
v 0.00114712 -0.05800039 0.01021589
v 0.00146584 -0.05800039 0.01168164
v 0.00178456 -0.05800040 0.01314739
v 0.00031881 -0.05800040 0.01346611
v -0.00114694 -0.05800041 0.01378483
v -0.00146566 -0.05800040 0.01231908
v -0.00178438 -0.05800040 0.01085333
v 0.00000009 -0.05800040 0.01200036
v -0.01039232 -0.03850039 -0.00599959
v -0.01182105 -0.03850040 -0.00645645
v -0.01227791 -0.03850040 -0.00502772
v -0.01084918 -0.03850040 -0.00457086
v -0.00942045 -0.03850040 -0.00411400
v -0.00896358 -0.03850039 -0.00554273
v -0.00850672 -0.03850039 -0.00697146
v -0.00993546 -0.03850039 -0.00742832
v -0.01136419 -0.03850039 -0.00788518
v -0.00896352 -0.05800039 -0.00554277
v -0.00942038 -0.05800040 -0.00411404
v -0.01084911 -0.05800040 -0.00457090
v -0.01227784 -0.05800040 -0.00502776
v -0.01182098 -0.05800040 -0.00645649
v -0.01136412 -0.05800039 -0.00788523
v -0.00993539 -0.05800039 -0.00742837
v -0.00850666 -0.05800039 -0.00697151
v -0.01039225 -0.05800039 -0.00599963
v 0.01039226 -0.03850032 -0.00599964
v 0.01150228 -0.03850032 -0.00700853
v 0.01049339 -0.03850032 -0.00811855
v 0.00938337 -0.03850032 -0.00710966
v 0.00827335 -0.03850032 -0.00610077
v 0.00928224 -0.03850032 -0.00499075
v 0.01029113 -0.03850033 -0.00388073
v 0.01140115 -0.03850032 -0.00488962
v 0.01251117 -0.03850032 -0.00589851
v 0.00928224 -0.05800032 -0.00499080
v 0.00827336 -0.05800032 -0.00610082
v 0.00938338 -0.05800032 -0.00710971
v 0.01049340 -0.05800032 -0.00811860
v 0.01150228 -0.05800032 -0.00700858
v 0.01251117 -0.05800032 -0.00589856
v 0.01140115 -0.05800032 -0.00488967
v 0.01029113 -0.05800033 -0.00388078
v 0.01039226 -0.05800032 -0.00599969
f 2 1 3
f 2 3 1
f 8 9 5
f 13 12 40
f 13 40 46
f 38 40 12
f 39 38 12
f 74 16 15
f 44 18 15
f 15 16 20
f 16 19 21
f 24 43 23
f 39 26 27
f 39 27 28
f 30 31 6
f 6 23 30
f 31 32 6
f 20 33 35
f 34 36 15
f 15 35 34
f 28 36 37
f 37 39 28
f 46 40 41
f 46 41 43
f 23 43 42
f 28 25 44
f 44 36 28
f 24 47 43
f 48 24 4
f 4 45 48
f 47 46 43
f 20 50 49
f 20 19 50
f 32 51 52
f 49 51 20
f 51 32 20
f 6 32 52
f 52 5 6
f 23 6 53
f 23 54 22
f 6 55 53
f 24 56 57
f 46 4 58
f 12 10 58
f 63 59 26
f 59 60 62
f 59 61 60
f 63 26 12
f 26 59 64
f 25 64 65
f 17 68 67
f 44 67 68
f 44 68 70
f 69 71 18
f 70 68 69
f 18 70 69
f 3 71 69
f 3 73 2
f 3 2 71
f 2 72 74
f 73 72 2
f 75 76 16
f 19 16 76
f 52 77 78
f 8 78 79
f 6 8 79
f 6 79 81
f 22 6 81
f 81 80 22
f 80 82 23
f 24 83 82
f 82 83 23
f 82 56 24
f 80 23 22
f 78 8 5
f 78 5 52
f 76 77 19
f 74 75 16
f 65 66 25
f 64 25 29
f 64 29 26
f 58 60 12
f 58 10 46
f 57 58 4
f 57 4 24
f 44 15 36
f 42 30 23
f 35 15 20
f 18 71 15
f 25 66 17
f 15 71 2
f 15 2 74
f 12 26 39
f 84 85 86
f 112 107 153
f 92 93 91
f 91 126 90
f 94 109 95
f 109 153 95
f 96 95 153
f 86 141 119
f 86 85 141
f 98 99 87
f 101 100 133
f 111 97 104
f 103 111 104
f 108 107 112
f 108 112 105
f 110 109 94
f 94 111 110
f 113 88 105
f 105 114 113
f 105 112 114
f 87 88 115
f 98 87 115
f 115 100 98
f 126 92 117
f 117 118 103
f 118 111 103
f 105 88 86
f 121 97 111
f 111 94 121
f 100 116 122
f 122 133 100
f 123 122 116
f 92 91 123
f 91 122 123
f 124 126 103
f 103 102 125
f 125 124 103
f 124 102 126
f 102 165 127
f 127 128 126
f 128 129 126
f 91 90 129
f 129 130 91
f 130 131 91
f 122 91 132
f 122 132 133
f 101 134 99
f 87 99 135
f 84 136 139
f 84 87 135
f 135 136 84
f 137 85 1
f 138 137 1
f 85 2 1
f 139 140 1
f 1 84 139
f 1 2 84
f 141 85 137
f 137 143 142
f 142 144 119
f 137 142 141
f 143 144 142
f 145 144 146
f 146 147 145
f 144 145 119
f 147 146 148
f 105 148 149
f 106 105 150
f 107 106 150
f 150 151 107
f 107 151 154
f 152 153 154
f 154 155 107
f 151 152 154
f 153 107 155
f 153 152 156
f 153 157 158
f 153 159 157
f 153 156 159
f 158 160 96
f 94 96 160
f 160 120 94
f 120 160 161
f 97 162 163
f 97 120 162
f 97 166 164
f 102 103 165
f 164 103 97
f 103 164 165
f 163 166 97
f 161 162 120
f 158 96 153
f 149 150 105
f 148 105 147
f 1 140 138
f 134 101 133
f 131 132 91
f 129 90 126
f 127 126 102
f 123 116 92
f 117 103 126
f 153 109 89
f 153 89 112
f 88 87 86
f 86 87 84
f 102 124 53
f 125 102 54
f 124 125 23
f 23 53 124
f 54 23 125
f 55 54 102
f 53 55 102
f 153 155 63
f 154 153 61
f 155 154 59
f 61 59 154
f 12 61 153
f 63 12 153
f 59 63 155
f 123 122 52
f 122 123 52
f 49 50 122
f 51 49 122
f 52 51 122
f 77 52 122
f 19 77 122
f 50 19 122
f 97 121 24
f 120 97 48
f 94 120 45
f 121 94 46
f 46 47 121
f 45 46 94
f 48 45 120
f 24 48 97
f 47 24 121
f 119 145 67
f 86 119 44
f 105 86 44
f 147 105 25
f 145 147 17
f 17 67 145
f 25 17 147
f 44 25 105
f 67 44 119
f 100 115 35
f 116 100 20
f 92 116 32
f 117 92 31
f 118 117 42
f 111 118 42
f 110 111 43
f 109 110 41
f 89 109 40
f 112 89 38
f 114 112 39
f 113 114 39
f 88 113 37
f 115 88 36
f 36 34 115
f 37 36 88
f 39 37 113
f 38 39 112
f 40 38 89
f 41 40 109
f 43 41 110
f 42 43 111
f 30 42 117
f 31 30 117
f 32 31 92
f 20 32 116
f 33 20 100
f 35 33 100
f 34 35 115
f 108 105 25
f 107 108 27
f 106 107 26
f 105 106 29
f 29 25 105
f 26 29 106
f 27 26 107
f 28 27 108
f 25 28 108
f 94 95 13
f 96 94 46
f 95 96 12
f 12 13 95
f 14 12 96
f 10 14 96
f 11 10 96
f 46 11 96
f 13 46 94
f 103 104 24
f 97 103 83
f 104 97 24
f 83 24 97
f 23 83 103
f 24 23 103
f 126 91 5
f 93 126 6
f 91 93 6
f 6 5 91
f 6 6 93
f 6 6 93
f 7 6 126
f 9 7 126
f 5 9 126
f 101 99 16
f 100 101 19
f 98 100 20
f 99 98 20
f 20 16 99
f 19 20 100
f 21 19 101
f 16 21 101
f 141 142 70
f 119 141 18
f 142 119 44
f 44 70 142
f 18 44 119
f 70 18 141
f 69 68 144
f 144 143 69
f 68 17 146
f 146 144 68
f 148 146 17
f 149 148 66
f 65 64 150
f 150 149 65
f 150 64 59
f 151 59 62
f 151 62 60
f 156 152 60
f 158 157 58
f 161 160 58
f 162 161 57
f 164 166 56
f 166 163 56
f 165 82 80
f 80 81 127
f 127 165 80
f 127 81 79
f 129 128 79
f 130 129 78
f 79 78 129
f 78 77 132
f 134 133 77
f 76 75 99
f 99 134 76
f 135 99 74
f 136 135 74
f 136 72 73
f 140 139 73
f 3 69 137
f 137 138 3
f 69 143 137
f 3 138 140
f 73 3 140
f 73 139 136
f 74 72 136
f 75 74 99
f 77 76 134
f 77 133 132
f 78 132 131
f 78 131 130
f 79 128 127
f 82 165 164
f 56 82 164
f 56 163 162
f 57 56 162
f 58 57 161
f 58 160 158
f 58 157 159
f 58 159 156
f 60 58 156
f 60 152 151
f 59 151 150
f 66 65 149
f 17 66 148
f 168 167 169
f 203 168 169
f 167 203 169
f 296 173 222
f 217 172 232
f 180 232 231
f 175 185 176
f 296 175 177
f 176 177 175
f 176 185 177
f 178 174 180
f 181 182 178
f 180 179 182
f 183 177 185
f 184 178 182
f 187 185 186
f 187 186 183
f 184 188 189
f 198 184 189
f 191 183 192
f 196 194 193
f 193 265 196
f 212 198 197
f 193 235 197
f 198 193 197
f 172 208 232
f 234 208 207
f 207 209 234
f 194 195 216
f 237 212 235
f 214 185 213
f 214 215 185
f 216 195 192
f 171 172 219
f 172 218 219
f 220 170 171
f 220 222 170
f 185 223 224
f 213 185 224
f 214 228 230
f 213 228 214
f 184 229 230
f 231 232 234
f 233 232 208
f 208 234 233
f 194 235 193
f 236 237 235
f 236 194 237
f 199 238 239
f 291 199 239
f 244 240 200
f 204 203 202
f 243 200 256
f 243 244 200
f 244 245 242
f 246 248 265
f 247 246 265
f 247 265 193
f 249 199 248
f 249 250 199
f 202 199 250
f 252 204 202
f 204 251 254
f 204 252 251
f 205 253 257
f 205 204 254
f 254 253 205
f 256 200 255
f 200 257 255
f 193 259 247
f 258 259 193
f 248 199 261
f 261 199 291
f 260 261 291
f 262 258 193
f 198 262 193
f 262 256 263
f 243 256 262
f 243 262 264
f 245 264 198
f 264 245 243
f 265 248 266
f 266 248 260
f 267 260 191
f 260 267 266
f 273 170 222
f 274 268 170
f 170 273 274
f 173 273 222
f 209 276 275
f 275 234 209
f 234 275 231
f 182 179 231
f 188 182 277
f 182 231 277
f 190 188 277
f 245 190 278
f 244 242 281
f 241 281 282
f 205 241 282
f 168 283 284
f 168 284 285
f 285 167 168
f 285 286 167
f 286 203 167
f 203 288 202
f 288 203 286
f 288 286 287
f 201 289 290
f 290 291 201
f 239 292 291
f 293 260 291
f 294 295 183
f 295 177 183
f 272 173 296
f 270 298 300
f 270 268 297
f 297 298 270
f 301 302 299
f 305 304 303
f 301 308 306
f 302 306 307
f 306 302 301
f 302 269 270
f 302 310 269
f 310 302 311
f 270 299 302
f 312 313 270
f 270 269 312
f 313 312 318
f 318 314 313
f 315 317 171
f 317 316 314
f 315 316 317
f 318 317 314
f 171 319 315
f 171 170 319
f 171 320 321
f 171 317 320
f 171 321 325
f 321 322 324
f 323 324 322
f 324 325 321
f 323 322 327
f 326 172 171
f 171 325 326
f 328 323 327
f 327 329 328
f 329 330 210
f 209 210 331
f 209 331 335
f 333 332 335
f 334 335 332
f 332 276 334
f 276 209 334
f 209 335 334
f 331 333 335
f 337 338 336
f 339 336 340
f 343 342 341
f 342 340 333
f 343 336 344
f 340 332 333
f 330 331 210
f 307 311 302
f 309 308 303
f 300 301 299
f 300 299 270
f 183 191 294
f 191 260 294
f 293 294 260
f 289 201 287
f 282 283 205
f 245 280 242
f 278 279 245
f 277 278 190
f 271 170 268
f 270 271 268
f 261 260 248
f 257 200 205
f 205 168 204
f 230 229 214
f 174 226 227
f 225 174 178
f 224 226 213
f 227 217 174
f 211 229 184
f 216 237 194
f 210 328 329
f 206 241 205
f 204 168 203
f 202 287 201
f 200 206 205
f 199 202 201
f 190 245 198
f 197 235 212
f 192 195 191
f 189 190 198
f 184 198 212
f 186 192 183
f 187 183 185
f 182 188 184
f 231 179 180
f 232 180 174
f 232 174 217
f 222 175 296
f 346 347 348
f 411 416 427
f 353 357 356
f 352 355 357
f 359 360 358
f 361 360 353
f 358 363 362
f 364 351 365
f 359 362 366
f 368 365 396
f 396 367 368
f 367 365 368
f 527 371 370
f 369 371 372
f 371 527 372
f 373 396 375
f 374 396 380
f 374 375 396
f 374 380 375
f 379 378 527
f 377 379 376
f 447 527 378
f 381 446 382
f 446 376 382
f 376 379 383
f 385 382 390
f 387 388 401
f 446 381 391
f 392 393 397
f 397 394 392
f 396 394 395
f 397 395 394
f 398 405 380
f 398 399 405
f 399 385 405
f 399 381 385
f 388 382 401
f 383 400 382
f 405 406 407
f 408 357 353
f 360 408 353
f 409 410 412
f 412 411 409
f 348 347 417
f 418 350 415
f 415 419 418
f 414 420 415
f 418 422 421
f 421 423 418
f 417 418 423
f 424 348 417
f 425 426 348
f 424 425 348
f 416 348 426
f 427 429 428
f 428 430 427
f 354 430 431
f 354 427 430
f 354 431 432
f 353 354 432
f 353 433 436
f 432 433 353
f 409 434 435
f 409 411 434
f 363 419 420
f 353 436 437
f 353 437 358
f 438 419 437
f 437 436 438
f 419 438 422
f 422 418 419
f 439 427 354
f 434 427 439
f 351 435 440
f 435 434 439
f 380 405 442
f 442 441 380
f 441 442 405
f 366 444 443
f 393 392 446
f 447 446 445
f 449 450 357
f 450 449 360
f 408 449 357
f 360 448 450
f 450 352 357
f 450 365 351
f 450 351 352
f 451 394 396
f 396 452 451
f 392 394 451
f 454 392 451
f 451 453 454
f 443 453 366
f 366 453 455
f 360 359 456
f 458 460 461
f 463 460 462
f 464 458 459
f 467 460 465
f 460 468 465
f 465 466 387
f 468 460 463
f 465 387 467
f 463 466 468
f 469 387 386
f 470 469 473
f 475 472 471
f 475 384 472
f 473 474 471
f 474 475 471
f 384 385 476
f 385 477 476
f 384 475 478
f 384 479 480
f 482 481 479
f 479 481 480
f 482 479 483
f 406 405 384
f 480 406 384
f 483 485 484
f 404 485 486
f 402 404 488
f 487 490 489
f 402 488 490
f 490 502 402
f 489 488 487
f 496 493 497
f 492 495 494
f 498 490 497
f 495 497 490
f 492 493 499
f 502 490 500
f 490 501 500
f 490 498 501
f 503 403 402
f 502 503 402
f 403 503 441
f 375 441 504
f 505 435 351
f 409 435 506
f 435 505 506
f 508 507 409
f 412 410 509
f 509 510 412
f 345 509 511
f 511 512 345
f 514 516 517
f 516 346 517
f 517 515 514
f 518 347 169
f 169 346 516
f 347 346 169
f 519 518 169
f 520 519 169
f 169 516 520
f 521 347 518
f 347 521 417
f 349 523 522
f 523 518 522
f 523 521 518
f 349 522 524
f 524 414 413
f 415 413 414
f 525 420 414
f 363 526 362
f 528 379 527
f 387 401 530
f 387 530 529
f 529 467 387
f 528 383 379
f 527 370 362
f 526 363 420
f 525 526 420
f 524 413 349
f 513 514 345
f 512 513 345
f 506 508 409
f 351 364 505
f 367 531 364
f 373 531 367
f 487 495 490
f 486 488 404
f 404 484 485
f 484 482 483
f 478 479 384
f 473 471 470
f 469 470 387
f 466 386 387
f 456 448 360
f 443 454 453
f 441 405 403
f 434 411 427
f 429 427 416
f 416 346 348
f 407 403 405
f 400 383 401
f 391 393 446
f 477 385 390
f 388 390 382
f 385 384 405
f 383 382 376
f 382 385 381
f 380 441 375
f 376 446 447
f 527 447 372
f 396 373 367
f 370 366 362
f 365 367 364
f 362 359 358
f 361 353 358
f 356 354 353
f 352 351 354
f 350 418 417
f 350 417 349
f 416 411 345
f 462 459 341
f 463 462 342
f 333 331 463
f 342 333 463
f 341 342 462
f 508 506 293
f 508 293 291
f 410 507 291
f 509 410 291
f 509 291 290
f 290 289 513
f 513 512 290
f 516 514 287
f 289 287 514
f 514 513 289
f 516 286 285
f 518 285 284
f 284 283 522
f 524 522 282
f 524 282 281
f 281 242 414
f 414 242 280
f 280 245 525
f 280 525 414
f 281 414 524
f 283 282 522
f 284 522 518
f 285 518 519
f 285 519 520
f 285 520 516
f 287 286 516
f 290 512 511
f 290 511 509
f 291 507 508
f 531 373 295
f 364 531 295
f 295 294 364
f 505 364 294
f 506 505 294
f 294 293 506
f 503 502 300
f 300 298 503
f 495 487 307
f 494 495 307
f 307 303 494
f 311 307 487
f 310 311 487
f 278 277 527
f 527 362 278
f 279 278 362
f 362 526 279
f 245 279 526
f 526 525 245
f 402 403 271
f 271 270 402
f 403 407 271
f 406 480 319
f 407 406 271
f 170 271 406
f 319 170 406
f 315 319 480
f 313 314 482
f 482 484 313
f 481 482 314
f 480 481 316
f 316 315 480
f 314 316 481
f 484 404 313
f 404 402 270
f 270 313 404
f 178 184 372
f 444 372 184
f 372 447 178
f 445 446 174
f 447 445 225
f 225 178 447
f 174 225 445
f 446 392 226
f 226 174 446
f 392 454 213
f 213 226 392
f 228 213 454
f 230 228 454
f 454 443 230
f 443 444 184
f 184 230 443
f 381 399 219
f 218 217 381
f 219 218 381
f 399 398 171
f 220 171 398
f 171 219 399
f 398 380 222
f 222 220 398
f 221 222 380
f 185 175 380
f 380 396 185
f 175 221 380
f 395 397 224
f 396 395 223
f 223 185 396
f 224 223 395
f 227 393 391
f 393 227 226
f 393 226 224
f 217 227 391
f 224 397 393
f 391 381 217
f 450 448 237
f 237 216 450
f 448 456 237
f 359 455 211
f 456 359 212
f 212 237 456
f 211 212 359
f 451 214 229
f 229 453 451
f 455 453 229
f 229 211 455
f 451 452 215
f 215 214 451
f 452 365 186
f 186 215 452
f 192 186 365
f 365 450 216
f 216 192 365
f 472 384 325
f 471 472 324
f 324 323 471
f 325 324 472
f 477 390 208
f 476 477 172
f 384 476 326
f 326 325 384
f 172 326 476
f 208 172 477
f 207 208 390
f 388 387 209
f 390 388 207
f 209 207 388
f 389 387 210
f 387 389 210
f 210 209 387
f 471 323 328
f 328 387 470
f 387 328 210
f 328 470 471
f 296 177 373
f 177 295 373
f 272 296 375
f 297 268 503
f 441 503 268
f 268 272 441
f 504 441 272
f 298 297 503
f 375 504 272
f 373 375 296
f 275 276 530
f 231 275 401
f 530 401 275
f 277 231 527
f 528 527 231
f 383 528 231
f 401 383 231
f 529 530 276
f 343 459 458
f 337 458 457
f 338 457 458
f 336 458 461
f 336 461 460
f 460 340 336
f 458 336 338
f 457 338 337
f 458 337 343
f 459 343 341
f 460 467 332
f 332 340 460
f 301 497 493
f 308 493 492
f 305 492 491
f 304 491 492
f 303 492 494
f 492 303 304
f 491 304 305
f 492 305 308
f 493 308 301
f 301 498 497
f 301 501 498
f 474 473 327
f 475 474 322
f 478 475 321
f 322 321 475
f 327 322 474
f 312 485 483
f 483 318 312
f 317 318 483
f 478 320 317
f 321 320 478
f 317 479 478
f 483 479 317
f 276 467 529
f 467 276 332
f 300 502 500
f 500 301 300
f 301 500 501
f 386 330 329
f 329 469 386
f 469 329 327
f 327 473 469
f 330 386 466
f 466 331 330
f 466 463 331
f 487 488 269
f 269 310 487
f 312 269 488
f 486 485 312
f 488 486 312
f 435 439 266
f 440 435 267
f 354 440 191
f 439 354 265
f 265 266 439
f 195 265 354
f 191 195 354
f 267 191 440
f 266 267 435
f 437 419 262
f 358 437 262
f 363 358 198
f 419 363 198
f 264 262 419
f 198 264 419
f 262 198 358
f 435 434 261
f 434 435 260
f 260 261 434
f 261 260 435
f 354 356 196
f 355 354 265
f 357 355 195
f 356 357 196
f 194 196 357
f 195 194 357
f 265 195 355
f 196 265 354
f 360 361 235
f 358 360 197
f 361 358 197
f 235 197 360
f 197 235 361
f 426 425 251
f 416 426 252
f 202 250 429
f 429 416 202
f 428 429 250
f 430 428 249
f 431 430 248
f 432 431 246
f 433 432 247
f 436 433 259
f 438 436 258
f 422 438 262
f 421 422 256
f 423 421 255
f 417 423 257
f 424 417 253
f 425 424 254
f 254 251 425
f 253 254 424
f 257 253 417
f 255 257 423
f 256 255 421
f 263 256 422
f 262 263 422
f 258 262 438
f 259 258 436
f 247 259 433
f 246 247 432
f 248 246 431
f 249 248 430
f 250 249 428
f 252 202 416
f 251 252 426
f 489 490 310
f 488 489 310
f 490 488 302
f 310 302 488
f 302 310 490
f 496 497 306
f 493 496 306
f 499 493 308
f 492 499 309
f 495 492 303
f 497 495 307
f 307 306 497
f 303 307 495
f 309 303 492
f 308 309 499
f 306 308 493
f 462 460 340
f 459 462 342
f 464 459 343
f 458 464 344
f 460 458 336
f 339 340 460
f 336 339 460
f 344 336 458
f 343 344 464
f 342 343 459
f 340 342 462
f 466 465 335
f 468 466 335
f 465 468 335
f 335 334 465
f 334 335 465
f 419 415 243
f 420 419 243
f 415 420 245
f 245 244 415
f 243 245 420
f 244 243 415
f 521 523 168
f 417 521 168
f 349 417 205
f 523 349 283
f 283 168 523
f 205 283 349
f 168 205 417
f 515 517 288
f 345 515 287
f 416 345 287
f 346 416 202
f 517 346 288
f 202 288 346
f 287 202 416
f 288 287 515
f 349 413 281
f 350 349 241
f 415 350 240
f 413 415 244
f 244 281 413
f 240 244 415
f 206 240 350
f 241 206 350
f 281 241 349
f 412 510 292
f 411 412 239
f 345 411 201
f 510 345 201
f 238 201 411
f 239 238 411
f 292 239 412
f 201 292 510
f 449 408 194
f 360 449 194
f 408 360 235
f 236 235 360
f 194 236 360
f 235 194 408
f 401 382 233
f 400 401 234
f 382 400 234
f 233 234 401
f 232 233 382
f 234 232 382
f 441 442 173
f 442 441 274
f 273 173 442
f 274 273 442
f 268 274 441
f 272 268 441
f 173 272 441
f 366 370 190
f 369 366 189
f 371 369 189
f 370 371 188
f 188 190 370
f 189 188 371
f 190 189 366
f 447 378 182
f 377 447 180
f 379 377 180
f 378 379 182
f 180 182 379
f 181 180 447
f 182 181 447
f 374 375 177
f 375 374 176
f 177 176 374
f 176 177 375
f 367 368 187
f 368 367 187
f 183 187 367
f 187 183 367
f 534 532 533
f 585 534 533
f 532 585 533
f 539 544 541
f 545 664 546
f 593 546 547
f 548 550 549
f 549 551 548
f 549 550 552
f 744 552 554
f 721 551 549
f 557 724 556
f 557 558 724
f 557 556 558
f 559 562 561
f 560 562 559
f 607 558 556
f 563 607 564
f 567 568 565
f 565 566 567
f 728 569 572
f 570 728 572
f 573 572 569
f 578 631 726
f 634 728 570
f 579 576 575
f 575 577 579
f 581 580 582
f 582 600 581
f 582 580 600
f 561 739 587
f 559 561 626
f 561 587 626
f 925 589 590
f 721 597 596
f 596 551 721
f 596 598 551
f 721 555 597
f 594 593 547
f 705 600 599
f 697 585 532
f 532 534 697
f 584 813 601
f 601 707 584
f 603 604 602
f 603 606 566
f 606 607 563
f 591 609 545
f 609 591 590
f 610 614 611
f 615 616 610
f 613 614 612
f 611 615 610
f 615 613 616
f 612 617 656
f 614 617 612
f 618 619 537
f 620 535 619
f 538 535 620
f 539 538 620
f 543 539 621
f 539 622 621
f 543 623 542
f 625 744 624
f 560 559 626
f 580 628 629
f 600 580 629
f 605 630 604
f 577 640 630
f 630 640 604
f 578 577 630
f 630 631 578
f 631 605 566
f 632 574 633
f 632 633 634
f 633 574 634
f 628 580 635
f 635 580 581
f 628 635 634
f 640 583 636
f 636 583 602
f 604 636 602
f 637 640 577
f 575 637 577
f 638 583 640
f 638 639 583
f 702 583 639
f 642 586 702
f 586 641 644
f 586 642 641
f 694 586 644
f 645 649 581
f 581 646 645
f 650 632 647
f 647 635 648
f 634 647 632
f 648 650 647
f 635 581 649
f 649 648 635
f 575 632 651
f 650 651 632
f 540 652 538
f 535 538 652
f 537 535 652
f 618 537 652
f 653 655 618
f 657 612 656
f 655 657 618
f 655 654 658
f 612 657 659
f 659 655 658
f 660 618 657
f 656 660 657
f 661 613 612
f 659 661 612
f 661 662 613
f 665 664 663
f 667 666 663
f 665 666 546
f 665 546 664
f 666 668 546
f 668 547 546
f 548 668 669
f 550 548 669
f 670 671 552
f 672 554 675
f 675 674 672
f 554 552 675
f 552 673 675
f 674 673 676
f 676 672 674
f 672 679 554
f 679 677 685
f 690 685 680
f 685 677 680
f 679 672 681
f 678 681 672
f 682 690 680
f 688 686 623
f 683 685 684
f 688 687 686
f 683 684 688
f 685 690 689
f 689 690 686
f 686 687 689
f 688 623 683
f 689 684 685
f 686 691 623
f 692 541 542
f 542 691 692
f 705 695 694
f 697 534 698
f 697 698 695
f 695 696 697
f 694 698 586
f 585 700 702
f 700 585 697
f 701 697 699
f 701 700 697
f 586 585 702
f 706 705 694
f 694 581 706
f 581 600 703
f 703 706 581
f 709 707 602
f 583 708 709
f 602 583 709
f 574 632 710
f 576 710 575
f 710 632 575
f 726 574 576
f 574 710 576
f 589 711 590
f 713 555 724
f 712 589 555
f 724 608 713
f 555 713 712
f 608 711 713
f 627 571 716
f 716 571 569
f 562 560 714
f 627 716 714
f 714 560 627
f 715 718 562
f 738 561 720
f 718 719 562
f 722 555 721
f 722 724 555
f 564 725 935
f 729 564 935
f 727 716 569
f 729 730 716
f 729 800 564
f 732 631 565
f 732 726 631
f 738 549 733
f 549 553 734
f 549 735 733
f 736 735 549
f 734 737 549
f 737 736 549
f 739 740 587
f 625 587 740
f 740 741 625
f 745 734 553
f 805 729 716
f 805 716 746
f 727 746 716
f 935 717 729
f 720 721 738
f 717 730 729
f 715 717 718
f 698 534 586
f 691 542 623
f 671 673 552
f 550 670 552
f 668 548 547
f 664 613 663
f 662 663 613
f 652 653 618
f 643 581 694
f 636 604 640
f 570 629 628
f 627 570 571
f 626 587 625
f 620 622 539
f 616 613 664
f 563 566 606
f 566 605 603
f 605 604 603
f 813 584 699
f 599 695 705
f 595 555 589
f 925 595 589
f 586 534 585
f 702 699 584
f 583 702 584
f 570 628 634
f 728 634 574
f 726 576 578
f 565 631 566
f 564 568 563
f 556 564 607
f 558 608 724
f 739 561 738
f 549 738 721
f 554 624 744
f 552 744 553
f 552 553 549
f 548 551 598
f 548 598 547
f 546 593 591
f 546 591 545
f 539 541 540
f 539 540 538
f 748 909 749
f 921 915 750
f 752 754 755
f 753 752 755
f 751 753 755
f 754 751 755
f 756 761 760
f 757 759 761
f 757 761 763
f 923 821 764
f 767 797 765
f 766 767 765
f 767 766 771
f 769 770 768
f 770 769 764
f 770 764 822
f 766 765 934
f 773 934 723
f 723 930 773
f 772 773 930
f 773 772 934
f 937 776 777
f 774 777 775
f 777 776 775
f 777 774 937
f 928 778 779
f 778 937 780
f 842 925 895
f 925 781 782
f 786 782 783
f 784 782 786
f 785 787 889
f 787 940 788
f 832 792 831
f 792 795 793
f 796 762 763
f 796 797 762
f 798 799 934
f 934 800 798
f 801 799 798
f 805 764 769
f 763 764 802
f 769 768 803
f 803 804 805
f 803 805 769
f 806 801 805
f 776 947 807
f 803 775 714
f 714 775 776
f 808 780 937
f 774 808 937
f 811 846 810
f 747 810 812
f 814 909 533
f 533 748 914
f 909 748 533
f 815 814 533
f 816 815 533
f 533 914 816
f 818 917 817
f 819 820 751
f 820 753 751
f 768 822 823
f 823 775 803
f 824 774 775
f 825 808 809
f 826 940 825
f 886 826 827
f 828 829 794
f 830 793 829
f 789 833 791
f 791 834 790
f 656 835 837
f 838 839 840
f 839 837 840
f 843 925 842
f 772 930 844
f 845 848 762
f 811 857 846
f 757 762 847
f 847 758 757
f 847 750 758
f 847 848 750
f 762 849 847
f 762 848 849
f 752 753 851
f 850 851 753
f 855 850 753
f 854 923 852
f 821 854 853
f 821 923 854
f 852 853 854
f 853 855 821
f 750 848 856
f 848 857 856
f 811 856 857
f 811 921 856
f 853 852 851
f 859 752 851
f 858 754 752
f 752 859 858
f 860 749 916
f 861 862 749
f 860 861 749
f 915 749 862
f 750 864 863
f 863 865 750
f 758 866 867
f 758 750 866
f 758 867 868
f 868 756 758
f 852 756 869
f 868 869 756
f 794 792 871
f 828 794 871
f 872 875 828
f 873 876 878
f 875 876 828
f 878 877 873
f 878 875 874
f 873 828 876
f 879 877 883
f 882 873 879
f 882 880 884
f 879 873 877
f 880 881 884
f 881 886 884
f 887 886 881
f 887 881 885
f 885 788 886
f 788 885 888
f 782 784 890
f 784 889 890
f 892 893 782
f 895 782 894
f 898 841 896
f 897 898 896
f 841 895 896
f 896 894 897
f 898 836 841
f 837 836 899
f 837 899 904
f 898 899 836
f 656 837 901
f 903 904 900
f 900 902 903
f 656 901 905
f 903 901 837
f 903 837 904
f 905 900 907
f 908 789 790
f 832 908 792
f 910 818 817
f 910 909 818
f 909 814 818
f 749 909 916
f 914 748 913
f 915 913 748
f 913 912 911
f 918 917 751
f 918 754 916
f 918 751 754
f 811 810 919
f 919 921 811
f 756 852 922
f 761 756 922
f 923 922 852
f 763 761 923
f 922 923 761
f 843 844 924
f 924 925 843
f 782 781 594
f 783 782 927
f 779 783 926
f 926 928 779
f 927 926 783
f 723 929 930
f 931 930 929
f 844 931 929
f 807 947 932
f 801 806 932
f 801 932 935
f 935 799 801
f 934 799 933
f 935 933 799
f 936 928 723
f 936 778 928
f 937 947 776
f 787 938 939
f 941 808 825
f 780 808 944
f 808 943 944
f 779 946 945
f 945 785 779
f 945 938 785
f 779 780 946
f 938 787 785
f 941 943 808
f 929 924 844
f 594 927 782
f 915 748 749
f 910 817 916
f 908 832 789
f 908 790 906
f 905 907 906
f 893 894 782
f 891 892 782
f 890 891 782
f 871 872 828
f 870 871 792
f 864 750 915
f 856 921 750
f 848 845 857
f 841 836 838
f 835 840 837
f 834 905 906
f 834 906 790
f 833 789 832
f 827 884 886
f 826 886 940
f 824 809 774
f 823 803 768
f 813 911 747
f 812 813 747
f 804 806 805
f 798 805 801
f 802 796 763
f 793 831 792
f 886 788 940
f 788 888 787
f 888 889 787
f 889 784 785
f 782 895 925
f 895 841 842
f 785 783 779
f 780 779 778
f 928 929 723
f 934 772 771
f 934 771 766
f 767 771 797
f 822 764 821
f 764 763 923
f 763 762 757
f 797 771 762
f 760 758 756
f 915 921 747
f 846 603 602
f 602 707 810
f 810 707 601
f 813 812 601
f 913 911 699
f 813 699 911
f 814 697 696
f 696 695 818
f 818 599 600
f 819 917 600
f 819 600 629
f 629 820 819
f 600 917 818
f 695 599 818
f 696 818 814
f 697 814 815
f 697 815 816
f 697 816 914
f 697 914 913
f 699 697 913
f 601 812 810
f 602 810 846
f 771 772 607
f 607 606 771
f 762 771 606
f 845 762 606
f 606 603 845
f 857 845 603
f 846 857 603
f 616 664 841
f 841 664 545
f 545 842 841
f 610 616 838
f 841 838 616
f 884 679 685
f 873 882 685
f 873 685 683
f 683 623 828
f 829 828 623
f 830 829 621
f 543 621 829
f 623 543 829
f 831 793 622
f 621 622 793
f 793 830 621
f 832 831 622
f 833 832 620
f 834 791 619
f 620 619 791
f 619 618 834
f 905 834 618
f 656 905 660
f 835 617 614
f 840 835 614
f 840 614 610
f 610 838 840
f 617 835 656
f 618 660 905
f 620 791 833
f 622 620 832
f 683 828 873
f 685 882 884
f 554 679 884
f 624 554 884
f 884 827 624
f 823 627 560
f 570 627 823
f 823 822 570
f 822 821 570
f 629 570 821
f 821 855 629
f 855 753 629
f 753 820 629
f 924 595 925
f 595 924 929
f 929 928 555
f 555 595 929
f 597 555 928
f 596 597 928
f 928 926 596
f 926 927 596
f 598 596 927
f 594 547 927
f 927 547 598
f 592 925 591
f 781 925 593
f 594 781 593
f 591 593 925
f 592 591 925
f 588 591 925
f 714 716 803
f 776 807 715
f 714 776 562
f 715 562 776
f 717 715 807
f 807 932 717
f 932 806 717
f 730 717 806
f 716 730 806
f 806 804 716
f 804 803 716
f 937 778 720
f 561 719 937
f 720 561 937
f 722 721 778
f 721 720 778
f 936 723 724
f 778 936 722
f 724 722 936
f 564 556 934
f 934 933 725
f 725 564 934
f 935 725 933
f 932 718 717
f 718 932 947
f 937 719 718
f 932 717 935
f 718 947 937
f 796 802 574
f 574 726 796
f 802 764 728
f 728 574 802
f 727 728 764
f 727 764 805
f 805 746 727
f 729 805 798
f 800 729 798
f 765 797 565
f 800 765 568
f 568 731 800
f 565 568 765
f 797 796 732
f 732 565 797
f 726 732 796
f 938 945 737
f 737 734 938
f 736 737 945
f 735 736 945
f 733 735 945
f 946 738 733
f 733 945 946
f 944 943 740
f 780 944 739
f 946 780 739
f 739 738 946
f 740 739 944
f 941 741 740
f 740 943 941
f 787 939 745
f 940 787 553
f 942 940 744
f 940 942 743
f 941 940 744
f 744 741 941
f 743 744 940
f 744 743 942
f 742 744 940
f 553 742 940
f 745 553 787
f 734 745 939
f 939 938 734
f 608 558 772
f 558 607 772
f 609 590 843
f 844 843 590
f 590 711 844
f 711 608 844
f 545 609 842
f 843 842 609
f 772 844 608
f 827 826 624
f 825 809 626
f 626 625 825
f 826 825 625
f 625 624 826
f 824 775 560
f 560 626 824
f 775 823 560
f 809 824 626
f 849 848 605
f 847 849 605
f 848 847 630
f 631 630 847
f 605 631 847
f 630 605 848
f 853 851 635
f 855 853 634
f 850 855 635
f 851 850 635
f 634 635 855
f 647 634 853
f 635 647 853
f 857 856 636
f 856 857 604
f 604 636 856
f 636 604 857
f 758 760 579
f 759 758 577
f 761 759 578
f 760 761 579
f 576 579 761
f 578 576 761
f 577 578 759
f 579 577 758
f 853 854 634
f 854 853 634
f 633 634 854
f 634 633 854
f 862 861 641
f 915 862 642
f 702 639 864
f 864 915 702
f 863 864 639
f 865 863 638
f 866 865 640
f 867 866 640
f 868 867 637
f 869 868 575
f 852 869 651
f 851 852 650
f 859 851 648
f 858 859 649
f 754 858 645
f 916 754 643
f 860 916 694
f 861 860 644
f 644 641 861
f 694 644 860
f 643 694 916
f 646 643 754
f 645 646 754
f 649 645 858
f 648 649 859
f 650 648 851
f 651 650 852
f 575 651 869
f 637 575 868
f 640 637 867
f 638 640 865
f 639 638 863
f 642 702 915
f 641 642 862
f 891 890 669
f 892 891 668
f 893 892 668
f 894 893 668
f 897 894 666
f 898 897 663
f 899 898 662
f 904 899 661
f 900 904 659
f 654 655 900
f 907 900 655
f 906 907 653
f 908 906 652
f 792 908 652
f 693 792 540
f 693 541 792
f 870 792 541
f 871 870 692
f 692 691 871
f 872 871 691
f 875 872 686
f 874 875 686
f 878 874 686
f 877 878 690
f 883 877 690
f 879 883 682
f 880 879 680
f 881 880 678
f 678 672 881
f 885 881 676
f 888 885 673
f 676 673 885
f 889 888 671
f 890 889 550
f 550 669 890
f 670 550 889
f 671 670 889
f 673 671 888
f 672 676 881
f 680 678 880
f 682 680 879
f 690 682 883
f 686 690 878
f 691 686 872
f 541 692 870
f 652 540 792
f 653 652 906
f 655 653 907
f 658 654 900
f 659 658 900
f 661 659 904
f 662 661 899
f 663 662 898
f 667 663 897
f 666 667 897
f 668 666 894
f 669 668 891
f 786 783 548
f 784 786 549
f 785 784 549
f 783 785 549
f 549 548 783
f 548 549 786
f 894 896 663
f 895 894 666
f 896 895 666
f 666 665 896
f 663 666 894
f 665 663 896
f 839 838 611
f 837 839 614
f 836 837 613
f 838 836 613
f 613 615 838
f 614 613 837
f 611 614 839
f 615 611 838
f 901 903 659
f 905 901 657
f 900 905 657
f 902 900 655
f 903 902 655
f 655 659 903
f 657 655 900
f 659 657 901
f 791 790 537
f 789 791 619
f 790 789 535
f 535 536 790
f 535 535 789
f 535 535 789
f 619 535 789
f 537 619 791
f 536 537 790
f 793 795 544
f 829 793 543
f 794 829 543
f 795 794 542
f 542 544 795
f 543 542 794
f 539 543 793
f 544 539 793
f 875 878 689
f 876 875 688
f 878 876 684
f 684 689 878
f 688 684 876
f 687 688 875
f 689 687 875
f 879 880 678
f 882 879 680
f 880 882 679
f 679 681 880
f 677 679 882
f 680 677 882
f 678 680 879
f 681 678 880
f 887 885 673
f 886 887 674
f 885 886 675
f 674 675 886
f 673 674 887
f 675 673 885
f 753 755 580
f 755 753 580
f 580 582 755
f 582 580 755
f 916 909 698
f 910 916 694
f 909 910 694
f 694 695 909
f 698 694 916
f 695 698 909
f 912 913 701
f 747 912 699
f 915 747 699
f 913 915 702
f 700 701 913
f 702 700 913
f 699 702 915
f 701 699 912
f 916 817 705
f 918 916 706
f 917 918 703
f 817 917 600
f 600 704 817
f 703 600 917
f 706 703 918
f 705 706 916
f 704 705 817
f 810 920 584
f 919 810 707
f 921 919 709
f 747 921 584
f 920 747 584
f 708 584 921
f 709 708 921
f 707 709 919
f 584 707 810
f 923 922 576
f 922 923 710
f 576 710 923
f 710 576 922
f 844 930 711
f 931 844 712
f 930 931 713
f 712 713 931
f 589 712 844
f 711 589 844
f 713 711 930
f 808 774 626
f 809 808 587
f 774 809 626
f 587 626 809
f 626 587 808
f 768 770 572
f 822 768 571
f 770 822 570
f 570 572 770
f 571 570 822
f 573 571 768
f 572 573 768
f 775 777 559
f 777 775 560
f 560 559 777
f 559 560 775
f 773 772 558
f 772 773 557
f 558 557 773
f 557 558 772
f 765 767 566
f 767 765 568
f 568 567 767
f 563 568 765
f 566 563 765
f 567 566 767
f 949 948 952
f 949 952 950
f 950 952 953
f 950 953 951
f 952 948 954
f 952 954 953
f 953 954 955
f 953 955 951
f 954 948 956
f 954 956 955
f 955 956 957
f 955 957 951
f 956 948 958
f 956 958 957
f 957 958 959
f 957 959 951
f 958 948 960
f 958 960 959
f 959 960 961
f 959 961 951
f 960 948 962
f 960 962 961
f 961 962 963
f 961 963 951
f 962 948 964
f 962 964 963
f 963 964 965
f 963 965 951
f 964 948 966
f 964 966 965
f 965 966 967
f 965 967 951
f 966 948 968
f 966 968 967
f 967 968 969
f 967 969 951
f 968 948 970
f 968 970 969
f 969 970 971
f 969 971 951
f 970 948 972
f 970 972 971
f 971 972 973
f 971 973 951
f 972 948 974
f 972 974 973
f 973 974 975
f 973 975 951
f 974 948 976
f 974 976 975
f 975 976 977
f 975 977 951
f 976 948 978
f 976 978 977
f 977 978 979
f 977 979 951
f 978 948 980
f 978 980 979
f 979 980 981
f 979 981 951
f 980 948 982
f 980 982 981
f 981 982 983
f 981 983 951
f 982 948 984
f 982 984 983
f 983 984 985
f 983 985 951
f 984 948 986
f 984 986 985
f 985 986 987
f 985 987 951
f 986 948 988
f 986 988 987
f 987 988 989
f 987 989 951
f 988 948 990
f 988 990 989
f 989 990 991
f 989 991 951
f 990 948 992
f 990 992 991
f 991 992 993
f 991 993 951
f 992 948 994
f 992 994 993
f 993 994 995
f 993 995 951
f 994 948 996
f 994 996 995
f 995 996 997
f 995 997 951
f 996 948 998
f 996 998 997
f 997 998 999
f 997 999 951
f 998 948 1000
f 998 1000 999
f 999 1000 1001
f 999 1001 951
f 1000 948 1002
f 1000 1002 1001
f 1001 1002 1003
f 1001 1003 951
f 1002 948 1004
f 1002 1004 1003
f 1003 1004 1005
f 1003 1005 951
f 1004 948 1006
f 1004 1006 1005
f 1005 1006 1007
f 1005 1007 951
f 1006 948 1008
f 1006 1008 1007
f 1007 1008 1009
f 1007 1009 951
f 1008 948 1010
f 1008 1010 1009
f 1009 1010 1011
f 1009 1011 951
f 1010 948 1012
f 1010 1012 1011
f 1011 1012 1013
f 1011 1013 951
f 1012 948 949
f 1012 949 1013
f 1013 949 950
f 1013 950 951
f 1014 1021 1020
f 1017 1014 1015
f 1021 1017 1018
f 1019 1020 1021
f 1018 1019 1021
f 1016 1018 1017
f 1015 1016 1017
f 1020 1015 1014
f 1021 1014 1024
f 1014 1017 1023
f 1017 1021 1022
f 1016 1015 1025
f 1030 1026 1027
f 1031 1027 1032
f 1035 1033 1078
f 1037 1038 1085
f 1039 1080 1040
f 1091 1041 1042
f 1043 1039 1113
f 1032 1033 1049
f 1049 1050 1032
f 1033 1051 1049
f 1196 1031 1032
f 1031 1052 1030
f 1057 1058 1056
f 1060 1038 1059
f 1036 1056 1063
f 1063 1061 1036
f 1040 1064 1231
f 1065 1040 1231
f 1231 1066 1065
f 1041 1066 1067
f 1067 1068 1041
f 1041 1068 1069
f 1070 1221 1038
f 1059 1038 1071
f 1038 1221 1071
f 1071 1072 1059
f 1073 1058 1059
f 1056 1074 1063
f 1058 1073 1074
f 1074 1056 1058
f 1077 1026 1030
f 1075 1076 1026
f 1034 1077 1030
f 1026 1077 1075
f 1033 1029 1078
f 1029 1141 1143
f 1062 1040 1313
f 1062 1313 1079
f 1040 1080 1313
f 1034 1053 1081
f 1082 1053 1036
f 1079 1134 1082
f 1082 1081 1053
f 1036 1079 1082
f 1084 1038 1035
f 1083 1085 1038
f 1038 1084 1083
f 1148 1084 1035
f 1021 1041 1037
f 1037 1022 1021
f 1037 1017 1022
f 1042 1021 1024
f 1021 1042 1041
f 1037 1085 1017
f 1045 1091 1086
f 1090 1092 1091
f 1105 1095 1094
f 1095 1105 1089
f 1089 1087 1095
f 1041 1100 1098
f 1041 1102 1100
f 1098 1099 1041
f 1101 1102 1041
f 1087 1089 1106
f 1106 1159 1087
f 1111 1108 1040
f 1040 1065 1111
f 1065 1112 1111
f 1110 1112 1065
f 1194 1127 1115
f 1117 1116 1113
f 1129 1043 1119
f 1127 1128 1121
f 1128 1120 1121
f 1122 1123 1065
f 1041 1124 1373
f 1122 1065 1041
f 1373 1122 1041
f 1123 1044 1065
f 1041 1103 1124
f 1103 1044 1124
f 1123 1124 1044
f 1194 1125 1127
f 1194 1170 1125
f 1129 1130 1080
f 1314 1130 1131
f 1314 1080 1130
f 1131 1079 1314
f 1131 1132 1079
f 1133 1034 1081
f 1135 1134 1132
f 1081 1135 1133
f 1135 1132 1133
f 1034 1133 1136
f 1075 1137 1138
f 1075 1138 1278
f 1026 1076 1140
f 1029 1028 1251
f 1251 1141 1029
f 1251 1250 1141
f 1078 1142 1144
f 1142 1143 1144
f 1148 1078 1145
f 1078 1144 1145
f 1149 1147 1146
f 1149 1148 1147
f 1146 1085 1083
f 1083 1149 1146
f 1146 1150 1023
f 1150 1014 1023
f 1150 1042 1014
f 1023 1017 1146
f 1046 1042 1150
f 1090 1046 1150
f 1105 1151 1153
f 1105 1152 1151
f 1152 1105 1090
f 1105 1155 1345
f 1154 1156 1155
f 1159 1106 1156
f 1259 1158 1165
f 1163 1166 1159
f 1163 1259 1165
f 1160 1165 1158
f 1168 1176 1161
f 1161 1158 1168
f 1174 1173 1169
f 1174 1257 1175
f 1170 1178 1125
f 1178 1170 1179
f 1182 1183 1128
f 1128 1184 1185
f 1129 1128 1186
f 1185 1186 1128
f 1159 1195 1187
f 1195 1159 1161
f 1189 1045 1086
f 1086 1087 1188
f 1103 1045 1190
f 1087 1420 1188
f 1188 1189 1086
f 1189 1190 1045
f 1087 1187 1420
f 1044 1103 1190
f 1115 1418 1191
f 1191 1417 1115
f 1417 1194 1115
f 1113 1192 1418
f 1115 1117 1418
f 1192 1113 1044
f 1117 1113 1418
f 1176 1170 1193
f 1194 1193 1170
f 1195 1161 1176
f 1193 1195 1176
f 1190 1192 1044
f 1187 1087 1159
f 1183 1184 1128
f 1168 1169 1176
f 1157 1159 1156
f 1017 1085 1146
f 1145 1147 1148
f 1139 1140 1076
f 1136 1137 1034
f 1134 1079 1132
f 1080 1039 1129
f 1121 1115 1127
f 1116 1043 1113
f 1059 1072 1073
f 1055 1056 1036
f 1050 1196 1032
f 1046 1090 1091
f 1039 1043 1129
f 1042 1046 1091
f 1041 1091 1045
f 1040 1113 1039
f 1036 1062 1079
f 1078 1148 1035
f 1030 1053 1034
f 1029 1033 1032
f 1027 1031 1030
f 1028 1029 1032
f 1028 1032 1027
f 1057 1056 1055
f 1057 1198 1058
f 1200 1209 1054
f 1208 1200 1052
f 1201 1208 1031
f 1202 1201 1031
f 1031 1196 1202
f 1052 1031 1208
f 1054 1052 1200
f 1199 1054 1209
f 1198 1203 1059
f 1059 1058 1198
f 1197 1055 1204
f 1055 1197 1205
f 1057 1055 1206
f 1198 1057 1206
f 1206 1215 1198
f 1205 1206 1055
f 1204 1205 1197
f 1199 1204 1055
f 1218 1202 1196
f 1196 1050 1218
f 1060 1059 1203
f 1060 1047 1038
f 1212 1246 1047
f 1213 1212 1047
f 1214 1213 1060
f 1215 1214 1060
f 1060 1203 1215
f 1047 1060 1213
f 1210 1047 1212
f 1047 1210 1212
f 1211 1047 1246
f 1051 1048 1217
f 1049 1051 1217
f 1050 1049 1218
f 1219 1218 1049
f 1217 1219 1049
f 1216 1217 1048
f 1211 1216 1048
f 1067 1066 1232
f 1068 1067 1232
f 1069 1068 1223
f 1223 1224 1069
f 1222 1223 1068
f 1232 1222 1068
f 1225 1470 1072
f 1226 1225 1071
f 1227 1226 1221
f 1228 1227 1221
f 1229 1228 1070
f 1221 1070 1228
f 1071 1221 1226
f 1072 1071 1225
f 1074 1073 1233
f 1063 1074 1235
f 1061 1063 1238
f 1238 1248 1061
f 1237 1238 1063
f 1236 1237 1063
f 1235 1236 1063
f 1234 1235 1074
f 1233 1234 1074
f 1239 1232 1231
f 1240 1239 1231
f 1241 1240 1231
f 1242 1241 1231
f 1231 1064 1242
f 1230 1231 1240
f 1231 1230 1240
f 1066 1231 1232
f 1215 1206 1244
f 1206 1205 1204
f 1244 1245 1215
f 1214 1215 1245
f 1228 1213 1227
f 1226 1227 1213
f 1240 1241 1242
f 1237 1248 1238
f 1237 1236 1235
f 1252 1253 1145
f 1254 1252 1144
f 1255 1254 1143
f 1144 1143 1254
f 1145 1144 1252
f 1256 1182 1180
f 1256 1180 1181
f 1179 1181 1180
f 1257 1179 1170
f 1258 1174 1169
f 1260 1163 1159
f 1159 1157 1260
f 1156 1154 1157
f 1261 1154 1155
f 1105 1153 1155
f 1174 1258 1257
f 1170 1175 1257
f 1182 1256 1183
f 1139 1027 1026
f 1139 1251 1028
f 1028 1027 1139
f 1026 1140 1139
f 1255 1143 1141
f 1280 1141 1250
f 1262 1250 1251
f 1251 1264 1263
f 1251 1263 1262
f 1250 1262 1280
f 1141 1280 1255
f 1152 1265 1266
f 1153 1266 1267
f 1153 1267 1268
f 1155 1268 1269
f 1154 1269 1270
f 1154 1270 1271
f 1259 1271 1272
f 1168 1272 1273
f 1169 1273 1296
f 1257 1296 1297
f 1179 1297 1274
f 1181 1274 1299
f 1256 1299 1275
f 1183 1275 1276
f 1183 1276 1301
f 1185 1301 1277
f 1277 1186 1185
f 1301 1185 1184
f 1301 1184 1183
f 1275 1183 1256
f 1299 1256 1181
f 1274 1181 1179
f 1297 1179 1257
f 1296 1257 1258
f 1296 1258 1169
f 1273 1169 1168
f 1272 1168 1158
f 1272 1158 1259
f 1271 1259 1163
f 1271 1163 1260
f 1271 1260 1157
f 1271 1157 1154
f 1269 1154 1261
f 1269 1261 1155
f 1268 1155 1153
f 1266 1153 1151
f 1266 1151 1152
f 1278 1076 1075
f 1279 1264 1251
f 1251 1139 1279
f 1282 1281 1138
f 1283 1282 1137
f 1137 1136 1283
f 1138 1137 1282
f 1284 1139 1076
f 1285 1076 1278
f 1286 1278 1138
f 1138 1281 1286
f 1278 1286 1285
f 1076 1285 1284
f 1139 1284 1279
f 1287 1279 1284
f 1269 1292 1270
f 1293 1271 1270
f 1271 1295 1272
f 1620 1274 1297
f 1298 1299 1274
f 1077 1034 1307
f 1075 1077 1307
f 1137 1075 1308
f 1034 1137 1306
f 1309 1306 1137
f 1308 1309 1137
f 1307 1308 1075
f 1306 1307 1034
f 1142 1078 1310
f 1143 1142 1310
f 1029 1143 1311
f 1078 1029 1311
f 1312 1310 1078
f 1311 1312 1078
f 1310 1311 1143
f 1313 1315 1079
f 1315 1313 1316
f 1079 1315 1317
f 1314 1079 1317
f 1080 1314 1319
f 1313 1080 1319
f 1319 1316 1313
f 1318 1319 1314
f 1317 1318 1314
f 1316 1317 1315
f 1317 1316 1321
f 1316 1319 1320
f 1081 1082 1323
f 1135 1081 1325
f 1134 1135 1325
f 1082 1134 1325
f 1325 1322 1082
f 1324 1325 1081
f 1323 1324 1081
f 1322 1323 1082
f 1148 1149 1083
f 1148 1083 1328
f 1084 1148 1329
f 1083 1084 1331
f 1331 1327 1083
f 1330 1331 1084
f 1329 1330 1084
f 1332 1329 1148
f 1328 1332 1148
f 1327 1328 1083
f 1333 1540 1091
f 1334 1333 1090
f 1335 1334 1095
f 1569 1335 1095
f 1336 1569 1087
f 1337 1336 1086
f 1540 1337 1086
f 1086 1091 1540
f 1087 1086 1336
f 1088 1087 1569
f 1087 1088 1569
f 1095 1087 1569
f 1094 1095 1334
f 1093 1094 1334
f 1090 1093 1334
f 1092 1090 1333
f 1091 1092 1333
f 1341 1340 1102
f 1342 1341 1045
f 1542 1342 1104
f 1343 1542 1103
f 1344 1343 1098
f 1340 1344 1098
f 1098 1100 1340
f 1099 1098 1343
f 1096 1099 1343
f 1103 1096 1343
f 1338 1103 1542
f 1103 1338 1542
f 1104 1103 1542
f 1045 1104 1342
f 1339 1045 1342
f 1045 1339 1342
f 1097 1045 1341
f 1101 1097 1341
f 1102 1101 1341
f 1100 1102 1340
f 1089 1345 1106
f 1089 1105 1345
f 1345 1155 1269
f 1089 1345 1352
f 1345 1089 1352
f 1106 1345 1352
f 1156 1106 1348
f 1155 1156 1349
f 1348 1349 1156
f 1347 1348 1106
f 1352 1347 1106
f 1351 1352 1345
f 1346 1351 1345
f 1269 1346 1345
f 1349 1269 1155
f 1347 1352 1350
f 1356 1355 1111
f 1357 1356 1112
f 1358 1357 1109
f 1515 1358 1354
f 1359 1515 1044
f 1360 1359 1113
f 1361 1360 1113
f 1362 1361 1108
f 1363 1362 1111
f 1355 1363 1111
f 1108 1111 1362
f 1107 1108 1361
f 1113 1107 1361
f 1353 1113 1360
f 1113 1353 1360
f 1114 1113 1359
f 1044 1114 1359
f 1354 1044 1515
f 1044 1354 1358
f 1109 1044 1358
f 1110 1109 1357
f 1112 1110 1357
f 1111 1112 1356
f 1365 1364 1043
f 1366 1365 1117
f 1367 1366 1115
f 1368 1367 1115
f 1369 1368 1121
f 1370 1369 1121
f 1371 1370 1121
f 1372 1371 1118
f 1492 1372 1043
f 1364 1492 1043
f 1119 1043 1372
f 1118 1119 1372
f 1120 1118 1371
f 1121 1120 1371
f 1115 1121 1368
f 1117 1115 1366
f 1116 1117 1365
f 1043 1116 1365
f 1373 1123 1122
f 1373 1124 1377
f 1122 1373 1377
f 1373 1122 1378
f 1123 1373 1377
f 1124 1123 1522
f 1522 1374 1124
f 1380 1522 1123
f 1379 1380 1123
f 1377 1379 1123
f 1378 1377 1373
f 1377 1378 1122
f 1376 1377 1124
f 1375 1376 1124
f 1374 1375 1124
f 1381 1378 1377
f 1379 1377 1378
f 1161 1164 1382
f 1162 1159 1383
f 1385 1384 1162
f 1386 1385 1383
f 1387 1386 1159
f 1388 1387 1159
f 1389 1388 1166
f 1390 1389 1163
f 1391 1390 1165
f 1392 1391 1160
f 1394 1393 1382
f 1384 1394 1164
f 1164 1167 1384
f 1382 1164 1394
f 1161 1382 1393
f 1392 1161 1393
f 1165 1160 1391
f 1163 1165 1390
f 1166 1163 1389
f 1159 1166 1388
f 1159 1159 1387
f 1159 1159 1387
f 1383 1159 1386
f 1162 1383 1385
f 1167 1162 1384
f 1386 1384 1385
f 1170 1172 1395
f 1176 1171 1396
f 1398 1397 1176
f 1399 1398 1396
f 1400 1399 1171
f 1402 1401 1174
f 1403 1402 1174
f 1404 1403 1174
f 1405 1404 1175
f 1406 1405 1175
f 1407 1406 1170
f 1408 1407 1170
f 1637 1408 1395
f 1397 1637 1172
f 1172 1177 1397
f 1395 1172 1637
f 1170 1395 1408
f 1170 1170 1407
f 1170 1170 1407
f 1175 1170 1406
f 1174 1175 1404
f 1173 1174 1401
f 1400 1173 1401
f 1396 1171 1399
f 1176 1396 1398
f 1177 1176 1397
f 1637 1407 1408
f 1399 1397 1398
f 1128 1127 1126
f 1125 1126 1127
f 1126 1182 1128
f 1178 1180 1409
f 1125 1178 1409
f 1126 1125 1411
f 1127 1126 1411
f 1126 1127 1412
f 1182 1126 1413
f 1180 1182 1414
f 1414 1409 1180
f 1300 1414 1182
f 1413 1300 1182
f 1411 1413 1126
f 1412 1411 1126
f 1411 1412 1127
f 1410 1411 1125
f 1409 1410 1125
f 1416 1412 1411
f 1300 1413 1415
f 1413 1411 1412
f 1187 1195 1423
f 1420 1187 1423
f 1188 1420 1425
f 1189 1188 1427
f 1419 1189 1429
f 1189 1419 1429
f 1190 1189 1431
f 1192 1190 1433
f 1418 1192 1435
f 1191 1418 1509
f 1417 1191 1439
f 1194 1417 1441
f 1193 1194 1442
f 1195 1193 1421
f 1443 1421 1193
f 1442 1443 1193
f 1441 1442 1194
f 1440 1441 1417
f 1439 1440 1417
f 1438 1439 1191
f 1509 1438 1191
f 1437 1509 1418
f 1436 1437 1418
f 1435 1436 1418
f 1434 1435 1192
f 1433 1434 1192
f 1432 1433 1190
f 1431 1432 1190
f 1430 1431 1189
f 1429 1430 1189
f 1428 1429 1189
f 1427 1428 1189
f 1426 1427 1188
f 1425 1426 1188
f 1424 1425 1420
f 1423 1424 1420
f 1613 1423 1195
f 1422 1613 1195
f 1421 1422 1195
f 1435 1437 1436
f 1423 1425 1424
f 1442 1441 1440
f 1069 1224 1444
f 1224 1445 1444
f 1070 1069 1446
f 1445 1224 1229
f 1446 1447 1070
f 1229 1453 1445
f 1229 1070 1449
f 1069 1448 1446
f 1449 1453 1229
f 1444 1448 1069
f 1447 1449 1070
f 1447 1446 1449
f 1453 1449 1450
f 1450 1451 1453
f 1454 1450 1449
f 1448 1449 1446
f 1450 1454 1452
f 1454 1449 1448
f 1448 1444 1455
f 1455 1454 1448
f 1444 1445 1453
f 1451 1455 1453
f 1152 1145 1452
f 1145 1253 1451
f 1253 1456 1451
f 1265 1152 1454
f 1145 1450 1452
f 1456 1253 1265
f 1452 1454 1152
f 1265 1455 1456
f 1451 1450 1145
f 1454 1455 1265
f 1455 1451 1456
f 1444 1453 1455
f 1061 1248 1458
f 1457 1064 1061
f 1248 1242 1464
f 1242 1064 1459
f 1061 1461 1457
f 1464 1458 1248
f 1457 1459 1064
f 1242 1460 1464
f 1458 1461 1061
f 1459 1460 1242
f 1459 1457 1461
f 1461 1458 1463
f 1463 1462 1461
f 1466 1459 1461
f 1461 1462 1466
f 1458 1464 1468
f 1468 1463 1458
f 1460 1459 1466
f 1466 1469 1460
f 1466 1462 1465
f 1186 1277 1469
f 1277 1467 1469
f 1277 1283 1467
f 1465 1136 1186
f 1283 1463 1467
f 1283 1136 1462
f 1186 1466 1465
f 1462 1463 1283
f 1469 1466 1186
f 1465 1462 1136
f 1463 1468 1467
f 1467 1468 1469
f 1469 1468 1464
f 1464 1460 1469
f 1073 1072 1471
f 1470 1233 1472
f 1072 1474 1471
f 1471 1473 1073
f 1475 1472 1233
f 1475 1476 1472
f 1477 1475 1233
f 1233 1473 1477
f 1470 1472 1476
f 1476 1475 1480
f 1480 1478 1476
f 1475 1477 1481
f 1481 1480 1475
f 1477 1473 1471
f 1479 1480 1481
f 1481 1482 1479
f 1474 1470 1476
f 1476 1483 1474
f 1483 1477 1471
f 1477 1483 1486
f 1486 1481 1477
f 1483 1471 1474
f 1483 1476 1478
f 1478 1486 1483
f 1203 1198 1481
f 1215 1480 1479
f 1481 1486 1203
f 1478 1480 1215
f 1198 1482 1481
f 1484 1478 1215
f 1486 1485 1203
f 1478 1484 1485
f 1485 1486 1478
f 1365 1487 1488
f 1488 1359 1365
f 1371 1369 1370
f 1488 1510 1359
f 1365 1359 1360
f 1364 1489 1490
f 1361 1489 1360
f 1365 1360 1489
f 1366 1487 1365
f 1489 1364 1365
f 1364 1491 1492
f 1367 1368 1493
f 1372 1492 1494
f 1371 1372 1494
f 1369 1371 1496
f 1368 1369 1498
f 1493 1368 1500
f 1367 1493 1500
f 1366 1367 1501
f 1502 1503 1366
f 1501 1502 1366
f 1500 1501 1367
f 1499 1500 1368
f 1498 1499 1368
f 1497 1498 1369
f 1496 1497 1369
f 1495 1496 1371
f 1494 1495 1371
f 1505 1487 1366
f 1366 1503 1505
f 1487 1505 1504
f 1490 1491 1364
f 1492 1506 1494
f 1506 1492 1491
f 1507 1301 1496
f 1499 1412 1416
f 1416 1500 1499
f 1508 1509 1503
f 1503 1502 1508
f 1502 1501 1508
f 1499 1498 1412
f 1496 1495 1507
f 1495 1494 1507
f 1487 1504 1511
f 1511 1488 1487
f 1512 1489 1361
f 1490 1489 1528
f 1491 1490 1514
f 1514 1506 1491
f 1513 1514 1490
f 1528 1513 1490
f 1361 1362 1363
f 1356 1357 1516
f 1359 1510 1517
f 1515 1359 1518
f 1358 1515 1520
f 1357 1358 1520
f 1516 1357 1522
f 1356 1516 1523
f 1355 1356 1524
f 1363 1355 1525
f 1361 1363 1526
f 1526 1527 1361
f 1525 1526 1363
f 1524 1525 1355
f 1523 1524 1356
f 1522 1523 1516
f 1521 1522 1357
f 1520 1521 1357
f 1519 1520 1515
f 1518 1519 1515
f 1517 1518 1359
f 1361 1527 1528
f 1528 1489 1512
f 1528 1512 1361
f 1513 1528 1529
f 1530 1510 1488
f 1488 1511 1530
f 1510 1530 1517
f 1511 1504 1530
f 1532 1533 1525
f 1534 1528 1527
f 1526 1525 1533
f 1525 1524 1532
f 1522 1521 1531
f 1521 1520 1531
f 1519 1518 1517
f 1337 1342 1535
f 1536 1535 1342
f 1535 1537 1337
f 1337 1538 1341
f 1337 1540 1538
f 1337 1537 1336
f 1539 1538 1540
f 1333 1556 1540
f 1341 1342 1337
f 1340 1341 1541
f 1543 1341 1538
f 1541 1341 1545
f 1340 1541 1545
f 1344 1340 1547
f 1343 1344 1549
f 1542 1343 1551
f 1342 1542 1553
f 1536 1342 1554
f 1553 1554 1342
f 1552 1553 1542
f 1551 1552 1542
f 1550 1551 1343
f 1549 1550 1343
f 1548 1549 1344
f 1547 1548 1344
f 1546 1547 1340
f 1545 1546 1340
f 1544 1545 1341
f 1564 1535 1536
f 1536 1554 1555
f 1536 1555 1564
f 1539 1540 1556
f 1543 1557 1544
f 1544 1341 1543
f 1557 1543 1538
f 1557 1558 1545
f 1559 1560 1548
f 1375 1561 1552
f 1554 1553 1562
f 1552 1551 1375
f 1551 1550 1375
f 1548 1547 1559
f 1547 1546 1559
f 1545 1544 1557
f 1535 1564 1563
f 1539 1556 1567
f 1538 1539 1568
f 1568 1557 1538
f 1567 1568 1539
f 1566 1567 1556
f 1334 1335 1570
f 1569 1336 1581
f 1335 1569 1573
f 1570 1335 1574
f 1334 1570 1574
f 1333 1334 1576
f 1565 1333 1577
f 1576 1577 1333
f 1575 1576 1334
f 1574 1575 1334
f 1573 1574 1335
f 1350 1573 1569
f 1572 1350 1569
f 1581 1572 1569
f 1571 1581 1336
f 1565 1577 1566
f 1566 1556 1333
f 1566 1333 1565
f 1568 1578 1557
f 1571 1336 1537
f 1579 1537 1535
f 1535 1563 1579
f 1537 1579 1571
f 1581 1582 1572
f 1583 1584 1577
f 1577 1576 1583
f 1576 1575 1583
f 1574 1573 1352
f 1350 1352 1573
f 1581 1571 1580
f 1587 1585 1586
f 1533 1591 1594
f 1592 1209 1200
f 1200 1208 1592
f 1588 1202 1218
f 1218 1587 1588
f 1588 1201 1202
f 1588 1208 1201
f 1587 1217 1216
f 1587 1219 1217
f 1218 1219 1587
f 1240 1242 1594
f 1594 1239 1240
f 1594 1591 1239
f 1237 1235 1199
f 1206 1204 1235
f 1199 1207 1237
f 1235 1243 1206
f 1248 1237 1207
f 1235 1206 1243
f 1234 1233 1244
f 1245 1244 1233
f 1233 1470 1245
f 1245 1470 1225
f 1214 1245 1225
f 1226 1213 1214
f 1225 1226 1214
f 1235 1234 1244
f 1235 1244 1206
f 1228 1246 1212
f 1212 1213 1228
f 1591 1590 1232
f 1591 1232 1239
f 1222 1232 1590
f 1590 1223 1222
f 1224 1223 1590
f 1503 1530 1504
f 1593 1500 1416
f 1593 1501 1500
f 1593 1508 1501
f 1594 1527 1526
f 1534 1527 1594
f 1595 1597 1598
f 1595 1596 1597
f 1596 1600 1597
f 1599 1600 1596
f 1588 1287 1284
f 1285 1286 1588
f 1284 1285 1588
f 1588 1279 1287
f 1308 1286 1281
f 1282 1592 1306
f 1592 1588 1307
f 1309 1308 1281
f 1281 1306 1309
f 1286 1308 1307
f 1306 1281 1282
f 1592 1307 1306
f 1207 1592 1323
f 1302 1207 1322
f 1592 1324 1323
f 1324 1282 1283
f 1207 1323 1322
f 1283 1325 1324
f 1326 1283 1302
f 1302 1325 1326
f 1322 1325 1302
f 1283 1326 1325
f 1249 1207 1302
f 1303 1320 1319
f 1316 1594 1249
f 1249 1321 1316
f 1318 1302 1303
f 1319 1318 1303
f 1594 1316 1320
f 1303 1594 1320
f 1249 1317 1321
f 1318 1317 1302
f 1304 1305 1528
f 1494 1506 1305
f 1301 1412 1498
f 1305 1514 1513
f 1305 1277 1507
f 1498 1497 1301
f 1513 1529 1305
f 1506 1514 1305
f 1301 1497 1496
f 1507 1494 1305
f 1301 1507 1277
f 1288 1566 1577
f 1266 1575 1574
f 1266 1574 1352
f 1288 1567 1566
f 1583 1575 1266
f 1583 1266 1265
f 1584 1265 1288
f 1288 1578 1568
f 1288 1577 1584
f 1568 1567 1288
f 1265 1584 1583
f 1557 1288 1589
f 1589 1289 1590
f 1025 1289 1290
f 1590 1020 1019
f 1290 1016 1025
f 1019 1247 1590
f 1289 1015 1020
f 1289 1025 1015
f 1020 1590 1289
f 1019 1018 1247
f 1018 1016 1247
f 1290 1247 1016
f 1290 1291 1220
f 1291 1253 1332
f 1331 1587 1220
f 1291 1328 1327
f 1291 1332 1328
f 1327 1220 1291
f 1587 1330 1329
f 1331 1330 1587
f 1329 1332 1253
f 1252 1587 1329
f 1327 1331 1220
f 1253 1252 1329
f 1310 1587 1252
f 1254 1255 1310
f 1312 1585 1587
f 1252 1254 1310
f 1312 1311 1585
f 1310 1312 1587
f 1255 1280 1310
f 1280 1585 1311
f 1311 1310 1280
f 1263 1264 1585
f 1585 1262 1263
f 1280 1262 1585
f 1347 1350 1423
f 1616 1443 1442
f 1439 1438 1508
f 1432 1431 1552
f 1437 1530 1509
f 1438 1509 1508
f 1431 1562 1553
f 1552 1561 1432
f 1437 1435 1530
f 1508 1593 1440
f 1426 1582 1581
f 1429 1428 1579
f 1433 1531 1520
f 1435 1434 1517
f 1440 1439 1508
f 1350 1426 1425
f 1426 1350 1572
f 1581 1428 1427
f 1579 1563 1429
f 1430 1555 1554
f 1430 1554 1562
f 1581 1427 1426
f 1553 1552 1431
f 1520 1434 1433
f 1434 1520 1519
f 1571 1579 1428
f 1429 1563 1564
f 1562 1431 1430
f 1432 1561 1531
f 1425 1423 1350
f 1581 1580 1428
f 1564 1555 1429
f 1433 1432 1531
f 1517 1530 1435
f 1555 1430 1429
f 1519 1517 1434
f 1442 1440 1593
f 1376 1560 1559
f 1559 1589 1376
f 1376 1548 1560
f 1589 1546 1545
f 1559 1546 1589
f 1374 1561 1375
f 1380 1532 1524
f 1550 1549 1376
f 1545 1558 1589
f 1380 1533 1532
f 1376 1375 1550
f 1589 1377 1376
f 1374 1522 1531
f 1374 1531 1561
f 1533 1380 1379
f 1380 1523 1522
f 1591 1533 1379
f 1590 1381 1377
f 1378 1381 1590
f 1590 1591 1378
f 1379 1378 1591
f 1267 1351 1346
f 1346 1268 1267
f 1349 1293 1270
f 1269 1349 1292
f 1346 1269 1268
f 1273 1604 1601
f 1602 1605 1272
f 1601 1603 1273
f 1273 1272 1604
f 1272 1606 1602
f 1295 1271 1606
f 1606 1272 1295
f 1607 1604 1272
f 1605 1607 1272
f 1271 1294 1606
f 1294 1271 1608
f 1271 1293 1608
f 1296 1273 1603
f 1603 1297 1296
f 1293 1610 1608
f 1349 1348 1611
f 1348 1612 1614
f 1612 1348 1347
f 1348 1614 1611
f 1421 1443 1597
f 1421 1597 1600
f 1600 1613 1422
f 1422 1421 1600
f 1352 1351 1266
f 1416 1411 1593
f 1411 1615 1616
f 1411 1410 1615
f 1620 1297 1621
f 1621 1619 1620
f 1628 1621 1297
f 1622 1617 1410
f 1410 1409 1622
f 1414 1275 1299
f 1298 1409 1414
f 1414 1300 1275
f 1414 1299 1298
f 1274 1620 1409
f 1276 1275 1300
f 1300 1415 1276
f 1301 1276 1413
f 1413 1412 1301
f 1411 1616 1593
f 1351 1267 1266
f 1377 1589 1590
f 1442 1593 1616
f 1423 1613 1347
f 1264 1279 1585
f 1220 1247 1290
f 1528 1594 1304
f 1303 1304 1594
f 1317 1249 1302
f 1324 1592 1282
f 1307 1588 1286
f 1526 1533 1594
f 1503 1509 1530
f 1204 1199 1235
f 1208 1588 1592
f 1586 1588 1587
f 1279 1588 1586
f 1279 1586 1585
f 1596 1595 1623
f 1596 1623 1624
f 1597 1443 1626
f 1443 1616 1627
f 1409 1618 1619
f 1618 1620 1619
f 1297 1603 1628
f 1601 1628 1603
f 1619 1622 1409
f 1615 1627 1616
f 1627 1626 1443
f 1595 1399 1629
f 1595 1629 1625
f 1625 1623 1595
f 1399 1595 1598
f 1624 1625 1630
f 1596 1630 1393
f 1393 1599 1596
f 1630 1596 1624
f 1625 1624 1623
f 1606 1294 1631
f 1293 1609 1632
f 1609 1349 1611
f 1611 1614 1633
f 1614 1612 1634
f 1612 1613 1634
f 1613 1600 1634
f 1634 1633 1614
f 1611 1632 1609
f 1632 1610 1293
f 1608 1631 1294
f 1631 1602 1606
f 1399 1400 1629
f 1635 1399 1598
f 1397 1635 1597
f 1636 1397 1627
f 1397 1636 1616
f 1637 1397 1627
f 1407 1637 1617
f 1406 1407 1619
f 1404 1406 1619
f 1403 1404 1628
f 1402 1403 1628
f 1628 1601 1402
f 1621 1628 1404
f 1619 1621 1404
f 1622 1619 1407
f 1617 1622 1407
f 1615 1617 1637
f 1627 1615 1637
f 1616 1627 1397
f 1627 1616 1636
f 1626 1627 1397
f 1597 1626 1397
f 1598 1597 1635
f 1630 1625 1392
f 1630 1392 1393
f 1389 1390 1631
f 1387 1389 1608
f 1386 1387 1632
f 1638 1386 1611
f 1384 1638 1611
f 1639 1384 1634
f 1384 1639 1612
f 1394 1384 1634
f 1640 1394 1634
f 1393 1640 1600
f 1600 1599 1393
f 1634 1600 1640
f 1612 1634 1384
f 1634 1612 1639
f 1633 1634 1384
f 1611 1633 1384
f 1632 1611 1386
f 1610 1632 1387
f 1608 1610 1387
f 1631 1608 1389
f 1602 1631 1390
f 1405 1406 1404
f 1601 1641 1402
f 1601 1604 1642
f 1604 1607 1605
f 1605 1643 1604
f 1643 1642 1604
f 1644 1641 1601
f 1645 1644 1643
f 1646 1645 1605
f 1643 1605 1645
f 1642 1643 1644
f 1601 1642 1644
f 1391 1392 1400
f 1400 1401 1645
f 1635 1397 1399
f 1645 1646 1400
f 1391 1400 1646
f 1393 1394 1640
f 1644 1645 1401
f 1402 1641 1401
f 1391 1646 1390
f 1641 1644 1401
f 1638 1384 1386
f 1646 1605 1602
f 1602 1390 1646
f 1387 1388 1389
f 1648 1649 1647
f 1649 1650 1647
f 1650 1651 1647
f 1651 1652 1647
f 1652 1653 1647
f 1653 1654 1647
f 1654 1655 1647
f 1655 1648 1647
f 1656 1652 1651
f 1657 1651 1650
f 1658 1650 1649
f 1659 1649 1648
f 1660 1648 1655
f 1661 1655 1654
f 1662 1654 1653
f 1663 1653 1652
f 1652 1656 1663
f 1653 1663 1662
f 1654 1662 1661
f 1655 1661 1660
f 1648 1660 1659
f 1649 1659 1658
f 1650 1658 1657
f 1651 1657 1656
f 1660 1661 1664
f 1661 1662 1664
f 1662 1663 1664
f 1663 1656 1664
f 1656 1657 1664
f 1657 1658 1664
f 1658 1659 1664
f 1659 1660 1664
f 1666 1667 1665
f 1667 1668 1665
f 1668 1669 1665
f 1669 1670 1665
f 1670 1671 1665
f 1671 1672 1665
f 1672 1673 1665
f 1673 1666 1665
f 1674 1670 1669
f 1675 1669 1668
f 1676 1668 1667
f 1677 1667 1666
f 1678 1666 1673
f 1679 1673 1672
f 1680 1672 1671
f 1681 1671 1670
f 1670 1674 1681
f 1671 1681 1680
f 1672 1680 1679
f 1673 1679 1678
f 1666 1678 1677
f 1667 1677 1676
f 1668 1676 1675
f 1669 1675 1674
f 1678 1679 1682
f 1679 1680 1682
f 1680 1681 1682
f 1681 1674 1682
f 1674 1675 1682
f 1675 1676 1682
f 1676 1677 1682
f 1677 1678 1682
f 1684 1685 1683
f 1685 1686 1683
f 1686 1687 1683
f 1687 1688 1683
f 1688 1689 1683
f 1689 1690 1683
f 1690 1691 1683
f 1691 1684 1683
f 1692 1688 1687
f 1693 1687 1686
f 1694 1686 1685
f 1695 1685 1684
f 1696 1684 1691
f 1697 1691 1690
f 1698 1690 1689
f 1699 1689 1688
f 1688 1692 1699
f 1689 1699 1698
f 1690 1698 1697
f 1691 1697 1696
f 1684 1696 1695
f 1685 1695 1694
f 1686 1694 1693
f 1687 1693 1692
f 1696 1697 1700
f 1697 1698 1700
f 1698 1699 1700
f 1699 1692 1700
f 1692 1693 1700
f 1693 1694 1700
f 1694 1695 1700
f 1695 1696 1700

